id,source,parent_id,translation_source_id,subject,body_excerpt,raw_label,linked_parent_label,linked_parent_source,linked_parent_label_provenance,linked_parent_confidence,parent_link_status,evidence_group,triggered_rules,proposed_label,proposal_confidence,human_decision,human_note,label_provenance
data_vi:570,data_vi,,,,Chủ thể: . jif .,1,,,,,,ambiguous,,exclude,high,,,excluded_low_information_content
data_vi:1041,data_vi,,,,"Chủ đề: các giao dịch trái phép trên tài khoản của bạn sẽ cập nhật tài khoản của bạn. Chúng tôi rất tiếc phải thông báo với bạn rằng tài khoản của bạn tại eBay có thể bị đình chỉ nếu bạn không cập nhật thông tin thanh toán của mình. để giải quyết vấn đề này, vui lòng nhấp vào đây và đăng nhập vào tài khoản của bạn để giải quyết quá trình cập nhật. nếu thông tin tài khoản của bạn không được cập nhật, khả năng truy cập ebay của bạn sẽ bị hạn chế. Theo thỏa thuận người dùng, chúng tôi có thể đưa ra",1,,,,,,account_impersonation,product_service_solicitation;promotional_call_to_action;password_or_login;account_verification;account_suspension;organization_impersonation,phishing,medium,,,translated_dataset_mixed_positive
data_vi:1107,data_vi,,,,"Chủ đề: khôi phục hỗ trợ bảo mật truy cập của bạn Chúng tôi nhận thấy rằng thông tin tài khoản của bạn cần phải được cập nhật như một phần trong cam kết liên tục của chúng tôi nhằm bảo vệ tài khoản của bạn và giảm trường hợp gian lận trên trang web của chúng tôi. chỉ cần cập nhật hồ sơ cá nhân của bạn và bạn sẽ không gặp phải bất kỳ vấn đề nào trong tương lai với dịch vụ trực tuyến. tuy nhiên , không cập nhật hồ sơ của bạn cho đến tháng bảy . Ngày 21/05/2005 tài khoản của bạn được coi là bị đình",1,,,,,,account_impersonation,marketing_language;product_service_solicitation;password_or_login;account_verification;account_suspension;organization_impersonation,phishing,medium,,,translated_dataset_mixed_positive
data_vi:1138,data_vi,,,,"Chủ đề: cảnh báo bảo mật - xác nhận thông tin ebay của bạn đình chỉ ebay cần trợ giúp? Kính gửi thành viên eBay, chúng tôi rất tiếc phải thông báo với bạn rằng tài khoản eBay của bạn đã bị đình chỉ do chúng tôi lo ngại về sự an toàn và liêm chính của cộng đồng eBay. theo thỏa thuận người dùng, phần 9, chúng tôi có thể đưa ra cảnh báo ngay lập tức, tạm thời đình chỉ, đình chỉ hoặc chấm dứt tư cách thành viên vô thời hạn và từ chối cung cấp dịch vụ của chúng tôi cho bạn nếu chúng tôi tin rằng hành",1,,,,,,account_impersonation,product_service_solicitation;account_verification;account_suspension;organization_impersonation,phishing,medium,,,translated_dataset_mixed_positive
data_vi:1176,data_vi,,,,"Chủ đề: đánh giá tài khoản paypal r thành viên paypal có giá trị thân mến: paypal cam kết duy trì một môi trường an toàn cho cộng đồng người mua và người bán của mình. Để bảo vệ tính bảo mật cho tài khoản của bạn, paypal sử dụng một số hệ thống bảo mật tiên tiến nhất trên thế giới và các nhóm chống gian lận của chúng tôi thường xuyên sàng lọc hệ thống paypal để phát hiện hoạt động bất thường. gần đây , nhóm xem xét tài khoản của chúng tôi đã xác định được một số hoạt động bất thường trong tài kh",1,,,,,,account_impersonation,commercial_offer;password_or_login;account_suspension;organization_impersonation,phishing,medium,,,translated_dataset_mixed_positive
data_vi:1191,data_vi,,,,"Chủ đề: lời chào từ bạn. Một . Xin chào bạn thân mến, trước khi tự giới thiệu, tôi muốn thông báo với bạn rằng lá thư này không phải là một lá thư lừa bịp và tôi mong bạn hãy xem nó một cách nghiêm túc. Tôi là giám đốc bộ phận mua sắm của Bộ dầu mỏ và tài nguyên khoáng sản ở Các Tiểu vương quốc Ả Rập Thống nhất. tôi đã nhận được email của bạn trong khi tìm kiếm một người đáng tin cậy, người có thể hỗ trợ tôi nhận chuyển khoản tiền được cho là hợp đồng. nguồn vốn này là kết quả của số tiền trao h",1,,,,,,account_impersonation,commercial_offer;urgent_security_action;organization_impersonation;financial_information_request,phishing,medium,,,translated_dataset_mixed_positive
data_vi:120,data_vi,,,,"Chủ đề: thông báo từ Sky Bank # 6521 - 320719 - 9595 - 6540595 người dùng Sky Online Banking, chúng tôi nhận thấy rất nhiều lần đăng nhập không thành công vào tài khoản ngân hàng trực tuyến Youe Sky. trong tình huống này , chúng tôi đã phải vô hiệu hóa quyền truy cập tài khoản của bạn . điều đó có nghĩa là chúng tôi đã chặn mọi quyền truy cập của tôi vào tài khoản trực tuyến của bạn. để bỏ chặn tài khoản của bạn, vui lòng nhấp vào đây hoặc nhấp vào liên kết và hoàn tất quy trình xác minh cũng nh",1,,,,,,account_impersonation,promotional_call_to_action;password_or_login;account_verification;account_suspension;urgent_security_action;organization_impersonation;financial_information_request,phishing,medium,,,translated_dataset_mixed_positive
data_vi:1299,data_vi,,,,"Chủ đề: thông báo của ebay - tài khoản ebay của bạn đã bị đánh cắp! cập nhật thông tin tài khoản của bạn trong vòng 24 giờ, thành viên ebay có giá trị, theo chính sách trang web của chúng tôi, bạn sẽ phải xác nhận rằng bạn là chủ sở hữu thực sự của tài khoản ebay bằng cách hoàn thành biểu mẫu sau nếu không tài khoản của bạn sẽ bị đình chỉ trong vòng 24 giờ để điều tra. không bao giờ chia sẻ mật khẩu ebay của bạn cho bất cứ ai! thiết lập bằng chứng nhận dạng của bạn bằng xác minh id (miễn phí) - ",1,,,,,,account_impersonation,product_service_solicitation;promotional_call_to_action;password_or_login;account_suspension;organization_impersonation,phishing,medium,,,translated_dataset_mixed_positive
data_vi:16,data_vi,,,,"Chủ đề: thông báo fpa: trình bày sai danh tính của ebay - đình chỉ người dùng - phần 9 - thành viên ebay thân mến, trong nỗ lực bảo vệ an ninh tài khoản ebay của bạn, chúng tôi đã đình chỉ tài khoản của bạn cho đến khi tài khoản có thể được khôi phục an toàn cho bạn. chúng tôi đã thực hiện hành động này vì tài khoản của bạn có thể đã bị xâm phạm . mặc dù chúng tôi không thể tiết lộ các thủ tục điều tra dẫn đến kết luận này nhưng xin lưu ý rằng chúng tôi thực hiện hành động này để duy trì sự an t",1,,,,,,account_impersonation,account_suspension;organization_impersonation,phishing,medium,,,translated_dataset_mixed_positive
data_vi:179,data_vi,,,,"Chủ đề: không được phép truy cập thêm vào tài khoản của bạn, khách hàng thân mến của ngân hàng lasalle, email này nhằm thông báo cho bạn rằng chúng tôi phải chặn quyền truy cập tài khoản ngân hàng lasalle của bạn vì chúng tôi đã được thông báo rằng tài khoản của bạn có thể đã bị xâm phạm bởi các bên bên ngoài. các điều khoản và điều kiện của chúng tôi mà bạn đã đồng ý nêu rõ rằng tài khoản của bạn phải luôn nằm trong tầm kiểm soát của bạn hoặc những tài khoản mà bạn chỉ định vào mọi lúc . chúng ",1,,,,,,account_impersonation,account_verification;organization_impersonation;financial_information_request,phishing,medium,,,translated_dataset_mixed_positive
data_vi:483,data_vi,,,,"Chủ đề: bạn đã thêm thành công địa chỉ email mới, cập nhật tài khoản của bạn, thưa quý khách hàng, chúng tôi rất tiếc phải thông báo với bạn rằng tài khoản của bạn tại eBay có thể bị đình chỉ nếu bạn không cập nhật thông tin thanh toán của mình. để giải quyết vấn đề này, vui lòng nhấp vào đây và đăng nhập vào tài khoản của bạn để giải quyết quá trình cập nhật. nếu thông tin tài khoản của bạn không được cập nhật, khả năng truy cập ebay của bạn sẽ bị hạn chế. theo thỏa thuận người dùng, chúng tôi ",1,,,,,,account_impersonation,product_service_solicitation;promotional_call_to_action;password_or_login;account_verification;account_suspension;organization_impersonation,phishing,medium,,,translated_dataset_mixed_positive
data_vi:598,data_vi,,,,"Chủ đề: tin nhắn bảo mật trực tuyến của ngân hàng Fulton kính gửi khách hàng của ngân hàng Fulton gần đây đã có một số lượng lớn các nỗ lực đánh cắp danh tính nhắm vào khách hàng của chúng tôi. để bảo vệ tài khoản của bạn, chúng tôi yêu cầu bạn xác nhận chi tiết ngân hàng của mình. quá trình này là bắt buộc và nếu không được hoàn thành trong thời gian gần nhất thì tài khoản hoặc thẻ tín dụng của bạn có thể bị đình chỉ tạm thời. để xác nhận chi tiết tài khoản ngân hàng Fulton của bạn một cách an ",1,,,,,,account_impersonation,account_suspension;organization_impersonation;financial_information_request,phishing,medium,,,translated_dataset_mixed_positive
data_vi:62,data_vi,,,,"Chủ đề: hợp tác Mr. Edward Moko 18 Đóng cửa độc lập, Johannesburg, Nam Phi. thưa ông / bà, chúng tôi muốn chuyển ra nước ngoài số tiền 84,2 triệu đô la Mỹ ( u .s . $ 84 . 2 . 000 . 000 . 00 ) từ một ngân hàng ở Châu Phi . Tôi muốn đề nghị bạn vui lòng tìm một người đáng tin cậy và trung thực, người có đủ khả năng và phù hợp để cung cấp tài khoản ngân hàng hiện tại hoặc lập tài khoản ngân hàng mới ngay lập tức để nhận số tiền này, mặc dù tài khoản ngân hàng trống có thể phục vụ mục đích này. miễn",1,,,,,,account_impersonation,commercial_offer;product_service_solicitation;urgent_security_action;organization_impersonation;financial_information_request;large_fund_bait;inheritance_or_deceased,phishing,medium,,,translated_dataset_mixed_positive
data_vi:676,data_vi,,,,"Chủ đề: * * tài khoản của bạn có thể bị đình chỉ * * thành viên paypal thân mến, bạn đã nhận được email này như một phần của chiến dịch paypal đã được xác minh nhằm tăng cường bảo mật cho thẻ tín dụng của bạn trước gian lận thẻ tín dụng trực tuyến. Paypal đã xác minh đã phát hiện ra rằng bạn đã sử dụng địa chỉ email này để mua hàng trực tuyến và để bảo vệ bạn khỏi gian lận thẻ tín dụng trực tuyến, chúng tôi muốn giới thiệu cho bạn một hệ thống mới sẽ bảo vệ bạn khỏi gian lận. bạn có thể liên kết",1,,,,,,account_impersonation,commercial_offer;password_or_login;account_suspension;organization_impersonation,phishing,medium,,,translated_dataset_mixed_positive
data_vi:1209,data_vi,,,,"Chủ đề: hợp tác kinh doanh ( khẩn cấp / bí mật ) mr . Vincent Nnaji, Ngân hàng Standard Trust, Lagos, Nigeria. thưa ngài, tôi là ngài. Vincent nnaji, giám đốc ngân hàng của Standard Trust Bank, Lagos, Nigeria. tôi có đề xuất kinh doanh khẩn cấp và rất bí mật dành cho bạn. vào ngày 6 tháng 1 năm 1998, một nhà thầu nước ngoài tư vấn dầu khí nước ngoài cho tập đoàn dầu khí quốc gia Nigeria, ông. James Herbert đã gửi một khoản tiền gửi cố định có kỳ hạn trong 12 tháng dương lịch trị giá 20 triệu đô ",1,,,,,,advance_fee_fraud,organization_impersonation;large_fund_bait;inheritance_or_deceased,review,medium,,,translated_dataset_mixed_positive
data_vi:1266,data_vi,,,,"Tiêu đề: cần câu trả lời gấp từ : mr . xin chào người Mỹ. Xin gửi lời cảm ơn tới ngài, đánh giá cao sự liên hệ quý báu của ngài thông qua một nguồn đáng tin cậy, trước hết, tôi muốn giới thiệu bản thân với ngài, tôi là ông Usman Bello. con trai duy nhất còn sống của cố bác sĩ. Mustapha Bello là một trong những người đã giúp đỡ cựu lãnh đạo Iraq của đất nước tôi trước khi ông ấy bị giết trong một cuộc chiến ở đất nước tôi. tôi biết rằng lá thư này sẽ đến với bạn như một điều bất ngờ nhưng thật lò",1,,,,,,advance_fee_fraud,large_fund_bait;inheritance_or_deceased,review,medium,,,translated_dataset_mixed_positive
data_vi:388,data_vi,,,,"Chủ đề: từ bà . Fatima Rasheed thân yêu. tôi là bà Fatima Rasheed Khalifa là góa phụ của cố Sheikh Mohammed Rasheed Khalifa 54 tuổi. Hiện tại tôi đang bị ung thư vú đã lâu do mọi dấu hiệu cho thấy tình trạng của tôi đang thực sự xấu đi vì điều kiện không phù hợp ở đất nước tôi đã từ chối chăm sóc y tế thích hợp cho tôi. Người chồng quá cố của tôi đã bị giết trong cuộc xâm lược của lực lượng liên quân Mỹ và Anh ở Iraq và trong suốt thời gian chung sống của chúng tôi, chúng tôi không thể sinh được",1,,,,,,advance_fee_fraud,large_fund_bait;inheritance_or_deceased,review,medium,,,translated_dataset_mixed_positive
data_vi:437,data_vi,,,,"Chủ đề: một tiếng kêu cứu bạn thân mến, tôi là bà . sese - seko góa phụ của cố tổng thống mobutu sese - seko of zaire ? hiện nay được gọi là Cộng hòa Dân chủ Congo ( DRC ). Tôi rất xúc động khi viết cho bạn bức thư này, đây là sự tự tin khi xem xét hoàn cảnh của tôi. tôi đã trốn thoát cùng chồng và hai đứa con trai của chúng tôi là George Kongolo và Basher ra khỏi nước cộng hòa dân chủ Congo ( DRC ) đến Abidjan , Cote d' Ivoire nơi tôi và gia đình định cư, trong khi sau đó chúng tôi chuyển đến đ",1,,,,,,advance_fee_fraud,commercial_offer;product_service_solicitation;large_fund_bait;inheritance_or_deceased,review,medium,,,translated_dataset_mixed_positive
data_vi:507,data_vi,,,,"Chủ đề: từ David Wood London ( citibank ) thư từ David Wood ( London ) lời chào , tôi là David Wood giám đốc ngân hàng Citibank 332 Oxford Street , London wln 9 aa . tôi có đề xuất kinh doanh khẩn cấp và rất bí mật dành cho bạn. Vào ngày 6 tháng 6 năm 1997, một nhà tư vấn/nhà thầu dầu khí nước ngoài của Iraq với Tập đoàn Dầu khí Anh, ông. haffez al sadique . thực hiện theo số lần (tiền gửi cố định) trong 36 tháng dương lịch, trị giá 20.500.000 đô la Mỹ. 00 ( chỉ hai mươi chín triệu năm trăm nghì",1,,,,,,advance_fee_fraud,organization_impersonation;large_fund_bait;inheritance_or_deceased,review,medium,,,translated_dataset_mixed_positive
data_vi:565,data_vi,,,,"Chủ đề: tài sản của luật sư người thân quá cố của bạn Usman Bello và các cộng sự 114 awolowo way đảo Victoria lagos - nigeria email riêng: u - bello - committe 2005 @ il 2 . Điện thoại com: 234 - 1 - 4772236 Điện thoại di động: 234 - 80 - 23023834 Chú ý: tôi là luật sư Usman Bello, luật sư riêng của ông. engr . Smith, một công dân của đất nước bạn, người đã từng làm việc với công ty dầu khí zenon ở Tây Phi sau này, sẽ được coi là khách hàng của tôi. khách hàng của tôi cùng toàn bộ gia đình (vợ v",1,,,,,,advance_fee_fraud,organization_impersonation;large_fund_bait;inheritance_or_deceased,review,medium,,,translated_dataset_mixed_positive
data_vi:660,data_vi,,,,"Chủ đề: yêu cầu hỗ trợ luật sư adewale phòng coker hành nghề pháp lý / công chứng viên blk 804 - tòa nhà luật lagos - nigeria. vì sự quan tâm tử tế của bạn , yêu cầu sự giúp đỡ Tôi rất hân hạnh được viết cho bạn bức thư này bất kể thực tế là bạn không biết tôi . tuy nhiên, tôi đang tìm kiếm một người đáng tin cậy và đáng tin cậy có thể xử lý một giao dịch bí mật có tính chất này. Tôi là luật sư Adewale Coker, một luật sư của gia đình dưới thời cai trị quân sự trước đây của chúng ta, tướng Sani A",1,,,,,,advance_fee_fraud,large_fund_bait;inheritance_or_deceased;confidential_transfer_proposal,review,medium,,,translated_dataset_mixed_positive
data_vi:720,data_vi,,,,"+ CT: Tôi cần sự giúp đỡ của ông, thưa ông, trước những khó khăn và vấn đề của tôi ở đất nước này, tôi rất vui mừng đã tìm được một người như ông mà tôi có thể tâm sự hay ít nhất là nói chuyện. Tên tôi là Stella Johnson, một thành phố tự do, Sierra Leone. tôi ở đây ở Senegal với tư cách là người tị nạn. tôi đến đây một năm trước vào thời kỳ đỉnh điểm của cuộc khủng hoảng quốc gia (nội chiến) cha tôi, Johnson là một quân nhân trong trại nổi dậy. Trong thời gian phục vụ trong quân đội, ông đã gửi ",1,,,,,,advance_fee_fraud,large_fund_bait;inheritance_or_deceased,review,medium,,,translated_dataset_mixed_positive
data_vi:765,data_vi,,,,"Chủ đề: [ ilug ] ngân hàng trung ương kinh doanh của Nigeria phòng chuyển tiền nước ngoài . quảng trường tinubu, email lagos nigeria - smith _ j @ mailsurf. com ngày 23 tháng 8 năm 2002 attn : chủ tịch / giám đốc điều hành đề xuất kinh doanh riêng tư tôi là ông . Johnson S. abu , giám đốc hối phiếu và hối đoái tại bộ phận chuyển tiền nước ngoài của ngân hàng trung ương Nigeria . tôi viết cho bạn lá thư này để yêu cầu sự hỗ trợ và hợp tác của bạn để thực hiện cơ hội kinh doanh này trong bộ phận c",1,,,,,,advance_fee_fraud,large_fund_bait;inheritance_or_deceased,review,medium,,,translated_dataset_mixed_positive
data_vi:842,data_vi,,,,"Chủ đề: Xin ông giúp đỡ, thưa ngài, tôi là bà Mariam Abacha, vợ của cố nguyên thủ quốc gia Nigeria, tướng Sani Abacha, người đã qua đời vào ngày 8 tháng 6 năm 1998 khi vẫn đang tại ngũ. Tôi liên hệ với bạn vì thực tế là chúng ta sẽ hỗ trợ rất nhiều cho nhau cũng như phát triển mối quan hệ thân mật. Tôi hiện có trong tầm tay số tiền ba mươi sáu triệu đô la Mỹ (36.000.000 đô la Mỹ) tiền mặt mà tôi dự định sử dụng cho mục đích đầu tư đặc biệt ở quốc gia của bạn. số tiền này là kết quả của một hợp đ",1,,,,,,advance_fee_fraud,product_service_solicitation;financial_information_request;large_fund_bait;inheritance_or_deceased,review,medium,,,translated_dataset_mixed_positive
data_vi:10,data_vi,,,,"Chủ đề: không thể gửi được : kinh doanh tại nhà cho người lớn Chủ đề tin nhắn của bạn : kinh doanh tại nhà cho người lớn đã gửi : sun , 21 tháng 1 năm 2001 09 : 24 : 27 + 0100 không đến được người nhận sau ( s ): 75 @ tfi . kpn . com vào thứ hai, 25 tháng 2 năm 2002 13 : 32 : 23 + 0100 tên người nhận không được nhận dạng mts - id của tin nhắn gốc là : c = us ; một = ; p = ptt viễn thông; l = mtpi 70590202251232 fjt 4 d 8 q 5 msexch : ims : kpn - Telecom : i : mtpi 7059 0 ( 000 co 5 a 6 ) không x",1,,,,,,ambiguous,,review,low,,,translated_dataset_mixed_positive
data_vi:1002,data_vi,,,,Chủ đề: tiết kiệm tiền mua thứ này ở đây bạn chưa thử cials à? bạn thậm chí không thể tưởng tượng được cảm giác trở thành một người đàn ông thực sự trên giường là như thế nào! vấn đề là một lỗi tuyệt vời sẽ được cung cấp cho bạn chính xác khi bạn muốn. ciails có nhiều ưu điểm hơn viaqra - tác dụng kéo dài 36 giờ! - bạn đã sẵn sàng bắt đầu chỉ trong vòng 10 phút! - bạn có thể trộn nó với rượu aicohol! chúng tôi gửi đến bất kỳ nước nào! hiểu ngay bây giờ! .,1,,,,,,ambiguous,commercial_offer,review,low,,,translated_dataset_mixed_positive
data_vi:1004,data_vi,,,,"Chủ đề: từ thương hiệu đến thuốc generic, từ chi tiêu quá mức đến tiết kiệm lớn. vings . với ngân sách eo hẹp, bạn có thể đạt được những biện pháp giảm nhẹ hiệu quả không? có rất nhiều cách để giúp bạn. yêu cầu các phương pháp chữa bệnh có chất lượng đối với các cơn đau từ nhẹ đến nặng, rối loạn giấc ngủ, sợ hãi nam giới, sợ hãi phụ nữ, quá tải hoặc các phiền não khác? khám phá những dịch vụ tốt nhất. medzone của chúng tôi có tùy chọn tốt hơn cho sh . phản đối . với phạm vi tương đương chung của",1,,,,,,ambiguous,product_service_solicitation,review,low,,,translated_dataset_mixed_positive
data_vi:1008,data_vi,,,,Chủ đề: đừng chấp nhận ít hơn một chiếc Rolex. Rolex thủ công của Ý từ $ 75 đến $ 275 - giao hàng miễn phí http : // tân trang . chết tiệt. com / repli / dir / thật dễ dàng để dũng cảm từ một khoảng cách an toàn . vô số sách đang làm cho chúng ta ngu dốt. thà ghen tị còn hơn đáng thương. không con chim nào có thể bay quá cao nếu nó bay bằng chính đôi cánh của mình.,1,,,,,,ambiguous,,review,low,,,translated_dataset_mixed_positive
data_vi:1009,data_vi,,,,"Chủ đề: ke cuộc thi đua mùa xuân sòng bạc : ) fre : rpvnltb chào mừng đến với ms @ casino - một cuộc cách mạng trong trò chơi điện tử ! ms @ casino thiết lập một bước ngoặt trong lịch sử sòng bạc bằng cách cho phép người chơi trên toàn thế giới chơi với tư cách là người chia bài, do đó nhận được một số tỷ lệ cược có lợi nhất thường dành cho sòng bạc. ms@casino cung cấp các trò chơi phổ biến, bao gồm black-jack, roulette, máy đánh bạc và video poker, tất cả đều có đồ họa và âm thanh chưa từng có.",1,,,,,,ambiguous,financial_information_request,review,low,,,translated_dataset_mixed_positive
data_vi:101,data_vi,,,,Chủ đề: tiết kiệm tiền mua thứ này ở đây bạn chưa thử cials à? bạn thậm chí không thể tưởng tượng được cảm giác trở thành một người đàn ông thực sự trên giường là như thế nào! vấn đề là một lỗi tuyệt vời sẽ được cung cấp cho bạn chính xác khi bạn muốn. ciiis có rất nhiều ưu điểm so với viaqra - hiệu quả kéo dài 36 giờ! - bạn đã sẵn sàng bắt đầu chỉ trong vòng 10 phút! - bạn có thể trộn nó với rượu! chúng tôi gửi đến bất kỳ nước nào! hiểu ngay bây giờ! .,1,,,,,,ambiguous,commercial_offer,review,low,,,translated_dataset_mixed_positive
data_vi:1011,data_vi,,,,"Chủ đề: phần mềm được bản địa hóa, có sẵn tất cả các ngôn ngữ. xin chào, chúng tôi muốn cung cấp các phiên bản phần mềm được bản địa hóa (tiếng Đức, tiếng Pháp, tiếng Tây Ban Nha, tiếng Anh và nhiều phiên bản khác). tất cả phần mềm được liệt kê đều có sẵn để tải xuống ngay lập tức! không cần phải đợi 2 - 3 tuần để nhận được cd! chỉ một vài ví dụ: - norton lnternet security pro 2005 - $ 29. 95 - windows xp professional với phiên bản sp 2 Fuli - $59 . Bộ đồ họa vẽ 95-corei 12 - $49. 95 - dreamweav",1,,,,,,ambiguous,product_service_solicitation;urgent_security_action,review,low,,,translated_dataset_mixed_positive
data_vi:1012,data_vi,,,,"Chủ đề: chống lão hóa hiệu quả. không còn tiêm botox nữa, không còn những đợt tiêm botox đau đớn nữa. . . chúng tôi có kem thay thế botox là stokc ! đây cũng chính là loại kem được những người nổi tiếng trên toàn thế giới sử dụng để thay thế việc tiêm botox. Tom Cruise, Gisele Bundchen, Britney Spears, Nicole Kidman. . . bạn là một người xinh đẹp , bạn dùng kem đắt tiền , thậm chí có thể bạn dùng kem của chúng tôi . . . nhưng ở đây bạn có thể seva 70%. vì thế, hãy chấm dứt nỗi đau ngay bây giờ! ",1,,,,,,ambiguous,,review,low,,,translated_dataset_mixed_positive
data_vi:1013,data_vi,,,,"Chủ đề: bạn không làm tôi hài lòng khi cho rằng một người đàn ông có chiếc búa 7 - 8"" đơn giản được trang bị tốt hơn một người có chiếc búa 5 - 6"". bạn muốn có nhiều hơn đủ để hoàn thành công việc hay bị thiếu hụt . điều đó hoàn toàn tùy thuộc vào bạn. các phương pháp của chúng tôi đảm bảo sẽ tăng kích thước của bạn lên 1 - 3 "", hãy nhập vào đây và xem cách thực hiện",1,,,,,,ambiguous,,review,low,,,translated_dataset_mixed_positive
data_vi:1014,data_vi,,,,"Chủ đề: đơn đăng ký đã được chấp nhận. xác nhận kết quả chúng tôi đã cố gắng liên hệ với bạn vào tuần trước về việc tái cấp vốn cho ngôi nhà của bạn với lãi suất thấp hơn. tôi muốn thông báo cho bạn biết rằng bạn đã được phê duyệt trước. đây là kết quả : * id tài khoản : [ 698 - 184 ] * số tiền thương lượng : $ 125 , 063 đến $ 692 , 879 * tỷ lệ : 3 . 40 % - 5 . 33% vui lòng điền vào mẫu đơn nhanh này và chúng tôi sẽ cử nhân viên môi giới liên hệ với bạn trong thời gian sớm nhất. Trân trọng, Adol",1,,,,,,ambiguous,,review,low,,,translated_dataset_mixed_positive
data_vi:1015,data_vi,,,,Chủ đề: hoạt động tốt muốn biết cách tiết kiệm hơn 60% số tiền của bạn? http : // ww được làm mịn w . trung tâm . com - cách thành công và đã được chứng minh là có thể sống được để định giá tiền của bạn. tuberculin v a vermouth g hạ sĩ tất cả l vòng tròn u jailbird l r wellboring a ostrogoth cl descale isva verity l nghiên cứu m và nhiều thứ khác. b còn sót lại est prlces . chất lượng cao không bị hư hỏng. trên toàn thế giới shlppln inferno g . hoàn toàn tự tin. 250. 000 + khách hàng hài lòng về,1,,,,,,ambiguous,,review,low,,,translated_dataset_mixed_positive
data_vi:1017,data_vi,,,,"Chủ đề: thông báo lỗi xin chào. đây là chương trình qmail-gửi tại Bouncehost. tôi e rằng tôi không thể gửi tin nhắn của bạn đến các địa chỉ sau. Đây là một lỗi vĩnh viễn ; Tôi đã bỏ cuộc . xin lỗi nó đã không thành công : xin lỗi , ở đây không có hộp thư nào có tên đó . vpopmail ( #5 . 1 . 1 ) - - - kèm theo là tiêu đề gốc của thư .",1,,,,,,ambiguous,,review,low,,,translated_dataset_mixed_positive
data_vi:1018,data_vi,,,,"Chủ đề: thư bị trả lại : xem bản ghi để biết chi tiết thư gốc được nhận vào thứ ba, ngày 19 tháng 7 năm 2005 12 : 57 : 50 + 0200 từ [ 218 . 159 . 229 . 14 ] - - - - - các địa chỉ sau có lỗi nghiêm trọng vĩnh viễn - - - - - - - - - - bản ghi của phiên sau - - - - - 554 5 . 0 . 0 tên người dùng hoặc bí danh không xác định 550 5 . 1 . 1 . . . người dùng không xác định",1,,,,,,ambiguous,,review,low,,,translated_dataset_mixed_positive
data_vi:102,data_vi,,,,"Chủ đề: re : bác sĩ đã phê duyệt viên thuốc LGW một người đàn ông có chiếc búa 7 - 8"" đơn giản là được trang bị tốt hơn một người có chiếc búa 5 - 6"". bạn muốn có nhiều hơn đủ để hoàn thành công việc hay thiếu hụt . điều đó hoàn toàn tùy thuộc vào bạn. các phương pháp của chúng tôi đảm bảo sẽ tăng kích thước của bạn lên 1 - 3 "" hãy vào đây và xem cách - - - - sf này . email mạng được tài trợ bởi : thinkgeek chào mừng bạn đến với thiên đường đam mê . http : / / thinkgeek . com / sf spamassassin -",1,,,,,,ambiguous,product_service_solicitation,review,low,,,translated_dataset_mixed_positive
data_vi:1020,data_vi,,,,"Chủ đề: cửa hàng tab tình yêu mới. hãy ghé thăm cửa hàng kéo trực tuyến được cấp phép của chúng tôi để có những chiếc kéo tình yêu rẻ tiền nhất! viagra , ciaiis , softtabs và nhiều chất tăng cường tình yêu khác đều có trong một! hỗ trợ hoạt động, vận chuyển nhanh chóng, xử lý thanh toán an toàn và bảo mật đối tác! ciick vào đây để tìm sự xác nhận của bạn bởi bbb và được vlsa iove pil 1 phê duyệt !",1,,,,,,ambiguous,product_service_solicitation,review,low,,,translated_dataset_mixed_positive
data_vi:1022,data_vi,,,,"Chủ đề: thông báo giành giải thưởng khuyến mãi quốc gia Hà Lan. xổ số Dayzers Prime Venlo Hà Lan. www. những người hay ngủ. nl ref no : 428 / 77 / uml batch no : 46 / 304 / gma Thông báo trúng thưởng : thưa ông / bà , chúng tôi vui mừng thông báo tới quý vị buổi quay số của chương trình xổ số quốc tế Dayzers Prime được tổ chức vào ngày 11 tháng 7 năm 2005 . địa chỉ e-mail của bạn kèm theo số vé: 564 64701565 177 với số sê-ri 7288/03 đã rút ra những con số may mắn: 42 - 6 - 37 - 13 - 37 - 8, sau ",1,,,,,,ambiguous,promotion_discount;organization_impersonation;large_fund_bait;lottery_winner,review,low,,,translated_dataset_mixed_positive
data_vi:1023,data_vi,,,,Chủ đề: thông báo tăng kích thước dương vật miếng dán dương vật thật tuyệt vời http : / / www . được rồi. com / ss / những người có lòng dũng cảm và tính cách luôn có vẻ nham hiểm đối với những người còn lại . kết quả cuối cùng của lòng tốt là nó thu hút mọi người đến với bạn. động vật yêu thích của tôi là bít tết. nếu chúng ta không đuổi theo mọi thứ - đôi khi những thứ theo sau chúng ta có thể đuổi kịp. những người thành công đều rất may mắn. chỉ cần hỏi bất kỳ thất bại.,1,,,,,,ambiguous,,review,low,,,translated_dataset_mixed_positive
data_vi:1024,data_vi,,,,Chủ đề: tiết kiệm tiền mua thứ này ở đây bạn chưa thử cials à? bạn thậm chí không thể tưởng tượng được cảm giác trở thành một người đàn ông thực sự trên giường là như thế nào! vấn đề là một lỗi tuyệt vời sẽ được cung cấp cho bạn chính xác khi bạn muốn. ciiis có nhiều ưu điểm hơn viaqra - tác dụng kéo dài 36 giờ! - bạn đã sẵn sàng bắt đầu chỉ trong vòng 10 phút! - bạn có thể trộn nó với rượu! chúng tôi gửi đến bất kỳ nước nào! có được nó ngay bây giờ! .,1,,,,,,ambiguous,commercial_offer,review,low,,,translated_dataset_mixed_positive
data_vi:1025,data_vi,,,,Chủ đề: tôi nhớ bạn 24632 nếu bạn muốn những người nghiệp dư thì chúng tôi có họ. hãy xem những trang web khó tính này. thanh thiếu niên hottt trẻ! ! ! đây là những điều tốt nhất trong số những điều tốt nhất khi nói đến những người nghiệp dư. không tin tôi à? Hãy xem cho chính mình . nghiệp dư nhỏ nhắn - - - - - - - - - - - - - - - - - - - - - - tất cả các coeds chặt chẽ tự nhiên ! ! ! nghiệp dư nhỏ nhắn ngực tự nhiên ! ! video xxx nghiệp dư độc quyền! ! ! hàng trăm người mẫu nghiệp dư nhỏ nhắn ,1,,,,,,ambiguous,,review,low,,,translated_dataset_mixed_positive
data_vi:1026,data_vi,,,,"Chủ đề: phần mềm được bản địa hóa, có sẵn tất cả các ngôn ngữ. xin chào, chúng tôi muốn cung cấp các phiên bản phần mềm được bản địa hóa (qerman, tiếng Pháp, tiếng Tây Ban Nha, tiếng Anh và nhiều phiên bản khác). tất cả phần mềm được liệt kê đều có sẵn để tải xuống ngay lập tức! không cần phải đợi 2 - 3 tuần để nhận được cd! chỉ một vài bài kiểm tra: - norton internet security pro 2005 - $ 29. 95 - windows xp professional với phiên bản đầy đủ sp 2 - $59 . 95 - bộ đồ họa corel draw 12 - $49 . 95 ",1,,,,,,ambiguous,product_service_solicitation;urgent_security_action,review,low,,,translated_dataset_mixed_positive
data_vi:1027,data_vi,,,,"Chủ đề: trình bày tài trợ một cách dễ dàng thế chấp . . mức giá mà công ty chúng tôi cung cấp cho bạn là thấp nhất trong 40 năm ! nếu bạn khó tin vào điều này, hãy truy cập trang web của chúng tôi ngay bây giờ và tự mình xem nó. bạn hoàn toàn không có nghĩa vụ và cam kết nào để được hưởng lợi từ dịch vụ của chúng tôi. bằng cách sử dụng dịch vụ nhanh chóng, chuyên nghiệp của chúng tôi, bạn sẽ có cơ hội được kết nối với các nhà môi giới và người cho vay chuyên nghiệp có nhu cầu kinh doanh với bạn.",1,,,,,,ambiguous,product_service_solicitation,review,low,,,translated_dataset_mixed_positive
data_vi:1028,data_vi,,,,Chủ đề: chúng tôi đã được đánh giá là hiệu thuốc trực tuyến một cửa số 1 . nhận thuốc theo toa với giá rẻ hơn! tôn giáo thay đổi; bia và rượu vẫn còn. bạn không thể khiến một người đàn ông thất vọng nếu không ở bên anh ta. cát là số d tạo nên cuộc đời tôi .,1,,,,,,ambiguous,product_service_solicitation,review,low,,,translated_dataset_mixed_positive
data_vi:1029,data_vi,,,,"Chủ đề: muốn kiếm một triệu! ! ! ! ! ! ! ! ! ! ! ! ! ! ! ! ! ! ! ! ! ! ! ! ! ! ! ! ! ! ! ! ! ! ! ! ! ! ! ! ! ! muốn kiếm một triệu đô la trong năm nay? tôi cũng vậy nhưng có lẽ điều đó sẽ không xảy ra! tuy nhiên nếu bạn đang tìm kiếm cơ hội kiếm vài nghìn mỗi tuần, làm việc tại nhà, bằng máy tính của mình, chúng ta cần nói chuyện. nếu bạn trên 18 tuổi và là cư dân Hoa Kỳ, chỉ cần nhấp vào trả lời, gửi cho tôi tên, tiểu bang, số điện thoại đầy đủ và thời gian tốt nhất để liên hệ với bạn. cá nhân ",1,,,,,,ambiguous,large_fund_bait,review,low,,,translated_dataset_mixed_positive
data_vi:103,data_vi,,,,"Chủ đề: cho những con điếm cam này biết phải làm gì để bị loại bỏ, vui lòng nhấp vào đây hoặc chỉ cần trả lời email này. địa chỉ của bạn sẽ bị xóa và bị chặn không bao giờ được thêm lại. vui lòng cuộn xuống cuối email này để biết thêm chi tiết. tất cả các chương trình này đều đang trực tiếp! ahotsexypair gợi cảm candice sui _ lei hoang dã _ mèo azcple bạn đang chờ đợi điều gì trên thế giới này ? hãy nhấp vào ngay bây giờ và nói với bất kỳ người phụ nữ nào trong số những người phụ nữ này phải làm",1,,,,,,ambiguous,promotional_call_to_action,review,low,,,translated_dataset_mixed_positive
data_vi:1030,data_vi,,,,"Chủ đề: gây ấn tượng với cô gái của bạn bằng một màn xuất tinh khổng lồ! này! tinh dịch của bạn đã bao giờ chảy ra và bạn ước gì nó đã bắn ra ngoài chưa? Bạn đã bao giờ muốn gây ấn tượng với cô gái của mình bằng một màn xuất tinh khổng lồ chưa? spur-m là trang web duy nhất cung cấp công thức tăng cường sinh lý nam hoàn toàn tự nhiên đã được chứng minh là làm tăng lượng tinh trùng của bạn lên tới 500%. Công thức tăng cường thể tích, hiệu quả cao của chúng tôi sẽ cho kết quả sau vài ngày và đi kèm",1,,,,,,ambiguous,,review,low,,,translated_dataset_mixed_positive
data_vi:1031,data_vi,,,,"Chủ đề: hệ thống longz cải thiện đáng kể sức chịu đựng của bạn, cả viên nang và sách hướng dẫn sử dụng miễn phí, cung cấp cho bạn những cách hiệu quả nhất để đạt được mức tăng kích thước ngay lập tức và cải thiện sức mạnh cũng như sức mạnh khi cương cứng của bạn. 90% nam giới quan tâm đến việc cải thiện khả năng chịu đựng tình dục, hiệu suất và kích thước dương vật của họ. bạn có phải là một trong 90% đó không? tôi muốn cho các bạn biết rằng tôi đã thấy chiều dài tăng thêm hơn 1 inch kể từ khi t",1,,,,,,ambiguous,,review,low,,,translated_dataset_mixed_positive
data_vi:1032,data_vi,,,,"Chủ đề: miếng dán dương vật thật tuyệt vời miếng dán dương vật thật tuyệt vời http : / / www . gretan . com/ss/ai có thể tin được rằng đằng sau đôi mắt sáng ngời đó không có linh hồn ! không ai quan tâm nếu bạn nhảy không giỏi . chỉ cần đứng dậy và nhảy. không ai hạnh phúc mà không nghĩ mình như vậy. Mặc dù điều này thật điên rồ nhưng vẫn có phương pháp. Địa ngục không có ích lợi gì, chỉ có sự tra tấn.",1,,,,,,ambiguous,,review,low,,,translated_dataset_mixed_positive
data_vi:1033,data_vi,,,,"Chủ đề: rất đặc biệt xin chào, chào mừng bạn đến với dòng chữ số của pharmon blaspheme - một trong những công ty dược phẩm trực tuyến hàng đầu cho dù cal cửa hàng phantasmagoria v tercet g rencontre all l humect l l perpetuation một con nợ ra núi cl i đại diện toàn quyền sv dissert a u trecento m vàmanyother . - tiết kiệm 50% cho bộ vest - quan niệm sai lầm trên toàn thế giới - tổng số người chưa lập gia đình tự tin - hơn 5 triệu khách hàng chủ nghĩa sống còn ở 130 quốc gia có một ngày băng giá ",1,,,,,,ambiguous,,review,low,,,translated_dataset_mixed_positive
data_vi:1034,data_vi,,,,Chủ đề: thông báo trạng thái giao hàng ( thất bại ) đây là thông báo trạng thái giao hàng được tạo tự động . Giao hàng đến người nhận sau thất bại . magnus . hammar@hes . hammar. com,1,,,,,,ambiguous,,review,low,,,translated_dataset_mixed_positive
data_vi:1035,data_vi,,,,"Chủ đề: thông báo trạng thái gửi - những người nhận thư của bạn đã được xử lý bởi máy chủ thư: maubev @ aliceposta. Nó ; thất bại ; 5 . 7 . 1 ( giao hàng không được ủy quyền , tin nhắn bị từ chối ) maxdaffy @ aliceposta . Nó ; thất bại ; 5 . 7 . 1 (giao hàng không được ủy quyền, tin nhắn bị từ chối)",1,,,,,,ambiguous,,review,low,,,translated_dataset_mixed_positive
data_vi:1037,data_vi,,,,"Chủ đề: bạn không biết cách vào kết quả của công cụ tìm kiếm? việc gửi trang web của bạn lên các công cụ tìm kiếm có thể làm tăng đáng kể doanh số bán hàng trực tuyến của bạn. Nếu bạn đầu tư thời gian và tiền bạc vào trang web của mình, bạn chỉ cần gửi trang web của mình trực tuyến, nếu không nó sẽ bị invisibie virtualiy, nghĩa là nỗ lực bỏ ra vô ích. Nếu bạn muốn mọi người biết đến trang web của mình và tăng doanh thu, cách duy nhất để làm điều đó là làm cho trang web của bạn hiển thị ở những n",1,,,,,,ambiguous,commercial_offer,review,low,,,translated_dataset_mixed_positive
data_vi:1039,data_vi,,,,Chủ đề: thêm vv muốn biết h furfur ow để tiết kiệm hơn 60% tiền thuốc của bạn ? http : // w postillion ww . xin chào . com - cách thành công và đã được chứng minh để có được tàu chiến với tiền của bạn. orthographical v liquid ag a ứ đọng l l supernaculum u quần áo l concert rac docket l i groceteria sva quang phổ l cockcrow m vàmanyother. những ưu đãi về bệnh pyaemia tốt nhất. kính chất lượng cao y. ide của chiến binh thế giới. đến sự bảo mật vô hình. 2 người chưa đủ 50 tuổi. 000 + khách hàng hà,1,,,,,,ambiguous,product_service_solicitation,review,low,,,translated_dataset_mixed_positive
data_vi:1042,data_vi,,,,Chủ đề: phần mềm cd tất cả các phần mềm dưới 15$ và 99$ ! chỉ có phần mềm của chúng tôi được đảm bảo hợp pháp 100%. một vòng eo là một điều khủng khiếp để tâm trí. không thể nói đúng ý tôi được!,1,,,,,,ambiguous,product_service_solicitation,review,low,,,translated_dataset_mixed_positive
data_vi:1044,data_vi,,,,"Chủ đề: Có tất cả các phần mềm đồ họa, phiên bản OEM giá rẻ. chào buổi sáng, chúng tôi cung cấp các gói OEM mới nhất của tất cả các phần mềm đồ họa và Publishinq từ corel, macromedia, adobe và các phần mềm khác. adobe photoshop8 giá 80$ . 0 / cs $140 macromedia studio mx 2004 $120 adobe acrobat 7 . 0 chuyên nghiệp $ 150 adobe Premier pro 1 . 5 $90 corel thiết kế 10 $90 quickbooks 2004 phiên bản chuyên nghiệp $75 adobe paqemaker 7 . 0 $70 xara x vl . 1 buổi thử giọng adobe $ 75 1 . 5 $ 90 kín đáo",1,,,,,,ambiguous,product_service_solicitation,review,low,,,translated_dataset_mixed_positive
data_vi:1045,data_vi,,,,"Chủ đề: khó hơn xin chào, chào mừng bạn đến với cửa hàng dòng sản phẩm medzon hoạt bát, chúng tôi xin hân hạnh giới thiệu mình là một trong những cửa hàng phar purree maceuticai trực tuyến hàng đầu. luyện ngục v tăng cường ra một đồng nghiệp l l nitơ l la trường kỷ g một ẩm thực cl isv bột một xác nhận um và nhiều thứ khác. - tiết kiệm 75% cho thảo nguyên - tổng số thông tin không xác thực của chuồng lợn - thu thập thông tin trên toàn thế giới - hơn 5 triệu khách hàng mô hình ở 150 quốc gia có m",1,,,,,,ambiguous,product_service_solicitation,review,low,,,translated_dataset_mixed_positive
data_vi:1047,data_vi,,,,"Chủ đề: Có tất cả các phần mềm đồ họa, phiên bản OEM giá rẻ. chào buổi sáng, chúng tôi cung cấp các gói OEM mới nhất của tất cả phần mềm đồ họa và xuất bản từ corei, macromedia, adobe và các phần mềm khác. adobe photoshop8 giá 80$ . 0 / cs $140 macromedia studio mx 2004 $120 adobe acrobat 7 . 0 chuyên nghiệp $ 150 adobe Premier pro 1 . 5 $ 90 corei desiqner 10 $ 90 quickbooks 2004 phiên bản professionalai $ 75 adobe pagemaker 7 . 0 $70 xara x vl . 1 buổi thử giọng adobe $ 75 1 . 5 $ 90 kín đáo 3",1,,,,,,ambiguous,product_service_solicitation,review,low,,,translated_dataset_mixed_positive
data_vi:1048,data_vi,,,,"Chủ đề: 3 . Thanh toán cố định 5%, vay 30 năm 3 . Thanh toán cố định 5%, người cho vay 30 năm bắt bạn phải chờ đợi. . . họ yêu cầu phỏng vấn bạn. . . họ đe dọa bạn. . . họ làm nhục bạn. . . và tất cả những điều đó diễn ra trong khi họ quyết định xem họ có muốn hợp tác kinh doanh với bạn hay không. . . chúng tôi lật ngược tình thế với họ. . . bây giờ, bạn chỉ cần điền vào biểu mẫu đơn giản của chúng tôi và họ sẽ phải cạnh tranh để giành được doanh nghiệp của bạn. . . http://www. 1 nguồn tài chính",1,,,,,,ambiguous,commercial_offer,review,low,,,translated_dataset_mixed_positive
data_vi:1051,data_vi,,,,Chủ đề: bạn có muốn một thẻ xăng $250 không? đừng để giá xăng cao hiện nay ảnh hưởng đến bạn. chỉ cần nhập mã vùng của bạn để xem liệu chương trình khuyến mãi này có áp dụng ở khu vực của bạn hay không. qkppfiui,1,,,,,,ambiguous,promotion_discount,review,low,,,translated_dataset_mixed_positive
data_vi:1054,data_vi,,,,"Chủ đề: cialis mang đến cho bạn sự tự do lựa chọn thời điểm thích hợp. nhận được loại thuốc bạn cần được giao đến tận nhà trong 24 giờ. Khi dừng lại để suy nghĩ, chúng ta thường bỏ lỡ cơ hội. người chồng luôn là người đàn ông sáng suốt; anh ấy chưa bao giờ nghĩ đến việc kết hôn. đó là một kế hoạch tồi không thể sửa đổi được.",1,,,,,,ambiguous,product_service_solicitation,review,low,,,translated_dataset_mixed_positive
data_vi:1057,data_vi,,,,"Chủ đề: yourr medz xin chào, chào mừng bạn đến với ph disinclination armonline sh batata op - một trong những cửa hàng dược phẩm không thân thiện hàng đầu oniine ph bacchanal v stricken g magnifier al l spheral l l drug a than bùn rac trong đó l chanson là tam giác và đấu giá um và nhiều thứ khác. - tiết kiệm cơ bản 50 % - kết quả shlppl trên toàn thế giới - tổng xác nhận về răng của kingston - hơn 5 triệu khách hàng ở 130 quốc gia có một ngày tốt lành !",1,,,,,,ambiguous,,review,low,,,translated_dataset_mixed_positive
data_vi:1058,data_vi,,,,"Chủ đề: cơ hội đầu tư bạn thân mến, bạn sẽ ngạc nhiên khi thấy tin nhắn này nhưng tôi đã nhận được thông tin của bạn thông qua Spartanburg, phòng thương mại khu vực Hoa Kỳ. Tên tôi là Howard Jones, trưởng kiểm toán viên, trong cuộc kiểm toán gần đây nhất của tôi ở London, Vương quốc Anh, chúng tôi đã nhận được số tiền 35 đô la. 5 triệu USD thuộc sở hữu của một patric zuma đến từ Ai Cập, người đã chết trong một vụ tai nạn xe máy nghiêm trọng vào tháng 11. ngày 15 tháng 1 năm 2004 khi anh đang đi ",1,,,,,,ambiguous,account_verification,review,low,,,translated_dataset_mixed_positive
data_vi:1059,data_vi,,,,"Chủ đề: thanh thiếu niên latina ! ! hãy xem những em gái latina ngọt ngào này từ mặc quần áo đến làm tình! ! ! quá tốt để có thể là sự thật? không phải là một cơ hội . . các cô gái của chúng tôi thích chơi trực tiếp . . . . bấm vào đây bạn phải ít nhất 18 tuổi mới được vào! để được xóa khỏi danh sách gửi thư "" nội bộ "" của chúng tôi hãy nhấp vào đây và bạn sẽ tự động bị xóa khỏi các lần gửi thư trong tương lai . bạn đã nhận được email này bằng cách yêu cầu thêm thông tin trên một trong các trang",1,,,,,,ambiguous,promotional_call_to_action,review,low,,,translated_dataset_mixed_positive
data_vi:106,data_vi,,,,"Chủ đề: phần mềm được bản địa hóa, có sẵn tất cả các ngôn ngữ. xin chào, chúng tôi muốn cung cấp các phiên bản phần mềm được bản địa hóa (qerman, tiếng Pháp, tiếng Tây Ban Nha, tiếng Anh và nhiều phiên bản khác). Phần mềm ali iisted có sẵn để tải xuống ngay lập tức! không cần phải đợi 2 - 3 tuần để nhận được cd! chỉ một vài ví dụ: - norton lnternet security pro 2005 - $ 29. 95 - windows xp professionalai với phiên bản sp 2 fuii - $59 . Bộ đồ họa vẽ 95-corei 12 - $49. 95 - dreamweaver mx 2004 (ho",1,,,,,,ambiguous,product_service_solicitation;urgent_security_action,review,low,,,translated_dataset_mixed_positive
data_vi:1061,data_vi,,,,"Chủ đề: báo cáo đặc biệt! tivo: bây giờ hay không bao giờ? trong số này bảng xếp hạng sức mạnh truyền hình tương tác! tivo: bây giờ hay không bao giờ? tin nóng hấp dẫn sắp tới! là một ngôi sao ! gửi email cho chúng tôi : : truy cập trang web của chúng tôi Điện thoại : 310 - 314 - 0603 email này đã được gửi đến , theo yêu cầu của bạn , bởi tvpredictions . com . truy cập trung tâm đăng ký của chúng tôi để chỉnh sửa sở thích của bạn hoặc hủy đăng ký. Xem chính sách bảo mật của chúng tôi . được cung",1,,,,,,ambiguous,marketing_language,review,low,,,translated_dataset_mixed_positive
data_vi:1062,data_vi,,,,Chủ đề: tràn ngập công nghệ cho doanh nghiệp và gia đình. giá phần mềm tốt nhất nếu anh biết tình yêu là gì thì đó là vì em. anh ấy biết tất cả về nghệ thuật nhưng anh ấy không biết mình thích gì .,1,,,,,,ambiguous,product_service_solicitation,review,low,,,translated_dataset_mixed_positive
data_vi:1063,data_vi,,,,"Chủ đề: nồng độ pheromone tinh khiết cao nhất của con người ovdkspcr x = = x * x = = xx = = x * x = = xx = = x * x = = xx = = x * x = = xx = = x * x = = xx = = x * x = = thật tuyệt vời ! ! tình dục bị thu hút ngay lập tức bằng vũ khí bí mật của tự nhiên . . . "" ph e o m o n e s "" "" in v i s i b le a n d n d e t e c t a b l e "" , khi vô tình hít vào , chất pheromone đậm đặc sẽ mở khóa mọi giới hạn và giải phóng ham muốn tình dục của động vật thô ! đây là nồng độ pheromone của con người mạnh nhất,",1,,,,,,ambiguous,,review,low,,,translated_dataset_mixed_positive
data_vi:1064,data_vi,,,,"Chủ đề: bạn đã thắng được 100.000 USD. yêu cầu bồi thường ngay bây giờ người nộp đơn thân mến , sau khi xem xét thêm khi nhận được đơn đăng ký của bạn, khoản thế chấp hiện tại của bạn đủ điều kiện cho khoản 4 . Tỷ lệ 75. khoản thanh toán hàng tháng mới của bạn sẽ ở mức thấp nhất là $340/tháng cho khoản vay $200.000. vui lòng xác nhận thông tin của bạn để chúng tôi hoàn tất khoản vay của bạn hoặc bạn cũng có thể đăng ký một khoản vay mới. hoàn tất các bước cuối cùng bằng cách truy cập : http : / ",1,,,,,,ambiguous,large_fund_bait,review,low,,,translated_dataset_mixed_positive
data_vi:1065,data_vi,,,,"Chủ đề: vấn đề là một sai sót lớn sẽ được cung cấp cho bạn vào đúng thời điểm bạn muốn. giá thấp tuyệt vời hàng ngày khi học về thuốc có nhãn hiệu và thuốc gốc, n. cái loại ngu dốt phân biệt người hiếu học. hầu hết các tôn giáo không làm cho con người trở nên tốt hơn mà chỉ làm họ cảnh giác hơn mà thôi. trong 4/5 lịch sử của chúng ta, hành tinh của chúng ta được sinh sống bởi cặn ao.",1,,,,,,ambiguous,product_service_solicitation,review,low,,,translated_dataset_mixed_positive
data_vi:1067,data_vi,,,,Chủ đề: cần medz ? làm thế nào để tiết kiệm hơn 70% chi phí ở vùng cận Bắc Cực của tôi. bữa tiệc pharmsh op - thành công theo phong cách hippie và đã được chứng minh là có thể tiết kiệm tiền của bạn. lãi suất v gấp đôi ag một kẻ lén lút l l góc vuông u outsat l r đã nói một cl chết tiệt isva snathe l jessamine m và nhiều người khác . tốt nhất là không xử lý rlces. trên toàn thế giới hoàn toàn lpplng. mẫu đơn đặt hàng đường hầm dễ dàng. toàn bộ tâm sự ướt đẫm . 25 lò mổ 0.000 khách hàng hài lòng.,1,,,,,,ambiguous,commercial_offer,review,low,,,translated_dataset_mixed_positive
data_vi:1075,data_vi,,,,Chủ đề: tìm phần mềm chất lượng cao giá rẻ ? khả năng tương thích phần mềm. . . . nó tuyệt không? im lặng là vàng khi bạn không thể nghĩ ra câu trả lời hay. nghĩ ác là làm ác.,1,,,,,,ambiguous,product_service_solicitation,review,low,,,translated_dataset_mixed_positive
data_vi:1077,data_vi,,,,Chủ đề: bộ sưu tập phim khiêu dâm lớn nhất từ ​​trước đến nay - x 64 hãy đến khám phá studio người lớn lớn nhất thế giới ! xem tất cả những tên tuổi lớn nhất trong lĩnh vực khiêu dâm trong các bộ phim xxx hạng nặng độc quyền. Vivid có những ngôi sao khiêu dâm nóng bỏng nhất! http : // bunt . thông tin . babylom . thông tin / - - - - - - - - - - - - - - hộp đựng khu cắm trại conway âm mưu byzantine alicia abyssinia barrett da bò camilla thanh thiếu niên điềm tĩnh,1,,,,,,ambiguous,,review,low,,,translated_dataset_mixed_positive
data_vi:1079,data_vi,,,,"Tiêu đề: re : chúc một ngày tốt lành , một người chúc tốt lành đã chỉ cho tôi cách để có được p . P . v. trên tv trong khi không phải trả bất cứ điều gì! Tôi biết điều đó thật khó tin, nhưng tôi thực sự muốn nói như vậy. tự mình đánh vào thứ mới này : http : / / thảm khốc . nhìn 4 nguồn . com ngay cả người mới cũng có thể cài đặt dễ dàng. nếu bạn muốn, hãy thêm dấu gạch chéo r vào trang trên. 10 . chín mươi sáu chai bia, ba a's, ba b's, một c, hai d's, ba mươi sáu e's, ba f's, hai g's, bảy h's, ",1,,,,,,ambiguous,,review,low,,,translated_dataset_mixed_positive
data_vi:108,data_vi,,,,"Chủ đề: tải xuống DVD miễn phí trong 1 tuần, chúng tôi rất vui được cung cấp cho bạn. . . . tất cả các DVD bạn có thể xem miễn phí. . . niềm vui của bạn là gì, chúng tôi đều có tất cả. . . lấy bao nhiêu tùy thích và bạn không mất gì cả. . . . kiểm tra 1000 tiêu đề . . . . không biết mua DVD người lớn ở đâu? bây giờ bạn có thể tải các đĩa DVD không giới hạn (không phát trực tuyến) trực tiếp vào ổ cứng của mình và ghi chúng, xem và chia sẻ chúng với bạn bè. làm phim cho chuyến đi, ngôi nhà của bạn",1,,,,,,ambiguous,commercial_offer,review,low,,,translated_dataset_mixed_positive
data_vi:1083,data_vi,,,,Chủ đề: sách về Thái Lan xin chào bạn đang lên kế hoạch cho một chuyến đi đến Thái Lan? thích ăn đồ ăn Thái? cần học tiếng Thái? xem các đề xuất của chúng tôi tại http : / / www . thaibook . ch ! mới : chúng tôi cũng đang giới thiệu tiểu thuyết .,1,,,,,,ambiguous,,review,low,,,translated_dataset_mixed_positive
data_vi:1086,data_vi,,,,"Chủ đề: mặc ro, lex thật phong cách. mặc ro của chúng tôi , lex rất thông minh và phong cách . đừng đốt cháy bản thân chỉ để có được một chiếc đồng hồ có thương hiệu. tham gia vào không gian mạng của chúng tôi dành cho các thương hiệu hàng đầu như ro , lex , cart . iers , bvlgary , Frank Mullers , harryvinstons , breguets , jaegerlecoultre , brietilings , tag heuers và tu . dors . bạn có thích các hoạt động ngoài trời không? hãy xem dòng sản phẩm thép không gỉ chống thấm nước của chúng tôi. http",1,,,,,,ambiguous,product_service_solicitation,review,low,,,translated_dataset_mixed_positive
data_vi:1087,data_vi,,,,Chủ đề: giao dịch để kiếm sống (tất cả những gì bạn nên biết về ngoại hối) - - - - sf này. net email được tài trợ bởi: jabber - nền tảng truyền thông thời gian thực phát triển nhanh nhất thế giới! đừng chỉ có tôi. xây dựng nó trong! http://www. lảm nhảm . com / osdn / xim spamassassin - danh sách gửi thư nhìn thấy,1,,,,,,ambiguous,,review,low,,,translated_dataset_mixed_positive
data_vi:1088,data_vi,,,,"Đề tài: Tòa án xử lý tiền cấp dưỡng nuôi con rất đáng kể tiền xử lý bản án. từ một con tàu du lịch. đứng đầu. kiểm soát khi bạn muốn nghỉ ngơi. các cộng sự hiện tại kiếm được từ 5.000 đến 12.000 chúng tôi mỗi tháng. đào tạo và hỗ trợ ấn tượng. thông tin chi tiết hoặc hủy đăng ký hoặc xem địa chỉ của chúng tôi. lời chứng thực từ dave f. , ở Nebraska ; Trước hết, tôi muốn nói với bạn rằng tôi sắp trở thành khách hàng đầu tiên của chính mình. Tôi đã thắng kiện một người đàn ông nhưng anh ta đóng cử",1,,,,,,ambiguous,marketing_language,review,low,,,translated_dataset_mixed_positive
data_vi:109,data_vi,,,,"Chủ đề: cuộc phiêu lưu cuối cùng của tuần này. . . . . thuê xe kỳ lạ! vui lòng bấm vào để vào Millions Hướng dẫn khách 1332 bayview dr Fort Lauderdale, fl 33304 thư điện tử này là một quảng cáo và / hoặc chào mời.",1,,,,,,ambiguous,marketing_language,review,low,,,translated_dataset_mixed_positive
data_vi:1090,data_vi,,,,"Chủ đề: ngực to hơn, đầy đặn hơn một cách tự nhiên chỉ trong vài tuần ! uqouq dành cho phụ nữ từ 13 đến 60 tuổi trở lên. . . . như được thấy trên TV . . . . làm cho bộ ngực của bạn to hơn và đầy đặn hơn một cách an toàn ngay tại nhà riêng của bạn . đảm bảo kết quả nhanh chóng bấm vào đây để xem báo cáo đầy đủ mcskjfirglkckubuvfiwwp - - - - sf này. net email được tài trợ bởi: jabber - nền tảng truyền thông thời gian thực phát triển nhanh nhất thế giới! đừng chỉ có tôi. xây dựng nó trong! http://w",1,,,,,,ambiguous,,review,low,,,translated_dataset_mixed_positive
data_vi:1092,data_vi,,,,"Chủ đề: lời đề nghị đầu tư từ Joseph otisa lời đề nghị đầu tư từ Joseph otisa những lời khen ngợi của mùa giải, tên tôi là Mr. Joseph otisa, giám đốc chi nhánh của ngân hàng tín thác toàn bang thuộc chi nhánh bang Nigeria plc Lagos. Tôi viết thư này để bày tỏ sự kính trọng đối với một khách hàng nước ngoài của ngân hàng của tôi ( ông . wahab daniel ) với số tài khoản 1022002 - 109, người đã cùng gia đình thiệt mạng trong một vụ tai nạn ô tô ở Abuja expressway, Nigeria, vào ngày 30 tháng 11 năm 2",1,,,,,,ambiguous,organization_impersonation;large_fund_bait,review,low,,,translated_dataset_mixed_positive
data_vi:1093,data_vi,,,,"Chủ đề: attn: tôi cho rằng thư này sẽ không gây ngạc nhiên cho bạn. tôi là kế toán của Bộ tài nguyên khoáng sản và năng lượng ở Nam Phi và cũng là thành viên ủy ban trao hợp đồng của Bộ này trực thuộc chính phủ Nam Phi. Cách đây nhiều năm, chính phủ Nam Phi đã yêu cầu ủy ban này trao hợp đồng cho các công ty nước ngoài, trong đó tôi và 2 đối tác của tôi là lãnh đạo ủy ban này, với vị thế tốt của chúng tôi, hợp đồng này đã được lập hóa đơn vượt mức chúng tôi mong muốn là 25.600 đô la. , 000 : 00 ",1,,,,,,ambiguous,financial_information_request,review,low,,,translated_dataset_mixed_positive
data_vi:1095,data_vi,,,,"Chủ đề: không có xin chào, đây là lần gửi thư một lần. chúng tôi đang tìm kiếm những người có thể quan tâm đến việc làm việc tại nhà. vị trí này yêu cầu làm việc 10 - 15 giờ mỗi tuần. bạn có thể mong đợi kiếm được $15 - $25 mỗi giờ làm việc. để xem mô tả công việc, chúc bạn có một ngày tốt lành! - - - - cái này . net email được tài trợ bởi: jabber - nền tảng truyền thông thời gian thực phát triển nhanh nhất thế giới! đừng chỉ có tôi. xây dựng nó trong! http://www. lảm nhảm . com / osdn / xim spa",1,,,,,,ambiguous,,review,low,,,translated_dataset_mixed_positive
data_vi:1096,data_vi,,,,"Chủ đề: tin vui. bạn đã được phê duyệt trước cho một tên miền . . tuần trước chúng tôi đã cố gắng liên lạc với bạn về việc tái cấp vốn cho căn nhà của bạn với lãi suất thấp hơn. tôi muốn thông báo cho bạn biết rằng bạn đã được phê duyệt trước. đây là kết quả : * id tài khoản : [ 708 - 107 ] * số tiền thương lượng : $ 192 , 483 đến $ 678 , 843 * tỷ lệ : 3 . 30 % - 5 . 66% vui lòng điền vào mẫu đơn nhanh này và chúng tôi sẽ cử nhân viên môi giới liên hệ với bạn trong thời gian sớm nhất. Trân trọng",1,,,,,,ambiguous,,review,low,,,translated_dataset_mixed_positive
data_vi:1099,data_vi,,,,"Chủ đề: quyền truy cập hạn chế vào các tính năng nhạy cảm của tài khoản paypal như một phần trong các biện pháp bảo mật của chúng tôi, chúng tôi thường xuyên sàng lọc hoạt động trong hệ thống paypal. gần đây chúng tôi đã nhận thấy vấn đề sau trên tài khoản của bạn : chúng tôi muốn đảm bảo rằng tài khoản của bạn không bị truy cập bởi bên thứ ba trái phép . vì bảo vệ tính bảo mật cho tài khoản của bạn là mối quan tâm hàng đầu của chúng tôi nên chúng tôi có quyền truy cập hạn chế vào các tính năng ",1,,,,,,ambiguous,organization_impersonation,review,low,,,translated_dataset_mixed_positive
data_vi:110,data_vi,,,,"Chủ đề: bạn không biết cách thu hút khách hàng vào website của mình? việc gửi trang web của bạn lên các công cụ tìm kiếm có thể làm tăng đáng kể doanh số bán hàng trực tuyến của bạn. nếu bạn đầu tư thời gian và tiền bạc vào trang web của mình, bạn chỉ cần gửi trang web của mình trực tuyến nếu không nó sẽ trở thành ảo, có nghĩa là nỗ lực bỏ ra vô ích. Nếu bạn muốn mọi người biết về trang web của mình và tăng doanh thu, cách duy nhất để làm điều đó là làm cho trang web của bạn hiển thị ở những nơi",1,,,,,,ambiguous,commercial_offer,review,low,,,translated_dataset_mixed_positive
data_vi:1101,data_vi,,,,"Chủ đề: nhiều loại phần mềm có thể tải xuống. phần mềm cho gia đình và văn phòng. người khôn ngoan mang trong mình tài sản của mình. bạn làm chúng , tôi làm chúng vui . [ những đứa trẻ ]",1,,,,,,ambiguous,product_service_solicitation,review,low,,,translated_dataset_mixed_positive
data_vi:1102,data_vi,,,,"Chủ đề: công cụ kiếm tiền siêu $ kẹo bạn nhận được tin nhắn này với tư cách là người đăng ký chọn tham gia 4 ưu đãi tốt nhất hoặc một trong những đối tác tiếp thị của chúng tôi. nếu bạn không muốn nhận thêm ưu đãi nào nữa , vui lòng gửi email ngừng cung cấp tới : support @ 4 bestoffer . com 4 ưu đãi tốt nhất 136 74th street bắc bergen, nj 07047",1,,,,,,ambiguous,marketing_language,review,low,,,translated_dataset_mixed_positive
data_vi:1105,data_vi,,,,"Chủ đề: goood medz của chúng tôi xin chào, chào mừng bạn đến với dược phẩm zonline s vaticinate hop - một trong những lăng mộ và iading oniine pharmace thông minh uticai cửa hàng v nhạy cảm l tiết kiệm sự tang chế l ngưỡng mộ lu contort a tarmac acl thấm a audiibility isv timeserved al involute m andmanyother. Sự bảo mật hoàn toàn của foppery, hơn 5 triệu khách hàng trừu tượng, dịch vụ không thể phá hủy trên toàn thế giới, tiết kiệm fulgurite ver 60 %! chúc một ngày tốt lành !",1,,,,,,ambiguous,product_service_solicitation,review,low,,,translated_dataset_mixed_positive
data_vi:1111,data_vi,,,,"Chủ đề: doanh nghiệp của bạn có phụ thuộc vào sự thành công trực tuyến của trang web của bạn không? việc gửi trang web của bạn lên các công cụ tìm kiếm có thể làm tăng đáng kể doanh số bán hàng trực tuyến của bạn. nếu bạn đầu tư thời gian và tiền bạc vào trang web của mình, bạn chỉ cần gửi trang web của mình trực tuyến nếu không nó sẽ trở thành ảo, điều đó có nghĩa là nỗ lực bỏ ra vô ích. Nếu bạn muốn mọi người biết về trang web của mình và tăng doanh thu, cách duy nhất để làm điều đó là làm cho",1,,,,,,ambiguous,commercial_offer,review,low,,,translated_dataset_mixed_positive
data_vi:1113,data_vi,,,,"Chủ đề: phần mềm được bản địa hóa, có sẵn tất cả các ngôn ngữ. xin chào, chúng tôi muốn cung cấp các phiên bản phần mềm được bản địa hóa (tiếng Đức, tiếng Pháp, tiếng Tây Ban Nha, tiếng Anh và nhiều phiên bản khác). tất cả phần mềm iisted đều có sẵn để tải xuống ngay lập tức! không cần phải đợi 2 - 3 tuần để nhận được cd! chỉ một vài bài kiểm tra: - norton internet security pro 2005 - $ 29. 95 - windows xp professional với phiên bản sp 2 fuil - $59 . 95 - bộ đồ họa corel draw 12 - $49 . 95 - dre",1,,,,,,ambiguous,product_service_solicitation;urgent_security_action,review,low,,,translated_dataset_mixed_positive
data_vi:1114,data_vi,,,,Chủ đề: thông báo trạng thái giao hàng ( thất bại ) đây là thông báo trạng thái giao hàng được tạo tự động . Giao hàng đến người nhận sau thất bại . antunes @ coppead. ufrj . anh,1,,,,,,ambiguous,,review,low,,,translated_dataset_mixed_positive
data_vi:1115,data_vi,,,,"Chủ đề: = ? iso-8859-1 ? q? giảm = 20 mỡ = 2 c = 20 tăng = 20 cơ = 20 với = 20 hgh ? = xin chào , [ ! ĐẾN ! ] Liệu pháp hormone tăng trưởng của con người giúp giảm cân đồng thời xây dựng khối lượng cơ nạc và đẩy lùi sự tàn phá của lão hóa cùng một lúc . những khám phá đáng chú ý về hormone tăng trưởng của con người ( hgh ) đang thay đổi cách chúng ta nghĩ về lão hóa và giảm cân . giảm cântăng cường cơ bắpđảo ngược lão hóa tăng cường ham muốn tình dục khi cương cứng dương vậtxương khỏe mạnh cải t",1,,,,,,ambiguous,promotional_call_to_action,review,low,,,translated_dataset_mixed_positive
data_vi:1119,data_vi,,,,"Chủ đề: [ ilug - social ] re : đảm bảo giảm 10 - 12 lbs trong 30 ngày 10 . 148 tôi nghĩ bạn có thể thích những điều này : 1 ) giảm cân - đảm bảo giảm 10 - 12 lbs trong 30 ngày 2 ) chống lại nguy cơ ung thư ! 3 ) nhận được khoản hỗ trợ nuôi con mà bạn xứng đáng - người quản lý dịch vụ tư vấn pháp lý miễn phí hàng ngày - các giao dịch nếu bạn muốn rời khỏi danh sách này, vui lòng sử dụng liên kết bên dưới . - - Các sự kiện xã hội nhóm của người dùng linux ở Ireland: social@linux. tức là http://www",1,,,,,,ambiguous,product_service_solicitation,review,low,,,translated_dataset_mixed_positive
data_vi:1122,data_vi,,,,Chủ đề: bạn có hài lòng về kích thước và khả năng tình dục của mình không? trải nghiệm những cơn cực khoái mạnh mẽ hơn http : / / www . siratu . com / ss / suy nghĩ của chúng ta được tự do . càng đơn giản càng đẹp . Cách tốt nhất là luôn luôn thông qua . Sự kiên nhẫn là người bạn đồng hành của trí tuệ . Một én không làm nên một mùa hè .,1,,,,,,ambiguous,,review,low,,,translated_dataset_mixed_positive
data_vi:1123,data_vi,,,,"Chủ đề: thanh toán hóa đơn tã lót cho con bạn trong một năm ! gia đình bạn chắc chắn có thể sử dụng cái này, bây giờ hãy đi. kaazqchn",1,,,,,,ambiguous,,review,low,,,translated_dataset_mixed_positive
data_vi:1127,data_vi,,,,Chủ đề: chúng tôi sẽ hướng dẫn bạn tất cả các câu trả lời cho câu hỏi của bạn về điều chỉnh thị lực bằng laser. rất có thể bạn sẽ vứt kính và kính áp tròng của mình đi . thông tin cho bạn bây giờ. tuaujryt,1,,,,,,ambiguous,,review,low,,,translated_dataset_mixed_positive
data_vi:1129,data_vi,,,,"Chủ đề: bạn không biết cách vào kết quả của công cụ tìm kiếm? việc gửi trang web của bạn lên các công cụ tìm kiếm có thể làm tăng đáng kể doanh số bán hàng trực tuyến của bạn. nếu bạn đầu tư thời gian và tiền bạc vào trang web của mình, bạn chỉ cần gửi trang web của mình trực tuyến nếu không nó sẽ trở thành ảo, điều đó có nghĩa là nỗ lực bỏ ra vô ích. Nếu bạn muốn mọi người biết về trang web của mình và tăng doanh thu, cách duy nhất để làm điều đó là làm cho trang web của bạn hiển thị ở những nơ",1,,,,,,ambiguous,commercial_offer,review,low,,,translated_dataset_mixed_positive
data_vi:1130,data_vi,,,,Chủ đề: uống thuốc và tận hưởng tình dục tuyệt vời đàn ông giàu có khi khỏe mạnh ! hãy để cuộc sống của bạn trở thành một lực cản để dừng cỗ máy lại. lý tính của con người về bản chất là kiến ​​trúc. mọi nghề nghiệp đều là âm mưu chống lại giáo dân.,1,,,,,,ambiguous,product_service_solicitation,review,low,,,translated_dataset_mixed_positive
data_vi:1133,data_vi,,,,"Chủ đề: bạn đã sẵn sàng để có được nó chưa? Xin chào ! viagra là loại thuốc số 1 giúp điều trị chứng rối loạn cương dương ở nam giới . như người ta nói đùa, nó đủ mạnh mẽ cho đàn ông nhưng lại dành cho phụ nữ; - ) orderinq viaqra oniine là một cách rất thuận tiện, nhanh chóng và an toàn! hàng triệu người làm điều đó hàng ngày để bảo vệ quyền riêng tư và lệnh chuyển tiền của họ ở đây. . .",1,,,,,,ambiguous,product_service_solicitation,review,low,,,translated_dataset_mixed_positive
data_vi:1134,data_vi,,,,Chủ đề: tiết kiệm tiền mua thứ này ở đây bạn chưa thử cials à? bạn thậm chí không thể tưởng tượng được cảm giác trở thành một người đàn ông thực sự trên giường là như thế nào! vấn đề là một lỗi tuyệt vời sẽ được cung cấp cho bạn một cách chính xác khi bạn muốn. ciiis có nhiều ưu điểm hơn viaqra - tác dụng kéo dài 36 giờ! - bạn đã sẵn sàng bắt đầu chỉ trong vòng 10 phút! - bạn có thể trộn nó với rượu aicohol! chúng tôi gửi đến bất kỳ nước nào! hiểu ngay bây giờ! .,1,,,,,,ambiguous,commercial_offer,review,low,,,translated_dataset_mixed_positive
data_vi:1136,data_vi,,,,Chủ đề: 25 mmg hoạt động kỳ diệu làm thế nào để tiết kiệm sức nổi của bạn trên 60 %. p cửa hàng harmazmail liên hợp - cách thành công và đã được chứng minh để cứu mo của bạn theo phương pháp ney. voltairian và một g gà gô có học thức l chuối lu benzen l r Fatidical ac Stickle la i kẹo s hai tháng một lần val phaeton m và nhiều thứ khác. * hộ chiếu prlc tốt nhất * trên khắp thế giới shlpplng * tổng số tiaiity đáng tin cậy * hơn 5 triệu khách hàng chơi bóng ném là những người mê sách chúc một ngày,1,,,,,,ambiguous,,review,low,,,translated_dataset_mixed_positive
data_vi:1137,data_vi,,,,Chủ đề: tiết kiệm tiền mua thứ này ở đây bạn chưa thử cials à? bạn thậm chí không thể tưởng tượng được cảm giác trở thành một người đàn ông thực sự trên giường là như thế nào! vấn đề là một lỗi tuyệt vời sẽ được cung cấp cho bạn chính xác khi bạn muốn. ciails có nhiều ưu điểm hơn viaqra - tác dụng kéo dài 36 giờ! - bạn đã sẵn sàng bắt đầu chỉ trong vòng 10 phút! - bạn có thể trộn nó với aicohoi ! chúng tôi gửi đến bất kỳ nước nào! có được nó ngay bây giờ! .,1,,,,,,ambiguous,commercial_offer,review,low,,,translated_dataset_mixed_positive
data_vi:1140,data_vi,,,,Chủ đề: gửi tin nhắn của bạn tới mxo 0 không thành công. thư . chuông phía nam . mạng đã bị từ chối. tôi đã nói : RCpt tới : và mxo 0 . thư . chuông phía nam . mạng [ 205 . 152 . 59 . 32 ] đã trả lời với 550 người nhận không hợp lệ :,1,,,,,,ambiguous,,review,low,,,translated_dataset_mixed_positive
data_vi:1141,data_vi,,,,"Chủ đề: glasglow theo dõi xin chào mục tiêu - view . Tôi muốn theo dõi email ngày hôm qua để giới thiệu chương trình đối tác của Glasglow cho những ai có thể quan tâm. chúng tôi cung cấp giảm giá 40% và thỏa thuận cấp phép độc quyền cho khu vực của bạn. chúng tôi thực hiện dropship bằng dhl miễn phí. nếu đây có thể là điều gì đó mà bạn quan tâm, vui lòng cho tôi biết. nếu chúng ta đang đàm phán, trao đổi liên kết hoặc bạn đã tự liệt kê mình vào danh sách xóa, vui lòng bỏ qua email này và không c",1,,,,,,ambiguous,promotion_discount,review,low,,,translated_dataset_mixed_positive
data_vi:1143,data_vi,,,,"Chủ đề: 5000 tấm bưu thiếp đủ màu với giá 329 USD bưu thiếp thuần túy 1227 giây . đại lộ lincoln. Clearwater, fl 33756 thư điện tử này là một quảng cáo và/hoặc chào mời.",1,,,,,,ambiguous,marketing_language,review,low,,,translated_dataset_mixed_positive
data_vi:1144,data_vi,,,,"Chủ đề: bạn không biết cách thu hút khách hàng vào website của mình? việc gửi trang web của bạn lên các công cụ tìm kiếm có thể làm tăng đáng kể doanh số bán hàng trực tuyến của bạn. nếu bạn đầu tư thời gian và tiền bạc vào trang web của mình, bạn chỉ cần gửi trang web của mình trực tuyến nếu không nó sẽ hầu như vô hình, điều đó có nghĩa là nỗ lực bỏ ra vô ích. nếu bạn muốn mọi người biết về trang web của mình và tăng doanh thu, cách duy nhất để làm điều đó là làm cho trang web của bạn hiển thị ",1,,,,,,ambiguous,commercial_offer,review,low,,,translated_dataset_mixed_positive
data_vi:1145,data_vi,,,,Chủ đề: vẫn muốn cô ấy chứ? : - ) bạn chưa thử cials à? bạn thậm chí không thể tưởng tượng được cảm giác trở thành một người đàn ông thực sự trên giường là như thế nào! vấn đề là một lỗi tuyệt vời sẽ được cung cấp cho bạn chính xác khi bạn muốn. ciiis có nhiều ưu điểm hơn viaqra - tác dụng kéo dài 36 giờ! - bạn đã sẵn sàng bắt đầu chỉ trong vòng 10 phút! - bạn có thể trộn nó với rượu! vận chuyển đến bất kỳ nước nào có sẵn! có được nó ngay bây giờ! .,1,,,,,,ambiguous,,review,low,,,translated_dataset_mixed_positive
data_vi:1146,data_vi,,,,"Chủ đề: kiểm tra cập nhật tài khoản bạn đọc thân mến: đôi khi chúng tôi tiếp cận các nhà phân tích để hỏi ý kiến ​​của họ về các lĩnh vực thị trường mới nổi mà chúng tôi quan tâm. trong một số trường hợp nhất định, họ đến với chúng tôi với những hiểu biết sâu sắc hấp dẫn về một số khía cạnh nhất định của thị trường đã thu hút sự chú ý của họ. như bạn biết thành tích của chúng tôi đã tự nó nói lên điều đó, chúng tôi rất vui được mang đến cho bạn một tình huống khác có tiềm năng tăng trưởng rất lớ",1,,,,,,ambiguous,,review,low,,,translated_dataset_mixed_positive
data_vi:1147,data_vi,,,,"Chủ đề: không dùng thuốc , không bơm - đó là miếng dán giúp trải nghiệm cực khoái mạnh mẽ hơn http : / / www . siratu . com / ss / hãy cho tôi một chỗ đứng , tôi sẽ nhấc bổng cả trái đất . chỉ có kẻ ngốc mới đi lùi về tương lai. thơ ca là một cách cướp lấy cuộc sống bằng cổ họng. tôi chắc chắn rằng có quá nhiều điều chắc chắn trên thế giới. một lời nói với người khôn ngoan là tức giận.",1,,,,,,ambiguous,product_service_solicitation,review,low,,,translated_dataset_mixed_positive
data_vi:1150,data_vi,,,,"Chủ đề: thư bị trả lại: xem bản ghi để biết chi tiết thư gốc được nhận vào thứ ba, ngày 19 tháng 7 năm 2005 12 : 59 : 14 + 0200 từ chelloo 81018216102 . chào . làm ơn [ 81 . 18 . 216 . 102 ] - - - - - các địa chỉ sau có lỗi nghiêm trọng vĩnh viễn - - - - - ( lý do : không đủ quyền ) - - - - - bản ghi của phiên sau - - - - - maildrop : maildir vượt quá hạn ngạch . 550 5 . 0 . 0 . . . không đủ sự cho phép",1,,,,,,ambiguous,,review,low,,,translated_dataset_mixed_positive
data_vi:1153,data_vi,,,,"Chủ đề: phần mềm được bản địa hóa, có sẵn tất cả các ngôn ngữ. xin chào, chúng tôi muốn cung cấp các phiên bản phần mềm được bản địa hóa (qerman, tiếng Pháp, tiếng Tây Ban Nha, tiếng Anh và nhiều phiên bản khác). Phần mềm Ali iisted đã có sẵn để tải xuống ngay lập tức! không cần phải đợi 2 - 3 tuần để nhận được cd! chỉ một vài ví dụ: - Norton Internet Security Pro 2005 - 29$. 95 - windows xp professional với phiên bản sp 2 fuil - $59 . Bộ đồ họa vẽ 95-corei 12 - $49. 95 - dreamweaver mx 2004 (ho",1,,,,,,ambiguous,product_service_solicitation;urgent_security_action,review,low,,,translated_dataset_mixed_positive
data_vi:1154,data_vi,,,,"Chủ đề: thoát khỏi tình trạng xuất tinh sớm và sử dụng miếng dán tăng kích thước dương vật mới lâu hơn! http://www. retdehola . com/ss/self là nhà tù duy nhất có thể trói buộc tâm hồn. đối với người thất học, một chữ a chỉ là ba cây gậy. từ cao siêu đến lố bịch chỉ là một bước. không có người đàn ông tử tế nào giỏi bắt taxi. một người đàn ông không thể quá cẩn thận trong việc lựa chọn kẻ thù của mình.",1,,,,,,ambiguous,,review,low,,,translated_dataset_mixed_positive
data_vi:1155,data_vi,,,,Chủ đề: = ? iso-8859-1 ? q? fw : _ cd _ nua _ do _ dhamhsa = ed _ ch = e 9 il = ed ? = - - - - - tin nhắn gốc - - - - - từ : rathcairn tới : script automail ; tập lệnh tự động; astraea @ iol . I E ; ?se tobin ; arabenl 6313168 @ hotmail . com ; aofarachain@tinet. I E ; aofarachain @ eircom. mạng lưới ; Anthony Gorman; ann - mari bergkvist; Annemarie Meehan ; Annemarie Mcdonnell ; Anne 7172 @ Ả Rập . com ; anna sưng tấy ; anna ni thuama ; ann faherty ; anewloan@mail . ru ; Andy Plunkett ; Andrew ,1,,,,,,ambiguous,marketing_language,review,low,,,translated_dataset_mixed_positive
data_vi:1157,data_vi,,,,"Chủ đề: doanh số bán hàng trực tuyến của bạn thấp vì bạn không có đủ khách truy cập? việc gửi trang web của bạn lên các công cụ tìm kiếm có thể làm tăng đáng kể doanh số bán hàng trực tuyến của bạn. nếu bạn đầu tư thời gian và tiền bạc vào trang web của mình, bạn chỉ cần gửi trang web của mình trực tuyến nếu không nó sẽ bị vô hiệu hóa, có nghĩa là nỗ lực bỏ ra vô ích. nếu bạn muốn mọi người biết về trang web của mình và tăng doanh thu, cách duy nhất để làm điều đó là làm cho trang web của bạn hi",1,,,,,,ambiguous,commercial_offer,review,low,,,translated_dataset_mixed_positive
data_vi:1158,data_vi,,,,Chủ đề: xin chào người Úc muốn tiết kiệm hơn 60% cho medlcatlons của bạn. cửa hàng dược phẩm hình chữ nhật - cách thành công và chuyên nghiệp ở Malacca để tiết kiệm tiền cho các quý cô. ủy ban \ a mẫu g hoặc l minh họa lu / tỷ lệ l chống tăng racl thực hiện một sự thiếu kiên nhẫn isv caster al salt m vàmanyother . * những ưu đãi tốt nhất không bị suy giảm * thế giới cởi nút rộng rãi * tổng số sự tự tin không bị cản trở * hơn 5 triệu người quyến rũ tùy chỉnh đã di tản một ngày tốt đẹp!,1,,,,,,ambiguous,,review,low,,,translated_dataset_mixed_positive
data_vi:1163,data_vi,,,,"Chủ đề: re : chúng tôi có tất cả các chương trình yêu thích của bạn với mức giá cực kỳ thấp, giá p * c rẻ nhất gói 1 : windows x * p pro & office x * p pro chỉ 8 o 15 o đô la, chúng tôi có thể có đúng thứ bạn cần : gói 2 : macromedia studio mx 2 oo 4 - 18 o đô la, chúng tôi có thể có đúng thứ bạn cần : gói 3 : bộ phần mềm sáng tạo adobe đầy đủ - 2 đô la ưu đãi có hiệu lực cho đến ngày 17 tháng 6, số lượng hàng trong cửa hàng ảo có hạn, liên quan đến virus học chỉnh nha tyree sanchez công ty TNHH",1,,,,,,ambiguous,product_service_solicitation,review,low,,,translated_dataset_mixed_positive
data_vi:1164,data_vi,,,,"Chủ đề: tôi nghĩ bạn có thể quan tâm 2005 - 07 - 05 18 : 53 : 34 xin chào marcotitzer, tôi vừa tìm thấy một trang tên là graand. com - một nơi miễn phí và an toàn trên internet để đặt các quảng cáo rao vặt. tôi nghĩ tôi nên mời bạn xem thử. Trân trọng, walker Musrbfi 3 dgourpxc 4 fvaodpdof 3 emwnloqlqdk 9 2005 - 07 - 07 06 : 07 : 39",1,,,,,,ambiguous,marketing_language,review,low,,,translated_dataset_mixed_positive
data_vi:1165,data_vi,,,,"Chủ đề: een avontuurtje is oke , als je dit bericht niet kan lezen , klik hier . Tôi đã nói điều này về việc tôi đang làm gì trong db smsmag / kdotv bent . om uit te schrijven , hãy nhấp vào hier .",1,,,,,,ambiguous,,review,low,,,translated_dataset_mixed_positive
data_vi:1167,data_vi,,,,"Chủ đề: ưu đãi tốt nhất cho tất cả các loại thuốc thay thế viagra chung và cialis chung với giá thấp nhất được đảm bảo viagra là loại thuốc số 1 để đấu tranh với chứng rối loạn cương dương của nam giới. Bay như bướm, đốt như ong . nhân loại đang tiếp thu tất cả công nghệ phù hợp vì những lý do sai lầm. giáo dục là một sự khám phá tiến bộ về sự thiếu hiểu biết của chính chúng ta.",1,,,,,,ambiguous,product_service_solicitation,review,low,,,translated_dataset_mixed_positive
data_vi:1169,data_vi,,,,"Chủ đề: hệ thống kiểm soát tiền hệ thống kiểm soát tiền sẽ thay đổi lối sống của bạn nếu bạn có thêm 10.000 đô la mỗi tháng? tìm ra ngay bây giờ ! hệ thống kiểm soát tiền bạc cách bạn có thể trở nên giàu có, giàu có tận hưởng việc giàu có với hệ thống kiểm soát tiền bạc. đây là những gì mọi người đang nói tôi không có bất kỳ lo lắng về tài chính nào . . bây giờ tôi có thể theo đuổi sở thích, thú vui và những điều tôi muốn làm. . . các quỹ tương hỗ mà chúng tôi tham gia được xếp hạng trong số năm",1,,,,,,ambiguous,large_fund_bait,review,low,,,translated_dataset_mixed_positive
data_vi:117,data_vi,,,,"Chủ đề: fw : tôi không khỏe . vào năm 1839 hoàn toàn không có bóng đá, chúng tôi ở đây coca cola",1,,,,,,ambiguous,,review,low,,,translated_dataset_mixed_positive
data_vi:1171,data_vi,,,,"Chủ đề: Heatt Kills xin chào , cbs / a hoang đường p tin tức ar overman ecord đợt nắng nóng đã dẫn đến cái chết của 180 người không may mắn ở Phoenix , hầu hết trong số họ là người vô gia cư , l các quan chức vô lý đang tranh nhau cung cấp nước và nơi ở cho thành phố dân số tạm thời. đọc thêm . . .",1,,,,,,ambiguous,,review,low,,,translated_dataset_mixed_positive
data_vi:1175,data_vi,,,,"Chủ đề: cửa hàng tab tình yêu mới. hãy ghé thăm cửa hàng kéo trực tuyến được cấp phép của chúng tôi để có những chiếc kéo tình yêu rẻ tiền nhất! viagra, ciaiis, softtabs và nhiều chất tăng cường tình yêu khác aii trong một! hỗ trợ hoạt động, vận chuyển nhanh chóng, xử lý thanh toán an toàn và bảo mật hoàn toàn! bấm vào đây để tìm thấy bạn đã được bbb xác minh và được visa iove pil 1 phê duyệt!",1,,,,,,ambiguous,product_service_solicitation,review,low,,,translated_dataset_mixed_positive
data_vi:1179,data_vi,,,,Chủ đề: dịch vụ vận chuyển OEM giá rẻ trên toàn thế giới đừng trở thành kẻ ngu xuẩn. . . sử dụng phần mềm mọi người đang sử dụng. . . deus ex machina [ vị thần trong cỗ máy ] nở hoa tự do - đó là định nghĩa của tôi về thành công .,1,,,,,,ambiguous,product_service_solicitation,review,low,,,translated_dataset_mixed_positive
data_vi:1181,data_vi,,,,"Chủ đề: lý do để sh . op trong khu vực của chúng tôi? cho tiết kiệm . vings . thiếu máy tính bảng. quân nhu ? khám phá hovv người khác. ave về thuốc. Cho dù đó là tình trạng đau nhức, căng thẳng nghiêm trọng, rối loạn giấc ngủ, lo âu nam giới, sức khỏe phụ nữ hay tình trạng quá tải, cyberzone đều có những phương pháp chữa trị hiệu quả. các từ tương đương chung có thể là lựa chọn tốt hơn cho sho . những người muốn s . ave về thuốc. có rất nhiều loại thuốc generic ở khu vực trung tâm của chúng tôi",1,,,,,,ambiguous,product_service_solicitation,review,low,,,translated_dataset_mixed_positive
data_vi:1183,data_vi,,,,"Chủ đề: mục đích kinh doanh thưa ngài, tôi là Stanley Woodwork, thư ký của tổ chức hợp tác nông dân da trắng Châu Phi (awfc) của Zimbabwe. sau cuộc tổng tuyển cử vừa qua ở đất nước tôi, nơi tổng thống đương nhiệm ông . Robert Mugabe đã thắng cử tổng thống , chính phủ đã áp dụng một chương trình cải cách ruộng đất rất quyết liệt . chương trình này chỉ nhằm mục đích lấy đất thuộc sở hữu của nông dân châu Phi da trắng để phân phối lại cho người châu Phi da đen. Chương trình này đã thu hút sự lên án",1,,,,,,ambiguous,large_fund_bait,review,low,,,translated_dataset_mixed_positive
data_vi:1185,data_vi,,,,"Chủ đề: thông báo trực tuyến : tiền của bạn đã sẵn sàng thưa người nộp đơn thân mến , sau khi xem xét thêm khi nhận được đơn đăng ký của bạn, khoản thế chấp hiện tại của bạn đủ điều kiện để được hưởng lãi suất thấp hơn 3 %. khoản thanh toán hàng tháng mới của bạn sẽ ở mức thấp nhất là $340/tháng cho khoản vay $200.000. vui lòng xác nhận thông tin của bạn để chúng tôi hoàn tất khoản vay của bạn hoặc bạn cũng có thể đăng ký một khoản vay mới. hoàn thành các bước cuối cùng bằng cách truy cập biểu m",1,,,,,,ambiguous,,review,low,,,translated_dataset_mixed_positive
data_vi:1187,data_vi,,,,"Chủ đề: sống thêm 20 năm nữa với hgh xin chào , [ ! ĐẾN ! ] Liệu pháp hormone tăng trưởng của con người giúp giảm cân đồng thời xây dựng khối lượng cơ nạc và đẩy lùi sự tàn phá của lão hóa cùng một lúc . những khám phá đáng chú ý về hormone tăng trưởng của con người ( hgh ) đang thay đổi cách chúng ta nghĩ về lão hóa và giảm cân . giảm cântăng cường cơ bắpđảo ngược lão hóa tăng cường ham muốn tình dục khi cương cứng dương vậtxương khỏe mạnh cải thiện trí nhớ làn da được cải thiệnmọc tóc mới biến",1,,,,,,ambiguous,promotional_call_to_action,review,low,,,translated_dataset_mixed_positive
data_vi:1189,data_vi,,,,"Chủ đề: hợp tác nâng cao nhận thức xin chào, tên tôi là Shane Lamotte và tôi là thành viên ban nhạc rock mới Living Illusion. Bạn khỏe không ? tôi đang gửi email cho bạn để xem liệu ảo ảnh sống động có khả năng hợp tác với bạn hay không. Tôi hiện đang tìm kiếm sự hợp tác độc đáo để giúp nâng cao nhận thức về ban nhạc của tôi và âm nhạc của chúng tôi. nếu bạn muốn xem ban nhạc của tôi và nghe một số giai điệu hãy vào : http : / / www . ảo tưởng sống . com / vui lòng gửi email lại cho tôi và cho t",1,,,,,,ambiguous,,review,low,,,translated_dataset_mixed_positive
data_vi:119,data_vi,,,,"Chủ đề: phần mềm được bản địa hóa, có sẵn tất cả các ngôn ngữ. xin chào, chúng tôi muốn cung cấp các phiên bản phần mềm được bản địa hóa (tiếng Đức, tiếng Pháp, tiếng Tây Ban Nha, tiếng Anh và nhiều phiên bản khác). Phần mềm được liệt kê trong danh sách aii hiện có sẵn để tải xuống ngay lập tức! không cần phải đợi 2 - 3 tuần để nhận được cd! chỉ một vài ví dụ: - norton lnternet security pro 2005 - $ 29. 95 - windows xp professional với phiên bản sp 2 Fuli - $59 . 95 - bộ đồ họa corel draw 12 - $",1,,,,,,ambiguous,product_service_solicitation;urgent_security_action,review,low,,,translated_dataset_mixed_positive
data_vi:1196,data_vi,,,,"Chủ đề: bạn có được liệt kê trong các công cụ tìm kiếm lớn không? việc gửi trang web của bạn lên các công cụ tìm kiếm có thể làm tăng đáng kể doanh số bán hàng trực tuyến của bạn. Nếu bạn đầu tư thời gian và tiền bạc vào trang web của mình, bạn chỉ cần gửi trang web của mình trực tuyến nếu không nó sẽ trở thành ảo, điều đó có nghĩa là nỗ lực bỏ ra vô ích. nếu bạn muốn mọi người biết về trang web của mình và tăng doanh thu, cách duy nhất để làm điều đó là làm cho trang web của bạn hiển thị ở nhữn",1,,,,,,ambiguous,commercial_offer,review,low,,,translated_dataset_mixed_positive
data_vi:1197,data_vi,,,,"Chủ đề: giải quyết vấn đề thuốc men của bạn bây giờ xin chào, tôi là Carl Mayo. đây là một câu hỏi dành cho bạn: bạn có hài lòng với hoạt động tình dục của mình không? hãy vượt qua vấn đề cương cứng của bạn ngay bây giờ hãy nhấp vào ngay bây giờ và có thêm sức mạnh http : / / medsrealcheap . com / ? cid = vtxto 2 cảm ơn bạn alicia honeycutt điện thoại: 211 - 144 - 2273 di động: 188 - 881 - 1697 email: cylunj@bonet. net e , n ^ o - u _ g . h http: // medsrealcheap . com / emover . php",1,,,,,,ambiguous,product_service_solicitation,review,low,,,translated_dataset_mixed_positive
data_vi:12,data_vi,,,,"Chủ đề: sự bùng nổ của các tòa nhà cao tầng ở las vegas las vegas đang nhanh chóng trở thành một thành phố đô thị lớn ! Hơn 60 tòa tháp cao tầng mới dự kiến ​​sẽ được xây dựng trên và xung quanh dải Las Vegas trong vòng 3 - 4 năm tới, tức là có hơn 30.000 chung cư! sự bùng nổ này chỉ mới bắt đầu! mua đầu tiên. . . giai đoạn đầu , giá trước khi xây dựng hiện có sẵn trên các tòa nhà cao tầng ở las vegas bao gồm trump , cosmopolitan , mgm , Turnberry , icon , sky , trong số những nơi khác . tham gi",1,,,,,,ambiguous,commercial_offer,review,low,,,translated_dataset_mixed_positive
data_vi:1200,data_vi,,,,"Chủ đề: Có tất cả các phần mềm đồ họa, phiên bản OEM giá rẻ. chào buổi sáng, chúng tôi cung cấp các gói OEM mới nhất của tất cả các phần mềm đồ họa và xuất bản từ corel, macromedia, adobe và các phần mềm khác. adobe photoshop8 giá 80$ . 0 / cs $140 macromedia studio mx 2004 $120 adobe acrobat 7 . 0 chuyên nghiệp $ 150 adobe Premier pro 1 . 5 $90 corel thiết kế 10 $90 quickbooks phiên bản chuyên nghiệp 2004 $75 adobe pagemaker 7 . 0 $70 xara x vl . 1 buổi thử giọng adobe $ 75 1 . 5 $ 90 kín đáo 3",1,,,,,,ambiguous,product_service_solicitation,review,low,,,translated_dataset_mixed_positive
data_vi:1202,data_vi,,,,"Chủ đề: những ngôi nhà mới đáng kinh ngạc ở Mỹ ! Hôm nay là một ngày đẹp trời, chủ nhà bạn đã được chấp thuận trước cho khoản vay mua nhà trị giá 431.221 USD với lãi suất 3. 29 tỷ giá cố định. ưu đãi này được gia hạn cho bạn vô điều kiện và tín dụng của bạn không phải là một yếu tố. để tận dụng cơ hội trong thời gian có hạn này, tất cả những gì chúng tôi yêu cầu là bạn truy cập trang web của chúng tôi và hoàn thành biểu mẫu phê duyệt bài đăng trong 1 phút, chúc một ngày tốt lành, shemika kelly",1,,,,,,ambiguous,commercial_offer;large_fund_bait,review,low,,,translated_dataset_mixed_positive
data_vi:1203,data_vi,,,,"Chủ đề: lãi suất thế chấp tốt nhất vjd liên quan đến việc muốn tái cấp vốn ? hãy điền vào biểu mẫu nhanh này và ngay lập tức nhờ các công ty thế chấp cạnh tranh để giành quyền kinh doanh cho bạn. bạn sẽ được cung cấp mức lãi suất tái cấp vốn tuyệt đối, tốt nhất hiện có! tín dụng của bạn không thành vấn đề , thậm chí đừng lo lắng về các vấn đề tín dụng trong quá khứ , chúng tôi có thể tái cấp vốn cho bất kỳ ai ! hãy để chúng tôi dùng chuyên môn của mình để phục vụ bạn! http://66 . 230 . 217 . 86 ",1,,,,,,ambiguous,,review,low,,,translated_dataset_mixed_positive
data_vi:1204,data_vi,,,,"Chủ đề: phần mềm được bản địa hóa, có sẵn tất cả các ngôn ngữ. xin chào, chúng tôi muốn cung cấp các phiên bản phần mềm được bản địa hóa (tiếng Đức, tiếng Pháp, tiếng Tây Ban Nha, tiếng Anh và nhiều phiên bản khác). Phần mềm iisted aii hiện có sẵn để tải xuống ngay lập tức! không cần phải đợi 2 - 3 tuần để nhận được cd! chỉ một vài bài kiểm tra: - norton internet security pro 2005 - $ 29. 95 - windows xp professional với phiên bản đầy đủ sp 2 - $59 . Bộ đồ họa vẽ 95-corei 12 - $49. 95 - dreamwea",1,,,,,,ambiguous,product_service_solicitation;urgent_security_action,review,low,,,translated_dataset_mixed_positive
data_vi:1205,data_vi,,,,"Chủ đề: tổ chức từ thiện quốc gia đau khổ kể từ ngày 11/9 bạn thân mến, ""phục vụ các bộ lạc trong khi chia sẻ văn hóa"". . . đã là sứ mệnh của tổ chức di sản người Mỹ da đỏ trong 29 năm qua. trong nhiều năm , aihf đã đáp ứng các yêu cầu khẩn cấp từ hàng trăm bộ lạc về lương thực , quần áo , vật tư y tế , trợ cấp khẩn cấp và nhiều thứ khác . chương trình giải thưởng đại bàng sinh viên của chúng tôi truyền cảm hứng cho giới trẻ Ấn Độ khao khát và chương trình học bổng của chúng tôi dành cho phụ nữ ",1,,,,,,ambiguous,,review,low,,,translated_dataset_mixed_positive
data_vi:1206,data_vi,,,,"Chủ đề: tình dục tốt hơn! mối quan hệ tốt hơn! sự hồi sinh tình dục với viagra giá rẻ . mùa hè và cuộc sống dễ dàng . sự phán xét về cái đẹp có thể sai lầm, điều gì xảy ra với rượu và bóng tối. trong mỗi nghịch cảnh đều có một cơ hội ngang bằng hoặc lớn hơn.",1,,,,,,ambiguous,product_service_solicitation,review,low,,,translated_dataset_mixed_positive
data_vi:1208,data_vi,,,,"Chủ đề: Có tất cả các phần mềm đồ họa, phiên bản OEM giá rẻ. chào buổi sáng, chúng tôi cung cấp các gói OEM mới nhất của tất cả các phần mềm đồ họa và Publishinq từ corel, macromedia, adobe và các phần mềm khác. adobe photoshop8 giá 80$ . 0 / cs $140 macromedia studio mx 2004 $120 adobe acrobat 7 . 0 chuyên nghiệp $ 150 adobe Premier pro 1 . 5 $ 90 corei desiqner 10 $ 90 quickbooks phiên bản chuyên nghiệp 2004 $ 75 adobe pagemaker 7 . 0 $70 xara x vl . 1 buổi thử giọng adobe $ 75 1 . 5 $ 90 kín ",1,,,,,,ambiguous,product_service_solicitation,review,low,,,translated_dataset_mixed_positive
data_vi:121,data_vi,,,,"Chủ đề: muốn tôi đứng đầu không? 189643322211 hãy thử thách những con điếm khó chịu này! kết nối miễn phí ! ! nặng nề và tự do ! Chẳng có gì để mất ! ! bấm vào đây, không cần thành viên! đó là ghi chú miễn phí: 84221111000",1,,,,,,ambiguous,,review,low,,,translated_dataset_mixed_positive
data_vi:1210,data_vi,,,,"Chủ đề: Megasite hạng nặng miễn phí 100% ! ! Khiêu dâm miễn phí 100%! bạn có thể yêu cầu gì hơn nữa? nhấp vào đây hướng dẫn gỡ bỏ: chúng tôi cố gắng không bao giờ gửi thư không mong muốn. tuy nhiên, nếu bạn không muốn nhận email từ chúng tôi trong tương lai, hãy nhấp vào đây để gửi email và thêm từ xóa vào dòng chủ đề. vui lòng cho phép 48 giờ để xử lý. [ ( ^ ( pol : kj ) _ 8 j 7 bjk 9 ^ "" : } h & * tgobk 5 nkiys 5 ] - - - - email sf .net này được tài trợ bởi : jabber - thời gian thực phát triển",1,,,,,,ambiguous,promotional_call_to_action,review,low,,,translated_dataset_mixed_positive
data_vi:1212,data_vi,,,,"Chủ đề: giải thưởng tốt nhất của thuốc lá trực tuyến ở đây một hội chợ là nghệ sĩ piano truyền đạt nhưng lại tiếp tục những gì thiếu quyết đoán, liềm không ayers. khi tiếng gầm gừ bùng nổ, người hít thở napoleonic không phải là nước sốt cà chua colza mà là một andersen có thể kết hợp lại phát sinh đoàn hệ bertha về hóa học, ngữ pháp và dixon. bạn có muốn ceruleancrank không? không, giòi phát ra Teresa là một con bò rừng cư xử và giọt nước mắt vào buổi trưa. nếu không , ở đây - http : / / cmzcqj ",1,,,,,,ambiguous,product_service_solicitation,review,low,,,translated_dataset_mixed_positive
data_vi:1214,data_vi,,,,"Chủ đề: số liệu thống kê tháng sáu của bạn hoàn toàn đúng. bạn sẽ sớm nhận được những email như thế này. nhanh lên , hãy gửi email cho tôi và bạn sẽ nhận được com thực sự . cô . những email có dòng chủ đề này và một thông điệp lớn, rất lớn. những điều bạn nhận được từ tất cả các chuyến xe buýt mà bạn ủng hộ . để chuyên nghiệp. về nó , với giới hạn / ed mỗi _ iod tôi sẽ đưa ra . bạn 10 lần đăng ký ( điều đó sẽ p . a . y . tới j . o . i . n . xe buýt của bạn . in . ess ) và tôi sẽ không yêu cầu bạ",1,,,,,,ambiguous,,review,low,,,translated_dataset_mixed_positive
data_vi:1216,data_vi,,,,Chủ đề: một số trang web thành viên lớn nhất miễn phí tải phim khiêu dâm miễn phí mật khẩu tới: 18 ngực khổng lồ châu Á xxx miễn phí những cô gái nghiệp dư hấp dẫn miễn phí những cô gái tuổi teen hấp dẫn miễn phí và những con điếm trang trại miễn phí lập dị miễn phí n ' người lớn nổi tiếng chỉ siêng năng,1,,,,,,ambiguous,password_or_login,review,low,,,translated_dataset_mixed_positive
data_vi:1218,data_vi,,,,"Chủ đề: thực sự hoạt động rất tốt xin chào , chào mừng đến với pharmonli Thyroid ne s Newtonian Hop - một trong những chiến dịch oniine hàng đầu về suy dinh dưỡng của các cửa hàng dược phẩm v Dimply g a mở ra l l rút l không vũ trang la r spatio một tủ cli quyết định sv osierbed một cổ điển ừm và nhiều thứ khác . - tiết kiệm 50% phiên bản hoạt động - trả đũa lpplng trên toàn thế giới - tổng số thông tin nhận dạng ngẫu hứng - hơn 5 triệu người dùng chưa sử dụng ở 130 quốc gia, chúc một ngày tốt l",1,,,,,,ambiguous,,review,low,,,translated_dataset_mixed_positive
data_vi:1219,data_vi,,,,"Chủ đề: rất vui vì tôi đã di chuyển xin chào, chào mừng đến với phar cu li Monline sho thiếu tôn trọng p - một màu vàng của các cửa hàng dược phẩm oniine hàng đầu labiate v Correct g a lễ lạy l l phản đối l l phân tử a viêm não ra maillot cl i stockjobbery sv hoang đường hóa một phân tích ừm và nhiều thứ khác . - tỷ lệ hàn trung bình trên 50 % - tỷ lệ kháng sh trên toàn thế giới lpplng - tổng sức mua đáng tin cậy - hơn 5 triệu khách hàng ở 130 quốc gia được phong thánh chúc một ngày tốt lành!",1,,,,,,ambiguous,commercial_offer,review,low,,,translated_dataset_mixed_positive
data_vi:1221,data_vi,,,,Chủ đề: bạn có hút thuốc không? qrklx lookln 4 giá cả phải chăng thuốc lá? đến đây đi! mclaughlin có phải là skylarkchamfer hoặc citron có thể hoàn toàn là minstrelsy không? tôi sẽ không liên tục nhử một con suối binghamton . nếu làm khó chịu thì hãy gỡ bỏ:,1,,,,,,ambiguous,product_service_solicitation,review,low,,,translated_dataset_mixed_positive
data_vi:1223,data_vi,,,,"Chủ đề: à, hãy thử xin chào, chào mừng bạn đến với bước nhảy pha loãng của dòng pharmon wallow - trên khả năng mở rộng của các cửa hàng dược phẩm oniine hàng đầu nhờn v marauder g không rút gọn al chromolithograph ll sự thừa nhận la r Repaleer ac octane l i đùn s kỳ lạ và u thụ phấn m và nhiều thứ khác. - tỷ lệ hạt nhân đạt trên 50 % - tên lửa shlp trên toàn thế giới - độ tin cậy hoàn toàn - hơn 5 triệu khách hàng băng vĩnh cửu ở 130 quốc gia chúc một ngày tốt lành!",1,,,,,,ambiguous,,review,low,,,translated_dataset_mixed_positive
data_vi:1225,data_vi,,,,"Chủ đề: chúng tôi cần bạn tặng quà cho nhóm quảng cáo thương xót của tjuz cif: họ cần sự giúp đỡ của bạn! Vụ khủng bố ở Luân Đôn vào ngày 7 tháng 7 năm 2005 đã cướp đi sinh mạng của nhiều người dân vô tội. nó không nhằm vào một quốc gia mà chống lại tất cả các quốc gia. tùy thuộc vào bạn để giúp đỡ những người bị thương và những gia đình mất người thân trong thảm kịch này. để giúp bấm vào đây nếu bạn không muốn nhận thư quảng cáo của chúng tôi nữa, hãy bấm vào đây",1,,,,,,ambiguous,marketing_language,review,low,,,translated_dataset_mixed_positive
data_vi:1227,data_vi,,,,"Chủ đề: thông báo quan trọng: đơn đăng ký của bạn đã được chấp thuận, chúng tôi đã cố gắng liên hệ với bạn vào tuần trước về việc tái cấp vốn cho ngôi nhà của bạn với lãi suất thấp hơn. tôi muốn thông báo cho bạn biết rằng bạn đã được phê duyệt trước. đây là kết quả: * id tài khoản: [987 - 528] * số tiền thương lượng: $153, 367 đến $690, 043 * tỷ lệ: 3. 70 % - 5 . 68% vui lòng điền vào mẫu đơn nhanh này và chúng tôi sẽ cử nhân viên môi giới liên hệ với bạn trong thời gian sớm nhất. Trân trọng, S",1,,,,,,ambiguous,,review,low,,,translated_dataset_mixed_positive
data_vi:1229,data_vi,,,,Chủ đề: bạn sẽ nhận được giá viagra trực tuyến tốt nhất nếu đời sống tình dục của bạn tốt. . . sau đó làm cho nó tuyệt vời! Các trang bìa của cuốn sách này là quá xa nhau . tự do thực sự nằm ở sự hoang dã chứ không phải ở nền văn minh. kèm theo năng khiếu lắng nghe là năng khiếu chữa lành.,1,,,,,,ambiguous,product_service_solicitation,review,low,,,translated_dataset_mixed_positive
data_vi:1231,data_vi,,,,"Chủ đề: yêu cầu thông tin đã nhận được, chúng tôi đang nhận được e-mail của bạn về thông tin bổ sung. chúng tôi đánh giá cao sự kiên nhẫn của bạn và sẽ trả lời bạn trong vòng 24 - 48 giờ tới. xin lưu ý rằng đây là phản hồi e-mail tự động. cảm ơn bạn, Millennium Precision, Inc.",1,,,,,,ambiguous,,review,low,,,translated_dataset_mixed_positive
data_vi:1232,data_vi,,,,"Chủ đề: hệ thống amnis chứng khoán lớn chơi , inc . ( otcbb : amnm ) các thông báo hợp đồng và lượng bản tin khổng lồ trong tuần này = for = 20 amnm ! ! ! amnm thứ năm này sẽ được một số bản tin lớn tóm tắt. = = 20 sẽ có khối lượng lớn và giá tăng mạnh trong severa = l = 20 ngày. đây cũng chính là những bản tin đã mô tả sơ lược về CLK hai tuần = eeks = 20 trước đây. họ đã mang về clk từ 1 đô la. 50 đến 4 đô la. 35 trong mười ngày. = we = 20 biết chắc chắn rằng các nhóm tương tự sẽ lập hồ sơ amnm",1,,,,,,ambiguous,marketing_language,review,low,,,translated_dataset_mixed_positive
data_vi:1233,data_vi,,,,"Chủ đề: hứng tình? . . ngừng trả tiền cho nội dung khiêu dâm - 12 lượt miễn phí, tôi biết bạn muốn chụp ảnh các cô gái nóng bỏng phải không? tôi cá là bạn cũng muốn truy cập các trang web khiêu dâm tốt nhất miễn phí phải không? đây là một bí mật: truy cập vào các trang web trả phí miễn phí! hãy dành một phút để đọc những gì tôi sắp nói với bạn và bạn sẽ có toàn quyền truy cập miễn phí vào một số trang thành viên hấp dẫn nhất trên Internet. bấm vào đây việc này không tốn phí gì cả! lưu ý: đây khô",1,,,,,,ambiguous,promotional_call_to_action,review,low,,,translated_dataset_mixed_positive
data_vi:1234,data_vi,,,,Chủ đề: tiết kiệm tiền mua thứ này ở đây bạn chưa thử cials à? bạn thậm chí không thể tưởng tượng được cảm giác trở thành một người đàn ông thực sự trên giường là như thế nào! vấn đề là một lỗi tuyệt vời sẽ được cung cấp cho bạn chính xác khi bạn muốn. ciails có nhiều ưu điểm hơn viaqra - tác dụng kéo dài 36 giờ! - bạn đã sẵn sàng bắt đầu chỉ trong vòng 10 phút! - bạn có thể trộn nó với rượu! chúng tôi gửi đến bất kỳ nước nào! hiểu ngay bây giờ! .,1,,,,,,ambiguous,commercial_offer,review,low,,,translated_dataset_mixed_positive
data_vi:1235,data_vi,,,,"Chủ đề: Quản lý bệnh tiểu đường của bạn một cách dễ dàng với Diadia Plus để không còn nhận được những tin nhắn này từ Diadia Plus Inc. , vui lòng bấm vào đây : hủy đăng ký hoặc gửi thư bưu điện tới :diadia plus inc . 12000 biscayne blvd suite 607 bắc bãi biển miami, fl. 33181 bệnh nhân tiểu đường cộng với 12000 biscayne blvd. , ste . 509 bắc miami, fl 33181 thư điện tử này là một quảng cáo và/hoặc chào mời.",1,,,,,,ambiguous,marketing_language,review,low,,,translated_dataset_mixed_positive
data_vi:1236,data_vi,,,,"Chủ đề: Bạn muốn khiến phụ nữ ngưỡng mộ mình? bấm vào đây . 10 phút trước khi quan hệ, kéo dài 24 - 36 giờ một mắt đổi một mắt khiến cả thế giới mù quáng. người bỏ chạy có thể lại đánh nhau . nơi nào có tư duy cởi mở thì nơi đó luôn có biên giới.",1,,,,,,ambiguous,,review,low,,,translated_dataset_mixed_positive
data_vi:1239,data_vi,,,,"Chủ đề: Cải thiện đáng kể sức chịu đựng của bạn Bạn gái tôi rất thích kết quả, nhưng cô ấy không biết tôi làm gì. cô ấy nghĩ điều đó là tự nhiên - thomas, tôi đã sử dụng sản phẩm của bạn được 4 tháng rồi. tôi đã tăng chiều dài của mình từ 2 lên gần 6. sản phẩm của bạn đã cứu đời sống tình dục của tôi. - matt, fl làm hài lòng đối tác của bạn mọi lúc với một đơn vị lớn hơn, dài hơn, mạnh hơn thực tế sẽ nhanh chóng trở thành một người báo chí ở đây đã tiêu tốn quá nhiều thời gian ở ốc đảo sa mạc đế",1,,,,,,ambiguous,product_service_solicitation,review,low,,,translated_dataset_mixed_positive
data_vi:124,data_vi,,,,Chủ đề: giúp đỡ truyền hình vào năm 1919 bằng kiến ​​thức của tôi. đồng hồ bấm giờ năm 1969,1,,,,,,ambiguous,,review,low,,,translated_dataset_mixed_positive
data_vi:1240,data_vi,,,,"+ CT: nó quá nhỏ, một người đàn ông có chiếc búa 7 - 8 inch đơn giản là được trang bị tốt hơn một người có chiếc búa 5 - 6 inch. bạn muốn có nhiều hơn đủ để hoàn thành công việc hay thiếu hụt . điều đó hoàn toàn tùy thuộc vào bạn. các phương pháp của chúng tôi đảm bảo sẽ tăng kích thước của bạn lên 1 - 3 "". Hãy vào đây và xem cách thực hiện",1,,,,,,ambiguous,,review,low,,,translated_dataset_mixed_positive
data_vi:1242,data_vi,,,,"Chủ đề: mega nneed offr xin chào , chào mừng bạn đến với cạm bẫy pharmonli ne sho ảnh hưởng đến p - một trong những công ty dược phẩm hàng đầu về thuốc giải độc ps ở đó v so sánh g a kibble l l devisor l l navigable a r siêu hình a trousseaux cl i cuồn cuộn sv nguyên tử a ven biển um và nhiều thứ khác . - tiết kiệm khi hâm nóng lại 50 % - trên toàn thế giới sẽ buồn ngủ lpplng - hoàn toàn tự tin và tuyệt vời - hơn 5 triệu khách hàng đã biến mất ở 130 quốc gia có một ngày tuyệt vời!",1,,,,,,ambiguous,product_service_solicitation,review,low,,,translated_dataset_mixed_positive
data_vi:1245,data_vi,,,,"Chủ đề: viagra trực tuyến hiện nay Levitra nằm trong nhóm thuốc điều trị liệt dương dạng uống như viagra . Dù bạn đang có, là một trong những tốt . Lời khuyên là một món quà nguy hiểm , thậm chí từ người khôn ngoan này đến người khôn ngoan khác . đàn ông ở địa vị cao đến đâu cũng phải sợ kẻ khiêm tốn.",1,,,,,,ambiguous,product_service_solicitation,review,low,,,translated_dataset_mixed_positive
data_vi:1246,data_vi,,,,"Chủ đề: bạn không biết cách vào kết quả của công cụ tìm kiếm? việc gửi trang web của bạn lên các công cụ tìm kiếm có thể làm tăng đáng kể doanh số bán hàng trực tuyến của bạn. nếu bạn đầu tư thời gian và tiền bạc vào trang web của mình, bạn chỉ cần gửi trang web của mình trực tuyến nếu không nó sẽ vô hiệu hóa, có nghĩa là nỗ lực bỏ ra vô ích. nếu bạn muốn mọi người biết về trang web của mình và tăng doanh thu, cách duy nhất để làm điều đó là làm cho trang web của bạn hiển thị ở những nơi mà mọi ",1,,,,,,ambiguous,commercial_offer,review,low,,,translated_dataset_mixed_positive
data_vi:1247,data_vi,,,,"Chủ đề: thiết kế cây hòa bình: sáng tạo nghệ thuật phi thường từ những vật dụng bình thường! thiết kế cây hòa bình tạo ra các sản phẩm để nâng cao trải nghiệm hàng ngày của bạn bằng cách đưa nghệ thuật đặc biệt lên những vật dụng bạn sử dụng hàng ngày. các thiết kế nguyên bản và trừu tượng về mặt trời, mặt trăng, sao băng, mắt, mạn đà la và hoa trên tạp chí, tấm lót chuột, túi xách và đồng hồ khiến chúng trở nên đặc biệt và khiến bạn nổi bật. thiết kế cây hòa bình cũng sẽ tạo ra một thiết kế hoặ",1,,,,,,ambiguous,product_service_solicitation,review,low,,,translated_dataset_mixed_positive
data_vi:1248,data_vi,,,,Chủ đề: Thuốc trị liệt dương mới điều trị rối loạn cương dương ở nam giới! thuốc theo toa cho sức khỏe và thể trạng của nam giới. ai chết sẽ trả hết nợ. một tâm trí mãn nguyện là một bữa tiệc liên tục. không có gì có thể làm hài lòng mà không trở thành . lòng thương xót ngọt ngào là huy hiệu thực sự của giới quý tộc.,1,,,,,,ambiguous,product_service_solicitation,review,low,,,translated_dataset_mixed_positive
data_vi:125,data_vi,,,,Chủ đề: nhìn xem Sandy đang làm gì trong ký túc xá của cô ấy kìa! ! tuần này: Sydney cởi trần trong công viên! tham gia cùng cô ấy trong cuộc trò chuyện trực tiếp dành cho thanh thiếu niên của chúng tôi! xem như dải cát khỏa thân trong ký túc xá của cô ấy ! hay nhất là xem cả 4 miễn phí! đừng bỏ lỡ! kinh ngạc nhìn Stacey thật tệ - bắt đầu ken ! và phần thưởng của chúng tôi: pam & tommy uncut ! câu chuyện diễn đàn penthouse ! Jenna Jamieson trong Jennamaxx ! ! vào đây miễn phí ngay bây giờ!,1,,,,,,ambiguous,,review,low,,,translated_dataset_mixed_positive
data_vi:1250,data_vi,,,,"Chủ đề: tăng cung lượng tim và hiệu suất thể thao mà không cần đến bác sĩ để lấy lại tuổi trẻ của bạn và cảm nhận năng lượng cho nhiều người , đây là cơ hội thứ hai mạnh mẽ, hãy nhấn vào đây để đọc về http : / / yv . tôi 2 el . Glowline được đảm bảo. com / xs / yếu tố chung này có thể thay đổi cách bạn trải nghiệm nửa tiếp theo của cuộc đời mình - - - - - tin nhắn gốc - - - - - from : odessa [ mailto : derick @ ktracsy . com ] đã gửi : thứ ba , ngày 3 tháng 3 năm 2005 5 : 42 giờ sáng tới : donni",1,,,,,,ambiguous,,review,low,,,translated_dataset_mixed_positive
data_vi:1251,data_vi,,,,"Chủ đề: bây giờ bạn có thể đa dạng hóa các hoạt động trong phòng ngủ của mình ! thông tin về thuốc cialis : một nguồn thông tin trực tuyến về cialis , một loại thuốc điều trị bất lực mới được FDA chấp thuận tất cả chúng ta đều có đủ sức mạnh để chịu đựng những bất hạnh của người khác . Phúc thay ai có thể cho mà không nhớ và nhận mà không quên. nghi ngờ không phải là một điều kiện dễ chịu, nhưng sự chắc chắn thì vô lý. điều này không hề xúc phạm nhà vua.",1,,,,,,ambiguous,product_service_solicitation,review,low,,,translated_dataset_mixed_positive
data_vi:1252,data_vi,,,,"Chủ đề: re : chúc một ngày tốt lành , mọi người sẽ thích nhận được p - p - t - v và không phải trả một xu . bạn cũng vậy , hãy kiểm tra địa chỉ web bên dưới , sao chép và dán vào trình duyệt của bạn . địa chỉ web là: đánh dấu 4 lựa chọn. com một lần ai không thích những thư như vậy , xin vui lòng . thêm dấu gạch chéo và ' r ' vào địa chỉ trên . và làm ơn. bỏ ra 10 ngày. hiện tại tôi đang thiếu việc làm. . Michael có thích chạy bộ vào đầu tháng trước không? . liên hệ lại với bạn sau, Kristi Olari",1,,,,,,ambiguous,,review,low,,,translated_dataset_mixed_positive
data_vi:1254,data_vi,,,,"Chủ đề: trộn, trích xuất và ghi như một người chuyên nghiệp. tải xuống realplayer plus ngay bây giờ. rip cd nâng cao, trộn và ghi cd và mp 3 giây nhanh hơn với tốc độ 320 kbps. các điều khiển video nâng cao tùy chỉnh trải nghiệm video của bạn với độ sáng, độ tương phản, độ sắc nét và màu sắc eq đồ họa tạo ra âm thanh hoàn hảo bằng cách điều chỉnh đầu vào và kích thước phòng bằng eq đồ họa 10 băng tần. crossfade thiết lập các phân đoạn, thu hẹp khoảng cách giữa các bản nhạc và hòa âm như một ngườ",1,,,,,,ambiguous,,review,low,,,translated_dataset_mixed_positive
data_vi:1256,data_vi,,,,Chủ đề: [ ilug - xã hội ] thua 22 . 5 lbs trong 3 tuần! 1 ) thua 22 . 5 lbs trong 3 tuần! đánh bay mỡ thừa mãi mãi! cung cấp miễn phí 30 ngày http : / / www . nhấp vào quảng cáo . ws / p . cfm ? o = 423 & s = pkl 9 2 ) giới thiệu đuổi bạch kim cho sinh viên với mức giới thiệu 0% apr http : // www . nhấp vào quảng cáo . ws / p . cfm ? o = 421 & s = pkl 9 3 ) truy cập máy tính của bạn từ mọi nơi - tải xuống ngay http : / / www . nhấp vào quảng cáo . ws / p . cfm ? o = 425 & s = pkl 9 chúc một ngày,1,,,,,,ambiguous,marketing_language,review,low,,,translated_dataset_mixed_positive
data_vi:1257,data_vi,,,,"Chủ đề: re : bức ảnh của tôi xin chào em yêu , hãy đến gặp tôi và những cô bạn gái nóng bỏng ở trường tại trang web mới của chúng tôi -> http : / / picturepost . phreehost . com/mypic/đến xem nhanh trước khi xóa trang này nhé.",1,,,,,,ambiguous,,review,low,,,translated_dataset_mixed_positive
data_vi:1258,data_vi,,,,Chủ đề: thông báo trạng thái giao hàng ( thất bại ) đây là thông báo trạng thái giao hàng được tạo tự động . Giao hàng đến người nhận sau thất bại . thông tin @ đơn giản cảm ơn bạn. com,1,,,,,,ambiguous,,review,low,,,translated_dataset_mixed_positive
data_vi:1260,data_vi,,,,"Chủ đề: đạt được sự cương cứng mạnh mẽ hơn và cứng hơn, tăng trưởng dương vật cực độ http : / / www . siratu . com / ss / thực sự không có gì thú vị khi lúc nào cũng phải nhạy cảm . . . . lời khuyên ít được chú ý nhất khi cần thiết nhất. một số người trong chúng tôi đang trở thành người đàn ông mà chúng tôi muốn kết hôn. bạn tôi là một. . . người coi tôi là ai . Con đường khắc nghiệt được chào đón bằng sự tử tế, nỗi sợ hãi được chào đón bằng sự dũng cảm.",1,,,,,,ambiguous,,review,low,,,translated_dataset_mixed_positive
data_vi:1268,data_vi,,,,"Chủ đề: nhìn kìa! bạn đang ở đây! - đừng bỏ lỡ! ! 6674 f i n a l n o t i c e ! chương trình mới trả tiền cho bạn ngay lập tức! hãy bắt đầu ngay hôm nay với cơ hội kinh doanh phát triển nhanh nhất của Hoa Kỳ chứ không phải MLM! ở đây bạn được trả những tấm séc lớn trong cùng một ngày! sử dụng internet để kiếm tiền 24 giờ một ngày! tôi đã kiếm được 21.000 đô la không thể tin được trong tháng 6! . . và sẽ chứng minh điều đó, nếu bạn muốn! mọi người đều có thể làm được điều này! - một hệ thống u t o",1,,,,,,ambiguous,,review,low,,,translated_dataset_mixed_positive
data_vi:127,data_vi,,,,"Chủ đề: medz tuyệt vời của chúng tôi xin chào, chào mừng bạn đến với cửa hàng medzonli decapitation ne, chúng tôi xin hân hạnh giới thiệu mình là một trong những cửa hàng aceuticai dược sĩ theo phong cách trực tuyến đang phát triển. ăn năn v phong tỏa r a congou l autocar ll l l chitterlings ac dendriform l is importunity va u exposition m andmanyother . - tiết kiệm ov lacteal er 75 % - tổng số ty lưỡng hình tự tin - shlppln interallyed g trên toàn thế giới - hơn 5 triệu khách hàng trong 150 cou",1,,,,,,ambiguous,,review,low,,,translated_dataset_mixed_positive
data_vi:1273,data_vi,,,,Chủ đề: vấn đề gần như được đảm bảo gần như đảm bảo thời hạn phát hành cho thị trường có rủi ro suy yếu Kỳ hạn cấp độ 10 năm - 8 vấn đề y tế ở độ tuổi từ 20 đến 55 - 10.000 đến 75.000 đô la mệnh giá a + nhà cung cấp dịch vụ bạn sẽ không ngủ đêm nay vì nghĩ về tất cả những triển vọng mà bạn có đối với sản phẩm này! bạn có vài chiếc hộp đựng sản phẩm này trong ngăn kéo bàn làm việc của mình! Gọi điện thoại hoặc gửi email cho chúng tôi ngay hôm nay ! ghé thăm trang web của chúng tôi www. thuật ngữ ,1,,,,,,ambiguous,product_service_solicitation,review,low,,,translated_dataset_mixed_positive
data_vi:1275,data_vi,,,,"Chủ đề: phần mềm được bản địa hóa, có sẵn tất cả các ngôn ngữ. xin chào, chúng tôi muốn cung cấp các phiên bản phần mềm được bản địa hóa (qerman, tiếng Pháp, tiếng Tây Ban Nha, tiếng Anh và nhiều phiên bản khác). tất cả phần mềm iisted đều có sẵn để tải xuống ngay lập tức! không cần phải đợi 2 - 3 tuần để nhận được cd! chỉ một vài ví dụ: - norton lnternet security pro 2005 - $ 29. 95 - windows xp professional với phiên bản đầy đủ sp 2 - $59 . Bộ đồ họa vẽ 95-corei 12 - $49. 95 - dreamweaver mx 2",1,,,,,,ambiguous,product_service_solicitation;urgent_security_action,review,low,,,translated_dataset_mixed_positive
data_vi:1276,data_vi,,,,Chủ đề: các hiệu thuốc trực tuyến an toàn cialis mang lại hiệu quả và sự tự nhiên trong đời sống tình cảm của bạn. âm nhạc của tôi được trẻ em và động vật hiểu rõ nhất. người ta có thể đạt được mọi thứ trong cô đơn - ngoại trừ tính cách. mọi người thấy cuộc sống hoàn toàn tốn quá nhiều thời gian. sự thật quan trọng hơn sự thật.,1,,,,,,ambiguous,product_service_solicitation,review,low,,,translated_dataset_mixed_positive
data_vi:1277,data_vi,,,,"Tiêu đề: đăng việc nhanh và nhận kết quả nhanh 100 nhà tuyển dụng đang đăng việc tại đây . thực hiện bước phát triển nghề nghiệp tiếp theo của bạn và đăng nhập vào nhật ký việc làm. com tạo một bản lý lịch miễn phí và tìm thấy nhiều lời khuyên nghề nghiệp miễn phí tại trung tâm tài nguyên của chúng tôi! nhật ký việc làm . com 1314 nam vua st. , ste . 856 honolulu, hawaii 96814 thư điện tử này là một quảng cáo và/hoặc chào mời.",1,,,,,,ambiguous,marketing_language;password_or_login,review,low,,,translated_dataset_mixed_positive
data_vi:1279,data_vi,,,,"Chủ đề: Có tất cả các phần mềm đồ họa, phiên bản OEM giá rẻ. chào buổi sáng, chúng tôi cung cấp các gói OEM mới nhất của tất cả các phần mềm đồ họa và Publishinq từ corel, macromedia, adobe và các phần mềm khác. adobe photoshop8 giá 80$ . 0 / cs $140 macromedia studio mx 2004 $120 adobe acrobat 7 . 0 chuyên nghiệp $ 150 adobe Premier pro 1 . 5 $90 corel thiết kế 10 $90 quickbooks 2004 phiên bản professionalai $75 adobe paqemaker 7 . 0 $70 xara x vl . 1 buổi thử giọng adobe $ 75 1 . 5 $ 90 kín đá",1,,,,,,ambiguous,product_service_solicitation,review,low,,,translated_dataset_mixed_positive
data_vi:1280,data_vi,,,,"Chủ đề: doanh số bán hàng trực tuyến của bạn thấp vì bạn không có đủ khách truy cập? việc gửi trang web của bạn lên các công cụ tìm kiếm có thể làm tăng đáng kể doanh số bán hàng trực tuyến của bạn. nếu bạn đầu tư thời gian và tiền bạc vào trang web của mình, bạn chỉ cần gửi trang web của mình trực tuyến nếu không nó sẽ hầu như vô hình, điều đó có nghĩa là nỗ lực bỏ ra vô ích. nếu bạn muốn mọi người biết về trang web của mình và tăng doanh thu, cách duy nhất để làm điều đó là làm cho trang web c",1,,,,,,ambiguous,commercial_offer,review,low,,,translated_dataset_mixed_positive
data_vi:1281,data_vi,,,,Chủ đề: tình dục tốt hơn! mối quan hệ tốt hơn! thỏa thuận viagra thực sự trên mạng ! đơn giản là tốt nhất ! bản chất của mọi sự vĩ đại là không chính xác. anh ta dường như đã bị dưa chua . chừng nào còn có đàn ông thì sẽ có chiến tranh. người Mỹ không bao giờ bỏ cuộc,1,,,,,,ambiguous,product_service_solicitation,review,low,,,translated_dataset_mixed_positive
data_vi:1282,data_vi,,,,Chủ đề: thông báo trạng thái giao hàng ( thất bại ) đây là thông báo trạng thái giao hàng được tạo tự động . Giao hàng đến người nhận sau thất bại . roger @ gryphon . com . au,1,,,,,,ambiguous,,review,low,,,translated_dataset_mixed_positive
data_vi:1288,data_vi,,,,"Chủ đề: doanh số bán hàng trực tuyến của bạn thấp vì bạn không có đủ khách truy cập? việc gửi trang web của bạn lên các công cụ tìm kiếm có thể làm tăng đáng kể doanh số bán hàng trực tuyến của bạn. Nếu bạn đầu tư thời gian và tiền bạc vào trang web của mình, bạn chỉ cần gửi trang web của mình trực tuyến, nếu không nó sẽ bị invisibie virtualiy, nghĩa là nỗ lực bỏ ra vô ích. nếu bạn muốn mọi người biết về trang web của mình và tăng doanh thu, cách duy nhất để làm điều đó là làm cho trang web của ",1,,,,,,ambiguous,commercial_offer,review,low,,,translated_dataset_mixed_positive
data_vi:1289,data_vi,,,,"Chủ đề: làm thế nào để ngâm cô ấy trong tinh dịch "" Bạn gái tôi và tôi thực sự rất thích làm những bộ phim khiêu dâm tự chế của riêng mình . chúng tôi bắt đầu giả vờ giống như những ngôi sao khiêu dâm mặc dù sẽ chỉ có hai chúng tôi xem chúng . một điều thực sự còn thiếu trong các bộ phim của chúng tôi là cảnh quay kiếm tiền và thành thật mà nói, tôi thật may mắn nếu cảnh quay kiếm tiền của tôi đáng giá một đô la, tôi đã đặt hàng spur-m và bây giờ tất cả các bộ phim gia đình của chúng tôi đều kết",1,,,,,,ambiguous,commercial_offer,review,low,,,translated_dataset_mixed_positive
data_vi:129,data_vi,,,,Chủ đề: nó hoạt động tốt. Bạn muốn biết cách giảm buồn nôn 60% trên thuốc của mình không? http://www hàng đêm. đăng ký . com - cách thành công và đã được chứng minh giúp bạn tiết kiệm tiền trong thời gian ngắn. sự vô vọng v sự suy thoái ag hiệu ứng al outspeak lu phụ trợ l r ổ gà một tấm thảm cl Actinic là một người sành sỏi l pecksniff m và nhiều thứ khác. sự cân nhắc prlc tốt nhất es. chất lượng hợp lưu cao. mong muốn shlpplng trên toàn thế giới. đến sự ngu ngốc và sự tự tin. 250. 000 + số lượ,1,,,,,,ambiguous,product_service_solicitation,review,low,,,translated_dataset_mixed_positive
data_vi:1290,data_vi,,,,"Chủ đề: Có tất cả các phần mềm đồ họa, phiên bản OEM giá rẻ. chào buổi sáng, chúng tôi cung cấp các gói OEM mới nhất của tất cả các phần mềm đồ họa và Publishinq từ corel, macromedia, adobe và các phần mềm khác. adobe photoshop8 giá 80$ . 0 / cs $140 macromedia studio mx 2004 $120 adobe acrobat 7 . 0 chuyên nghiệp $ 150 adobe Premier pro 1 . 5 $90 corel thiết kế 10 $90 quickbooks 2004 phiên bản professionalai $75 adobe paqemaker 7 . 0 $70 xara x vl . 1 buổi thử giọng adobe $ 75 1 . 5 $ 90 kín đá",1,,,,,,ambiguous,product_service_solicitation,review,low,,,translated_dataset_mixed_positive
data_vi:1291,data_vi,,,,"Chủ đề: lãi suất cho vay thế chấp thấp nhất vkp bình luận đã đến lúc tái cấp vốn ! tín dụng của bạn không thành vấn đề, chúng tôi có thể chấp thuận bất kỳ ai. bây giờ là lúc để một số công ty cho vay thế chấp hàng đầu trong nước cạnh tranh giành quyền kinh doanh của bạn. nếu bạn có tín dụng tốt, chúng tôi sẽ cung cấp cho bạn mức giá tuyệt vời nhất hiện có ở bất kỳ đâu! nếu bạn có tín dụng kém, đừng lo lắng! chúng tôi vẫn có thể tái cấp vốn cho bạn với mức giá cạnh tranh nhất trong ngành! hãy để ",1,,,,,,ambiguous,product_service_solicitation,review,low,,,translated_dataset_mixed_positive
data_vi:1293,data_vi,,,,"Chủ đề: de la part des enfants ama rue des Martís , Avenue delafosse 01 bp 124 abidjan 01 republique de cote d 'ivoire liên hệ : ( 00225 ) 05 80 75 51 mệnh đề d ? các vấn đề bonjour , avec tôn trọng và khiêm tốn? , j ? ai d?cid? bạn là người cung cấp thông tin d ? một mệnh đề d ? các vấn đề qui sera tr?s b?n?fique pour nous deux . je me nomm ama marie, la fille de feu Chef ama thomas, sát thủ? mệnh lực lượng nổi dậy. avant sa mort , mon p?re ?tait un homme d' Affaire et directeur de la soci?t? q",1,,,,,,ambiguous,large_fund_bait,review,low,,,translated_dataset_mixed_positive
data_vi:1296,data_vi,,,,"Chủ đề: miếng dán tăng kích thước dương vật mới! miếng dán tăng kích thước dương vật mới! http://www. gretan . com / ss / anh ấy trồng cây để mang lại lợi ích cho thế hệ khác . kẻ không thể tha thứ cho chính mình thì thật bất hạnh biết bao. tự thuyết phục mình , tôi không tìm cách thuyết phục . anh ấy đã ăn thịt tôi ra khỏi nhà và về nhà . Những nỗi sợ hãi nhỏ nhặt và những niềm vui vụn vặt chỉ là cái bóng của hiện thực.",1,,,,,,ambiguous,,review,low,,,translated_dataset_mixed_positive
data_vi:1298,data_vi,,,,"Chủ đề: phần mềm được bản địa hóa, có sẵn tất cả các ngôn ngữ. xin chào, chúng tôi muốn cung cấp các phiên bản phần mềm được bản địa hóa (qerman, tiếng Pháp, tiếng Tây Ban Nha, tiếng Anh và nhiều phiên bản khác). tất cả phần mềm được liệt kê đều có sẵn để tải xuống ngay lập tức! không cần phải đợi 2 - 3 tuần để nhận được cd! chỉ một vài ví dụ: - Norton Internet Security Pro 2005 - 29$. 95 - windows xp professional với phiên bản sp 2 Fuli - $59 . Bộ đồ họa vẽ 95-corei 12 - $49. 95 - dreamweaver m",1,,,,,,ambiguous,product_service_solicitation;urgent_security_action,review,low,,,translated_dataset_mixed_positive
data_vi:130,data_vi,,,,"Chủ đề: phần mềm được bản địa hóa, có sẵn tất cả các ngôn ngữ. xin chào, chúng tôi muốn cung cấp các phiên bản phần mềm được bản địa hóa (tiếng Đức, tiếng Pháp, tiếng Tây Ban Nha, tiếng Anh và nhiều phiên bản khác). phần mềm được liệt kê của aii đã có sẵn để tải xuống ngay lập tức! không cần phải đợi 2 - 3 tuần để nhận được cd! chỉ một vài bài kiểm tra: - norton internet security pro 2005 - $ 29. 95 - windows xp professional với phiên bản sp 2 fuil - $59 . 95 - bộ đồ họa corel draw 12 - $49 . 95",1,,,,,,ambiguous,product_service_solicitation;urgent_security_action,review,low,,,translated_dataset_mixed_positive
data_vi:1300,data_vi,,,,"Chủ đề: cc ngăn ngừa hiện tượng đông cứng nhiên liệu diesel 3750 r - 5 1075 rxoo 9 - 26 ll 1 tăng mức tiết kiệm xăng của bạn thật dễ dàng và nhanh chóng bất kỳ ai cũng có thể cài đặt hoạt động trên bất kỳ động cơ ô tô nào, cải thiện hiệu suất động cơ được kiểm tra bởi phòng thí nghiệm thử nghiệm epa được công nhận, đảm bảo 100% joel 94515085@yahoo. com",1,,,,,,ambiguous,,review,low,,,translated_dataset_mixed_positive
data_vi:1301,data_vi,,,,"Chủ đề: tetm : 22 , lãi : 3 . 55% ha http://voj 2hcdc. thuộc lòng . espoeiur . chúng ta / ? 21 vtmhuy",1,,,,,,ambiguous,,review,low,,,translated_dataset_mixed_positive
data_vi:1302,data_vi,,,,Chủ đề: medzz cho cuộc sống của bạn làm thế nào để tiết kiệm chi phí medlca xa nhất trên 70%. dược sĩ bảo vệ hop - thành công và pr cadger lò nướng cách để tiết kiệm tiền của bạn chuẩn bị trước y. dây đeo cổ v cởi quần áo ag a hạn chế l l primaeval u đánh l máy đánh chữ ra bất biến cl quan sát là trắng trắng al lao động m và nhiều thứ khác. prlce paterae tốt nhất. sự ghê tởm trên toàn thế giới hlpplng . đặt hàng dễ dàng cho khách sạn rm. tổng số niềm tin haricotbean tiaiity. 2 đánh giá thấp 50.0,1,,,,,,ambiguous,commercial_offer,review,low,,,translated_dataset_mixed_positive
data_vi:1303,data_vi,,,,"Chủ đề: trẻ hơn và khỏe mạnh hơn với Ultimate - hghl 7283 như đã thấy trên nbc , cbs , cnn , và thậm chí cả oprah ! khám phá về sức khỏe thực sự làm đảo ngược quá trình lão hóa trong khi đốt cháy chất béo mà không cần ăn kiêng hay tập thể dục ! khám phá đã được chứng minh này thậm chí còn được tạp chí y học New England đưa tin. quên đi tuổi già và ăn kiêng mãi mãi! và nó được đảm bảo! bấm vào bên dưới để vào trang web của chúng tôi: http: / / www. freehostchina . com / washgh / bạn có muốn giảm ",1,,,,,,ambiguous,,review,low,,,translated_dataset_mixed_positive
data_vi:1313,data_vi,,,,"Chủ đề: phần mềm được bản địa hóa, có sẵn tất cả các ngôn ngữ. xin chào, chúng tôi muốn cung cấp các phiên bản phần mềm được bản địa hóa (qerman, tiếng Pháp, tiếng Tây Ban Nha, tiếng Anh và nhiều phiên bản khác). phần mềm được liệt kê ali có sẵn để tải xuống ngay lập tức! không cần phải đợi 2 - 3 tuần để nhận được cd! chỉ một vài bài kiểm tra: - norton internet security pro 2005 - $ 29. 95 - windows xp professionalai với phiên bản sp 2 Fuli - $59 . Bộ đồ họa vẽ 95-corei 12 - $49. 95 - dreamweave",1,,,,,,ambiguous,product_service_solicitation;urgent_security_action,review,low,,,translated_dataset_mixed_positive
data_vi:1314,data_vi,,,,"Chủ đề: tôi chưa bao giờ gửi cho bạn cái này - hãy im lặng đi! :) đột phá tín dụng trực tuyến xgabsửa chữa tín dụng trực tuyến của bạn ! 9 3 komv 2 wsfoclxkmsyflo 4 owgr 2 cg 7 lpmqkubnnlwnhhi 3 cr 5 m 7 uexugđiều đó đúng - giờ đây bạn có thể truy cập + xóa tín dụng xấu trực tuyến - trực tiếp từ sự thoải mái + thuận tiện trên máy tính của bạn ! theo dõi tín dụng của bạn hàng ngày, với các cập nhật theo thời gian thực, nhận thông tin bạn cần một cách nhanh chóng và hiệu quả để xóa các mục tín dụn",1,,,,,,ambiguous,,review,low,,,translated_dataset_mixed_positive
data_vi:1315,data_vi,,,,"Chủ đề: mọi người có thể tìm thấy trang web của bạn không? xúc tiến 245 tây roosevelt rd. tòa nhà 15, ste. 109 west Chicago, il 60185 thư điện tử này là một quảng cáo và/hoặc chào mời.",1,,,,,,ambiguous,marketing_language,review,low,,,translated_dataset_mixed_positive
data_vi:1316,data_vi,,,,"Chủ đề: bạn đã xem tập đặc biệt hàng tuần mới nhất chưa? mong muốn đảm bảo các biện pháp giảm nhẹ hiệu quả với chi phí nhỏ? tôi có thể không. ave trên rxmedics như những người khác ? Với nhiều loại thuốc chữa trị đau đớn, rối loạn chức năng sinh sản nam giới, tăng mức cholesterol, căng thẳng, béo phì, cơ bắp cần thư giãn, rối loạn giấc ngủ hoặc chăm sóc nam giới, công ty chúng tôi cung cấp cho khách hàng những phương pháp chữa trị nhanh chóng. tại cửa hàng của chúng tôi, khách hàng có thể trải n",1,,,,,,ambiguous,product_service_solicitation,review,low,,,translated_dataset_mixed_positive
data_vi:1319,data_vi,,,,"Chủ đề: lời mời từ Lisa @ Freightmart. com sẽ bị xóa khỏi mọi ưu đãi trong tương lai, chỉ cần nhấp vào đây! Để biết thêm thông tin bấm vào đây ! http://xent. com / người đưa thư / listinfo / fork",1,,,,,,ambiguous,promotional_call_to_action,review,low,,,translated_dataset_mixed_positive
data_vi:132,data_vi,,,,Chủ đề: những người bạn thân nhất và gia đình của bạn xứng đáng có được album ảnh đẹp nhất trên internet! Phân phối phần mềm . một con ngựa ! một con ngựa ! vương quốc của tôi cho một con ngựa! anh hùng thường là những người đàn ông bình thường nhất.,1,,,,,,ambiguous,product_service_solicitation,review,low,,,translated_dataset_mixed_positive
data_vi:1320,data_vi,,,,"Chủ đề: sắp đến ngày nghỉ lễ? cần giúp đỡ . chúng tôi là một công ty 500 năm tuổi, đang phát triển với tốc độ chóng mặt. chúng tôi đang tìm kiếm những cá nhân muốn làm việc tại nhà. đây là cơ hội để kiếm được thu nhập tuyệt vời. không cần kinh nghiệm. chúng tôi sẽ đào tạo bạn. vì vậy nếu bạn đang muốn làm việc tại nhà với một nghề nghiệp có nhiều cơ hội thì hãy truy cập : http : / / ter . netblah . com: 8080 chúng tôi đang tìm kiếm những người năng động và năng động. nếu đó là bạn, hãy nhấp vào ",1,,,,,,ambiguous,,review,low,,,translated_dataset_mixed_positive
data_vi:1322,data_vi,,,,"Chủ đề: fyi barclays ngân hàng plc 63 st . mary ax london ec 3 a 8 le email : timkennedyo 03 @ netscape . fax mạng: + 447092868687 tôi là ông. tim kennedy, chuyên viên tín dụng cao cấp, ngân hàng barclays plc london. tôi viết thư này sau một cơ hội ở văn phòng của tôi sẽ mang lại lợi ích to lớn cho cả hai chúng ta. trong bộ phận của tôi, chúng tôi đã phát hiện ra số tiền bị bỏ rơi là 12. 5 triệu bảng Anh ( mười hai triệu năm trăm nghìn bảng Anh ) trong tài khoản của một trong những khách hàng nư",1,,,,,,ambiguous,product_service_solicitation,review,low,,,translated_dataset_mixed_positive
data_vi:1325,data_vi,,,,Chủ đề: làm hài lòng người phụ nữ của bạn - kích cỡ rất quan trọng ! mở rộng dương vật của bạn lớn hơn 20% trong vài tuần http : / / www . được rồi. com / ss / người Hy Lạp đã phát minh ra logic nhưng không bị nó đánh lừa . được sợ hãi sẽ an toàn hơn nhiều so với được yêu thương. đó là sự thất bại của tuổi trẻ khi không thể kiểm soát được sự bốc đồng của mình. luật pháp khắt khe nhất đôi khi lại trở thành sự bất công nghiêm trọng nhất. nước mắt đôi khi có sức nặng bằng lời nói.,1,,,,,,ambiguous,,review,low,,,translated_dataset_mixed_positive
data_vi:1326,data_vi,,,,"Chủ đề: viagra giúp bạn quan hệ tình dục tuyệt vời ! gặp vấn đề trên giường? chúng tôi có thể giúp ! một tâm trí nghi ngờ luôn nhìn vào mặt đen của mọi việc. Để thành công, trước tiên chúng ta phải tin rằng mình có thể. phụ nữ cư xử tốt hiếm khi làm nên lịch sử. hầu hết các cuộc trò chuyện chỉ đơn giản là những đoạn độc thoại được thực hiện trước sự chứng kiến ​​của các nhân chứng.",1,,,,,,ambiguous,product_service_solicitation,review,low,,,translated_dataset_mixed_positive
data_vi:1328,data_vi,,,,"Chủ đề: Có tất cả các phần mềm đồ họa, phiên bản OEM giá rẻ. chào buổi sáng, chúng tôi cung cấp các gói OEM mới nhất của tất cả các phần mềm đồ họa và Publishinq từ corel, macromedia, adobe và các phần mềm khác. adobe photoshop8 giá 80$ . 0 / cs $140 macromedia studio mx 2004 $120 adobe acrobat 7 . 0 chuyên nghiệp $ 150 adobe Premier pro 1 . 5 $ 90 corel desiqner 10 $ 90 quickbooks 2004 phiên bản chuyên nghiệp $ 75 adobe pagemaker 7 . 0 $70 xara x vl . 1 buổi thử giọng adobe $ 75 1 . 5 $ 90 kín ",1,,,,,,ambiguous,product_service_solicitation,review,low,,,translated_dataset_mixed_positive
data_vi:133,data_vi,,,,Chủ đề: không phải là một vấn đề tồi tệ khác nữa khi bạn biết cách tiết kiệm hơn 60% tiền thuốc của mình? http://www. liên phản đối tốt. com - thành công với một cách đã được chứng minh là giúp bạn tiết kiệm tiền . ghê tởm và hung hãn g a bắt buộc l l chế độ quân chủ u cứng rắn l r học viên a mandible cl harslet isva nôn ra l bùn m và nhiều thứ khác . es prlc tốt nhất trên trái đất. hig souffle h quaiity . nữ phù thủy thế giới ide shlpplng . toàn bộ hình elip l độ tin cậy . 250. 000 + sự hài lòn,1,,,,,,ambiguous,product_service_solicitation,review,low,,,translated_dataset_mixed_positive
data_vi:1330,data_vi,,,,"Chủ đề: Có tất cả các phần mềm đồ họa, phiên bản OEM giá rẻ. chào buổi sáng, chúng tôi cung cấp các gói OEM mới nhất của tất cả các phần mềm đồ họa và Publishinq từ corel, macromedia, adobe và các phần mềm khác. adobe photoshop8 giá 80$ . 0 / cs $140 macromedia studio mx 2004 $120 adobe acrobat 7 . 0 chuyên nghiệp $ 150 adobe Premier pro 1 . 5 $ 90 corel desiqner 10 $ 90 quickbooks 2004 phiên bản chuyên nghiệp $ 75 adobe pagemaker 7 . 0 $70 xara x vl . 1 buổi thử giọng adobe $ 75 1 . 5 $ 90 kín ",1,,,,,,ambiguous,product_service_solicitation,review,low,,,translated_dataset_mixed_positive
data_vi:1331,data_vi,,,,"Chủ đề: khẩn cấp! ! tôi có một câu hỏi về trang web của bạn? xin chào , tên tôi là steve scott và tôi là chủ tịch kiêm giám đốc điều hành của Seicars . com tôi muốn chia sẻ với bạn về cách tôi đã làm cho hàng nghìn chủ sở hữu trang web như bạn trở nên giàu có. vâng, ý tôi là giàu có bẩn thỉu. hệ thống tôi đã phát triển và bạn sắp học kiếm được số tiền khổng lồ từ bất kỳ máy tính nào được kết nối với internet, ở bất kỳ đâu trên thế giới. trong một tháng bạn có thể kiếm được nhiều hơn cả năm làm v",1,,,,,,ambiguous,marketing_language,review,low,,,translated_dataset_mixed_positive
data_vi:1335,data_vi,,,,Chủ đề: phần mềm có thương hiệu http : / / p 's . mainoemstore . com / ? a = 3107,1,,,,,,ambiguous,product_service_solicitation,review,low,,,translated_dataset_mixed_positive
data_vi:1339,data_vi,,,,Chủ đề: qp - chúng xuất hiện trong mắt các thiếu niên - cr những con đĩ dễ thương này đang vượt qua mọi biên giới trong những trò chơi siêu bẩn thỉu của chúng ! http : // jcyk . itoma - dịch vụ . com / cfillye / ? thu thập,1,,,,,,ambiguous,product_service_solicitation,review,low,,,translated_dataset_mixed_positive
data_vi:134,data_vi,,,,"Chủ đề: này. chúng tôi nợ bạn một số tiền, chủ nhà thân mến, chúng tôi đã gửi email cho bạn cách đây không lâu, vì giờ đây bạn đủ điều kiện nhận mức lãi suất thấp hơn nhiều dựa trên mức giảm lãi suất lớn nhất trong nhiều năm. bạn đã được chấp thuận trước cho khoản vay mua nhà trị giá 400.000 USD với lãi suất cố định thấp. hãy nhấp vào liên kết sau để xử lý đơn đăng ký của bạn: mẫu phê duyệt 1 phút. chân thành , David Morrison quản lý tài khoản cấp cao Rogan và các cộng sự , LLC http : / / www . ",1,,,,,,ambiguous,commercial_offer;large_fund_bait,review,low,,,translated_dataset_mixed_positive
data_vi:1340,data_vi,,,,"Chủ đề: bộ sưu tập phim khiêu dâm lớn nhất từ ​​trước đến nay - x 89 kiêm chứng kiến ​​những thành tựu tình dục cực đoan nhất từng được tìm thấy trên mạng ! chúng tôi có rất nhiều bức ảnh và video độc quyền chưa từng thấy về các diễn viên khiêu dâm yêu thích của bạn đang thực hiện chính xác những gì bạn mơ ước! bạn có nghĩ mình có đủ tố chất để đánh bại một trong những kỷ lục của chúng tôi không? chúng tôi hoan nghênh tất cả các thành viên tham gia, hãy xem liệu bạn có đủ khả năng để giành được ",1,,,,,,ambiguous,,review,low,,,translated_dataset_mixed_positive
data_vi:1346,data_vi,,,,"Chủ đề: phần mềm được bản địa hóa, có sẵn tất cả các ngôn ngữ. xin chào, chúng tôi muốn cung cấp các phiên bản phần mềm được bản địa hóa (tiếng Đức, tiếng Pháp, tiếng Tây Ban Nha, tiếng Anh và nhiều phiên bản khác). tất cả phần mềm iisted đều có sẵn để tải xuống ngay lập tức! không cần phải đợi 2 - 3 tuần để nhận được cd! chỉ một vài bài kiểm tra : - norton lnternet security pro 2005 - $ 29 . 95 - windows xp professional với phiên bản sp 2 fuil - $59 . 95 - bộ đồ họa corel draw 12 - $49 . 95 - d",1,,,,,,ambiguous,product_service_solicitation;urgent_security_action,review,low,,,translated_dataset_mixed_positive
data_vi:1347,data_vi,,,,"Chủ đề: bạn muốn quan hệ tình dục hoàn toàn - phải không? kê đơn miễn phí và giao viagra qua đêm. http://qxi. dagohevoa 5 d 3 hwd . dmshushhb . com như anh ấy nghĩ trong lòng , thì anh ấy là vậy . chỉ những người dám thất bại nặng nề mới có thể đạt được thành tựu to lớn. đơn giản là anh ta có bản năng bất hạnh rất phát triển .",1,,,,,,ambiguous,product_service_solicitation,review,low,,,translated_dataset_mixed_positive
data_vi:1348,data_vi,,,,"Chủ đề: không thuốc , không máy bơm - đó là miếng dán tăng trưởng dương vật cực độ http : / / www . xunepa . com / ss / cái chết không phải là điều tồi tệ nhất có thể xảy ra với đàn ông . không ai bị phá hủy ngoại trừ chính mình. may mắn là những gì bạn còn lại sau khi bạn cống hiến 100%. sự tự do của tất cả mọi người là điều cần thiết cho sự tự do của tôi. cái chết giải quyết mọi vấn đề. không đâu, không vấn đề gì.",1,,,,,,ambiguous,product_service_solicitation,review,low,,,translated_dataset_mixed_positive
data_vi:1349,data_vi,,,,"Chủ đề: cập nhật thông tin - yêu cầu xác minh khách hàng thân mến của wells fargo , như bạn có thể đã biết , chúng tôi tại wells fargo đảm bảo an ninh trực tuyến của bạn và hợp tác với bạn để ngăn chặn gian lận . do chương trình cập nhật hàng quý toàn diện mới được giới thiệu ( nhằm giúp bạn chống trộm danh tính , theo dõi tín dụng của bạn và sửa bất kỳ lỗi nào có thể xảy ra ) , chúng tôi khuyên bạn nên thực hiện 2 bước quy trình xác nhận tài khoản wells fargo . Hoạt động bao gồm việc đăng nhập ",1,,,,,,ambiguous,product_service_solicitation;password_or_login,review,low,,,translated_dataset_mixed_positive
data_vi:135,data_vi,,,,"Chủ đề: mở rộng dương vật của bạn lớn hơn 20 % trong vài tuần, thêm 3 + inch ngay hôm nay - đừng để bị bỏ lại phía sau http : / / www . xunepa . com / ss / theo truyền thống , hầu hết hàng nhập khẩu của Úc đến từ nước ngoài . chúng ta nên sống cuộc sống của mình như thể Chúa Kitô sẽ đến vào chiều nay. chủ nghĩa hư vô được thực hiện tốt nhất bởi các chuyên gia. cho đi đôi khi là một điều cần thiết. . . thực ra là cấp bách hơn việc có . không ai trên thế giới cần một chiếc áo khoác lông chồn ngoài",1,,,,,,ambiguous,,review,low,,,translated_dataset_mixed_positive
data_vi:1350,data_vi,,,,Chủ đề: dịch vụ gọi điện chơi khăm vui nhộn vui lòng truy cập http://ukprankcalls. com để chơi một trò đùa vui nhộn với bạn bè của bạn!,1,,,,,,ambiguous,product_service_solicitation,review,low,,,translated_dataset_mixed_positive
data_vi:1351,data_vi,,,,"Chủ đề: xin chào visioson @ hpp . za . net , một người bạn đã chỉ cho tôi một cách để lấy p . P . v. trên truyền hình và chưa trả bất cứ điều gì? ha ha , ừ , đúng rồi , ý tôi là vậy . nhấn vào bên dưới và tự kiểm tra: http : / / balkis . nhìn 4 thể hiện. thông tin dễ cài đặt. để xuống xe , chỉ cần thêm dấu gạch chéo r vào địa chỉ trên . 14 . chín mươi sáu chai bia, ba a's, ba b's, một c, hai d's, hai mươi tám e's, bảy f's, ba g's, tám h's, mười ba i's, bốn l's, mười sáu n's, chín o's, chín r's, ",1,,,,,,ambiguous,,review,low,,,translated_dataset_mixed_positive
data_vi:1353,data_vi,,,,Chủ đề: thêm medz cách tiết kiệm thời gian cho việc điều trị của bạn trên 70%. pharmsho nhung p-succ không thể mua được và là cách đã được chứng minh để cứu đôi mắt đổ nát của bạn. biến dạng v antarctic ag a liên kết ll l suối u không tốn kém l r mũi hóa một cái nhìn chằm chằm cl đường đi isva thượng cổ l đa dạng m và nhiều thứ khác . lật đổ tốt nhất. pplng cung cấp thông tin shl trên toàn thế giới. mẫu đơn đặt hàng dễ dàng của Song Ngư. sự bảo mật hoàn toàn chiasmus . 250.000 khu vực lân cận hà,1,,,,,,ambiguous,commercial_offer,review,low,,,translated_dataset_mixed_positive
data_vi:1354,data_vi,,,,"Chủ đề: hiếp dâm! ! . hiếp dâm tình dục! bấm vào đây bạn phải ít nhất 18 tuổi mới được vào! để được xóa khỏi danh sách gửi thư "" nội bộ "" của chúng tôi hãy nhấp vào đây và bạn sẽ tự động bị xóa khỏi các lần gửi thư trong tương lai . bạn đã nhận được email này bằng cách yêu cầu thêm thông tin trên một trong các trang web của chúng tôi hoặc ai đó có thể đã sử dụng địa chỉ email của bạn. nếu bạn nhận được email này do nhầm lẫn, vui lòng chấp nhận lời xin lỗi của chúng tôi.",1,,,,,,ambiguous,promotional_call_to_action,review,low,,,translated_dataset_mixed_positive
data_vi:1356,data_vi,,,,"Chủ đề: tiền mặt: $48463 chủ nhà thân mến, bạn đã được chấp thuận trước cho khoản vay $200,000 với lãi suất cố định thấp. ưu đãi này được gia hạn cho bạn vô điều kiện và tín dụng của bạn không phải là một yếu tố. để tận dụng cơ hội thời gian có hạn này, chúng tôi yêu cầu bạn truy cập trang web của chúng tôi và hoàn thành biểu mẫu phê duyệt bài đăng. http://www. dễ dàng - tức thời - tiết kiệm . com / i / lzevaw 5 kzxgvamvlenkvnmo 3 dhjommto clair Spearsua logan tập đoàn tài chính - - - - - - - - ",1,,,,,,ambiguous,,review,low,,,translated_dataset_mixed_positive
data_vi:1358,data_vi,,,,"Chủ đề: hoàn toàn riêng tư. tạm biệt, với trái tim ấm áp, bạn của tôi, tôi gửi cho bạn lời chào mừng và tôi hy vọng lá thư này sẽ đến với bạn vào thời điểm thích hợp. bạn sẽ ngạc nhiên khi nhận được lời đề nghị này từ tôi vì bạn không biết rõ về tôi. tuy nhiên, tôi chân thành mong đợi sự tin tưởng của bạn trong giao dịch này, điều mà tôi đề xuất với tâm trí tự do và với tư cách là một người liêm chính. Tôi đã giữ điều đó cho riêng mình một thời gian dài, và bây giờ tôi cần phải hành động, vì thờ",1,,,,,,ambiguous,commercial_offer;financial_information_request,review,low,,,translated_dataset_mixed_positive
data_vi:1359,data_vi,,,,"Chủ đề: Có tất cả các phần mềm đồ họa, phiên bản OEM giá rẻ. chào buổi sáng, chúng tôi cung cấp các gói OEM mới nhất của tất cả các phần mềm đồ họa và Publishinq từ corel, macromedia, adobe và các phần mềm khác. adobe photoshop8 giá 80$ . 0 / cs $140 macromedia studio mx 2004 $120 adobe acrobat 7 . 0 chuyên nghiệp $ 150 adobe Premier pro 1 . 5 $90 corel thiết kế 10 $90 quickbooks 2004 phiên bản professionalai $75 adobe paqemaker 7 . 0 $70 xara x vl . 1 buổi thử giọng adobe $ 75 1 . 5 $ 90 kín đá",1,,,,,,ambiguous,product_service_solicitation,review,low,,,translated_dataset_mixed_positive
data_vi:136,data_vi,,,,"Chủ đề: tải xuống phiên bản mới nhất, đĩa CD và tải xuống với giá dưới 99 USD nhiều loại ứng dụng phần mềm, trình điều khiển, v.v. http://oqqoe. 29 oz 512 vhck 9 hlk . quảng trường . lưới một nhà thơ hơn ba mươi tuổi chỉ là một đứa trẻ quá lớn . cách chúng ta nhìn nhận vấn đề chính là vấn đề.",1,,,,,,ambiguous,product_service_solicitation,review,low,,,translated_dataset_mixed_positive
data_vi:1360,data_vi,,,,"Chủ đề: quan trọng 42745 hãy bắt đầu công việc kinh doanh giải trí dành cho người lớn của riêng bạn. trò giải trí này thu hút rất nhiều lưu lượng truy cập và doanh số bán hàng của nó là một trong những hoạt động kinh doanh kiếm tiền nhanh chóng hiện nay. kiếm rất nhiều tiền khi làm việc tại nhà với trang web dành cho người lớn được thiết kế chuyên nghiệp của riêng bạn để đảm bảo có cơ hội kinh doanh , cung cấp các trang web dành cho người lớn được xây dựng theo yêu cầu riêng với nhiều lĩnh vực k",1,,,,,,ambiguous,commercial_offer;financial_information_request,review,low,,,translated_dataset_mixed_positive
data_vi:1362,data_vi,,,,Chủ đề: thật tuyệt vời muốn biết cách tiết kiệm hơn 60% cho những sản phẩm dlcatlons carbon hóa của bạn? http://www. owncen hiểu sai tral . com - một cách thành công và đã được chứng minh để giúp bạn tiết kiệm tiền một cách lớn lao. tốt nhất prlce mãnh liệt s . chim ưng chất lượng cao. hlpplng từ chối trên toàn thế giới. tổng số confi disbar dentiaiity . mor monotype e hơn 200 medlcatlons phổ biến có một đợt phân phối tốt đẹp y !,1,,,,,,ambiguous,product_service_solicitation,review,low,,,translated_dataset_mixed_positive
data_vi:1363,data_vi,,,,"Chủ đề: tránh dùng viagra giả, dùng thuốc thật, uống thuốc tăng lực cho sức khỏe tình dục, cô ấy là người đàn ông duy nhất trong tủ của tôi. hành động như thể không thể thất bại. sự xung đột giữa các học thuyết không phải là một thảm họa - - đó là một cơ hội.",1,,,,,,ambiguous,product_service_solicitation,review,low,,,translated_dataset_mixed_positive
data_vi:1364,data_vi,,,,"Chủ đề: bộ ký tự logo hoàn hảo = koi 8 - r "" > nghĩ đến việc thổi luồng sinh khí mới vào doanh nghiệp của bạn ? bắt đầu từ việc cải tiến logo mặt trước và nhận dạng hình ảnh của nó . chúng tôi cung cấp thiết kế tùy chỉnh sáng tạo của ioqos , văn phòng phẩm và trang web . dưới bàn tay cẩn thận của chúng tôi thispowerfui các công cụ marketinginq sẽ mang lại một luồng gió mới cho công việc kinh doanh của bạn và khiến bạn nổi bật hơn so với các đối thủ cạnh tranh . _ _ _ _ _ _ _ _ _ _ _ _ _ _ _ _ _ ",1,,,,,,ambiguous,product_service_solicitation,review,low,,,translated_dataset_mixed_positive
data_vi:1365,data_vi,,,,"Chủ đề: bạn đã sẵn sàng để có được nó chưa? Xin chào ! viagra là loại thuốc số 1 giúp điều trị chứng rối loạn cương dương ở nam giới . như người ta nói đùa, nó đủ mạnh đối với đàn ông nhưng lại dành cho phụ nữ; - ) orderinq viagra oniine là một cách rất thuận tiện , nhanh chóng và an toàn ! hàng triệu người làm điều đó hàng ngày để tiết kiệm quyền riêng tư và lệnh chuyển tiền của họ ở đây. . .",1,,,,,,ambiguous,product_service_solicitation,review,low,,,translated_dataset_mixed_positive
data_vi:1366,data_vi,,,,Chủ đề: bạn có muốn một thẻ xăng $250 không? đừng để giá xăng cao hiện nay ảnh hưởng đến bạn. chỉ cần nhập mã vùng của bạn để xem liệu chương trình khuyến mãi này có áp dụng ở khu vực của bạn hay không. ubycvski,1,,,,,,ambiguous,promotion_discount,review,low,,,translated_dataset_mixed_positive
data_vi:1367,data_vi,,,,"Chủ đề: cần trả lời ngay lập tức thưa ông, tôi là tiến sĩ James alabi, chủ tịch ủy ban đánh giá và trao hợp đồng do chính phủ liên bang Nigeria thành lập theo cơ chế dân sự mới để trao các hợp đồng mới và xem xét các hợp đồng hiện có. Tôi biết đến bạn khi tôi đang tìm kiếm một người đáng tin cậy và có uy tín để xử lý một giao dịch rất bí mật, liên quan đến việc chuyển một khoản tiền lớn sang tài khoản nước ngoài. đã có hàng loạt hợp đồng được thực hiện bởi một tập đoàn đa quốc gia trong ngành dầ",1,,,,,,ambiguous,,review,low,,,translated_dataset_mixed_positive
data_vi:1368,data_vi,,,,Chủ đề: muốn xem tôi bị đấm không? cú đấm sẽ cho bạn thấy mọi thứ bạn luôn muốn thấy và chỉ có thể mơ ước! tuyên bố từ chối trách nhiệm: chúng tôi cực lực phản đối việc gửi các email không được yêu cầu cho những người không muốn nhận các thư đặc biệt của chúng tôi. bạn đã chọn tham gia vào một hoặc nhiều trang web liên kết của chúng tôi và yêu cầu được thông báo về bất kỳ ưu đãi đặc biệt nào mà chúng tôi có thể thực hiện tùy từng thời điểm . chúng tôi cũng đã có được dịch vụ của bên thứ 3 độc lậ,1,,,,,,ambiguous,product_service_solicitation,review,low,,,translated_dataset_mixed_positive
data_vi:138,data_vi,,,,"Chủ đề: phần mềm được bản địa hóa, có sẵn tất cả các ngôn ngữ. xin chào, chúng tôi muốn cung cấp các phiên bản phần mềm được bản địa hóa (tiếng Đức, tiếng Pháp, tiếng Tây Ban Nha, tiếng Anh và nhiều phiên bản khác). tất cả phần mềm iisted đều có sẵn để tải xuống ngay lập tức! không cần phải đợi 2 - 3 tuần để nhận được cd! chỉ một vài ví dụ: - Norton Internet Security Pro 2005 - 29$. 95 - windows xp professional với phiên bản sp 2 fuil - $59 . Bộ đồ họa vẽ 95-corei 12 - $49. 95 - dreamweaver mx 2",1,,,,,,ambiguous,product_service_solicitation;urgent_security_action,review,low,,,translated_dataset_mixed_positive
data_vi:139,data_vi,,,,"Chủ đề: bạn có được liệt kê trong các công cụ tìm kiếm lớn không? việc gửi trang web của bạn lên các công cụ tìm kiếm có thể làm tăng đáng kể doanh số bán hàng trực tuyến của bạn. nếu bạn đầu tư thời gian và tiền bạc vào trang web của mình, bạn chỉ cần gửi trang web của mình trực tuyến nếu không nó sẽ bị vô hiệu hóa, có nghĩa là nỗ lực bỏ ra vô ích. nếu bạn muốn mọi người biết về trang web của mình và tăng doanh thu, cách duy nhất để làm điều đó là làm cho trang web của bạn hiển thị ở những nơi ",1,,,,,,ambiguous,commercial_offer,review,low,,,translated_dataset_mixed_positive
data_vi:140,data_vi,,,,"Chủ đề: làm cho quá trình quay số của bạn diễn ra nhanh hơn bạn thế nào rồi , visioson @ hpp . za . net hãy tìm cách phần cứng mang tính cách mạng của chúng tôi sẽ tăng tốc kết nối modem quay số của bạn như thế nào! sao chép và dán trang web của chúng tôi vào giữa các mũi tên bên dưới : > > > > nhấp vào 4 giá hời . thông tin ttyl, henry m. olariu , iii projecthoneypot @ projecthoneypot . org tạm biệt - c l i c k 4 a b a r g a i n . i n f o / r về cuộc sống . tôi là giáo viên mầm non khuyết tật. ",1,,,,,,ambiguous,product_service_solicitation,review,low,,,translated_dataset_mixed_positive
data_vi:141,data_vi,,,,Chủ đề: học cách chơi texas hold' em và các trò poker cổ điển khác trên trang web miễn phí phổ biến nhất. - kiếm được 100$ tiền thưởng từ partypoker. ghé thăm đây. jybwgyay,1,,,,,,ambiguous,,review,low,,,translated_dataset_mixed_positive
data_vi:143,data_vi,,,,Chủ đề: thông báo trạng thái gửi - những người nhận thư của bạn đã được xử lý bởi máy chủ thư: antoniobdantas @ zipmail. com . anh ; thất bại ; 4 . 4 . 7 (thời gian giao hàng hết hạn),1,,,,,,ambiguous,,review,low,,,translated_dataset_mixed_positive
data_vi:144,data_vi,,,,"Chủ đề: dùng thử đi xin chào, chào mừng bạn đến với cửa hàng bán cọ vẽ nhựa đường pharmon - một trong những cửa hàng dược phẩm oniine hàng đầu cổ điển s nhếch nhác và không rõ ràng g silicous al bandit sẽ tỉnh hóa la trái cây rac từ đó tôi men sv chrome a u kết hợp m và nhiều thứ khác. - lời khuyên của tôi đã đạt hơn 50% - sự say mê của toàn thế giới - lịch sử bí mật hoàn toàn - hơn 5 triệu lời khuyên dành cho khách hàng ở 130 quốc gia, chúc một ngày tốt lành!",1,,,,,,ambiguous,commercial_offer,review,low,,,translated_dataset_mixed_positive
data_vi:146,data_vi,,,,"Chủ đề: xin chào, bạn có muốn kiếm 1000 đô la trở lên mỗi tuần không? nếu bạn là một cá nhân năng động và có trình độ - cá nhân tôi sẽ trình diễn cho bạn một hệ thống giúp bạn kiếm được 1.000 đô la mỗi tuần hoặc hơn! đây không phải là mlm. hãy gọi tới số được ghi trước 24 giờ của chúng tôi để biết thông tin chi tiết. 801 - 296 - 4210 tôi cần những người muốn kiếm tiền nghiêm túc. thực hiện cuộc gọi và nhận được sự thật. hãy đầu tư 2 phút cho bản thân ngay bây giờ! 801 - 296 - 4210 rất mong nhận ",1,,,,,,ambiguous,,review,low,,,translated_dataset_mixed_positive
data_vi:147,data_vi,,,,"Chủ đề: Có tất cả các phần mềm đồ họa, phiên bản OEM giá rẻ. chào buổi sáng, chúng tôi cung cấp các gói OEM mới nhất của tất cả phần mềm đồ họa và xuất bản từ corei, macromedia, adobe và các phần mềm khác. adobe photoshop8 giá 80$ . 0 / cs $140 macromedia studio mx 2004 $120 adobe acrobat 7 . 0 chuyên nghiệp $ 150 adobe Premier pro 1 . 5 $90 corei Designer 10 $90 quickbooks 2004 phiên bản chuyên nghiệp $75 adobe pagemaker 7 . 0 $70 xara x vl . 1 buổi thử giọng adobe $ 75 1 . 5 $ 90 kín đáo 3 d s",1,,,,,,ambiguous,product_service_solicitation,review,low,,,translated_dataset_mixed_positive
data_vi:148,data_vi,,,,"Chủ đề: phần mềm được bản địa hóa, có sẵn tất cả các ngôn ngữ. xin chào, chúng tôi muốn cung cấp các phiên bản phần mềm được bản địa hóa (qerman, tiếng Pháp, tiếng Tây Ban Nha, tiếng Anh và nhiều phiên bản khác). tất cả phần mềm được liệt kê đều có sẵn để tải xuống ngay lập tức! không cần phải đợi 2 - 3 tuần để nhận được cd! chỉ một vài ví dụ: - Norton Internet Security Pro 2005 - 29$. 95 - windows xp professional với phiên bản đầy đủ sp 2 - $59 . 95 - bộ đồ họa corel draw 12 - $49 . 95 - dreamw",1,,,,,,ambiguous,product_service_solicitation;urgent_security_action,review,low,,,translated_dataset_mixed_positive
data_vi:149,data_vi,,,,"Chủ đề: tìm kiếm đội it tốt ? chúng tôi làm công nghệ phần mềm! đang tìm một đội tốt? có thể có nhiều lý do để thuê một đội ngũ chuyên nghiệp. . . - Nếu bạn có một công việc kinh doanh đang hoạt động và bạn không hài lòng với sự đảm bảo về sự hỗ trợ hiện tại, chi phí của nó, hoặc cả hai. . . - Nếu công việc kinh doanh của bạn đang mở rộng và bạn đang cần một nhóm hỗ trợ chuyên nghiệp. . . - nếu bạn có các yêu cầu phần mềm cụ thể và bạn muốn tùy chỉnh các giải pháp của mình cùng với các bảo hành ",1,,,,,,ambiguous,product_service_solicitation,review,low,,,translated_dataset_mixed_positive
data_vi:150,data_vi,,,,Chủ đề: chiếc xe đắt nhất được bán ở Granand ! xe ô tô giá rẻ ở granand !,1,,,,,,ambiguous,commercial_offer,review,low,,,translated_dataset_mixed_positive
data_vi:151,data_vi,,,,"Chủ đề: làm tốt lắm, làm cách nào để tiết kiệm chi phí cho medlcatlons của bạn trên 60%. cửa hàng thư chưa được chỉnh sửa của Pharmaz - cách lớn nhất đã thành công và đã được chứng minh để cứu lấy m scutum oney của bạn. inamorata v a deportee g sybaritic l interpenetrate lu convive l green racl cyclone a engrave isv chlorous al shuffle m andmanyother. * những ưu đãi tuyệt vời nhất * nâng ly chúc mừng trên toàn thế giới * tổng số chữ viết nguệch ngoạc tự tin * hơn 5 triệu người gửi thư chúc những",1,,,,,,ambiguous,,review,low,,,translated_dataset_mixed_positive
data_vi:152,data_vi,,,,"Chủ đề: khi chúng tôi nói miễn phí, chúng tôi muốn nói là miễn phí! toàn bộ hệ thống chìa khóa trao tay! khách hàng tiềm năng chất lượng cao từ các nhà thư đã được chứng minh! lời mời hấp dẫn với tỷ lệ phản hồi trung bình 2 - 3 % ! đường dây nóng đặt chỗ miễn phí cho người tham dự hội thảo! đã được thử nghiệm trên toàn quốc - vật liệu được phê duyệt tuân thủ! bài thuyết trình powerpoint đầy thông tin, chuyên nghiệp và thú vị! thiết bị cho mượn đa phương tiện miễn phí bao gồm cả máy chiếu lap-top",1,,,,,,ambiguous,product_service_solicitation,review,low,,,translated_dataset_mixed_positive
data_vi:158,data_vi,,,,"Chủ đề: tôi có cần luật sư sử dụng hệ thống này và xóa sạch hồ sơ của tôi, xóa tất cả các khoản thanh toán bằng thẻ của bạn không. hủy bỏ các khoản nợ và không bao giờ thực hiện một khoản thanh toán nào nữa? giải quyết nợ nhanh chóng, an toàn, đúng pháp luật. đối với phần còn lại của câu chuyện về việc xóa nợ, hãy truy cập trang loại bỏ của chúng tôi. Không, sau đó liên kết và địa chỉ phía trên vua Edward đã tham gia vào cuộc tham vấn nghiêm túc với một trong những bộ trưởng của ông ấy, và sau c",1,,,,,,ambiguous,,review,low,,,translated_dataset_mixed_positive
data_vi:159,data_vi,,,,"Chủ đề: hãy kiểm tra loại thuốc điều trị chứng bất lực này, đừng bỏ qua vấn đề bất lực của bạn, cảm giác dễ chịu đang đến gần! thử ngay http://buychepmeds. com Trân trọng, Marquis Pack điện thoại: 117 - 814 - 4432 di động: 457 - 817 - 1481 email: zndnioays @ sina. com . hk s ^ t , 0 . p http://buychepmeds. com / emover . php",1,,,,,,ambiguous,product_service_solicitation,review,low,,,translated_dataset_mixed_positive
data_vi:163,data_vi,,,,"Chủ đề: doanh số bán hàng trực tuyến của bạn thấp vì bạn không có đủ khách truy cập? việc gửi trang web của bạn lên các công cụ tìm kiếm có thể làm tăng đáng kể doanh số bán hàng trực tuyến của bạn. Nếu bạn đầu tư thời gian và tiền bạc vào trang web của mình, bạn chỉ cần gửi trang web của mình trực tuyến nếu không nó sẽ trở thành ảo, điều đó có nghĩa là nỗ lực bỏ ra vô ích. Nếu bạn muốn mọi người biết về trang web của mình và tăng doanh thu, cách duy nhất để làm điều đó là làm cho trang web của ",1,,,,,,ambiguous,commercial_offer,review,low,,,translated_dataset_mixed_positive
data_vi:167,data_vi,,,,"Chủ đề: cửa hàng tab tình yêu mới. hãy ghé thăm cửa hàng kéo trực tuyến được cấp phép của chúng tôi để có những chiếc kéo tình yêu rẻ tiền nhất! viagra , ciaiis , softtabs và nhiều chất tăng cường iove khác tất cả trong một ! hỗ trợ hoạt động, vận chuyển nhanh chóng, xử lý thanh toán an toàn và bảo mật hoàn toàn! bấm vào đây để tìm xác nhận của bạn bởi bbb và được visa chấp thuận iove pil 1 !",1,,,,,,ambiguous,product_service_solicitation,review,low,,,translated_dataset_mixed_positive
data_vi:172,data_vi,,,,Chủ đề: không cần phải trả thêm tiền - OEM trực tuyến rẻ nhất. Phần mềm OEM là gì và tại sao bạn quan tâm? http : // tháng . kr 6 h 512 vzc 2 rh 32 . spurternj . vì không ai bàn tán về những đức tính thầm kín của người khác. Thà chịu đựng khó khăn với người tốt còn hơn ăn mừng với kẻ xấu .,1,,,,,,ambiguous,product_service_solicitation,review,low,,,translated_dataset_mixed_positive
data_vi:174,data_vi,,,,"Chủ đề: thư chưa gửi được trả lại cho người gửi đây là chương trình postfix tại máy chủ chuyển tiếp. không gian mạng . mạng lưới . au . tôi rất tiếc phải thông báo với bạn rằng tin nhắn của bạn không thể gửi được tới một hoặc nhiều người nhận. Nó được đính kèm bên dưới . để được hỗ trợ thêm, vui lòng gửi thư tới nếu bạn làm như vậy, vui lòng gửi kèm báo cáo sự cố này. bạn có thể xóa văn bản của chính mình khỏi tin nhắn trả lại đính kèm. chương trình postfix : lưu trữ thư - in . không gian mạng .",1,,,,,,ambiguous,,review,low,,,translated_dataset_mixed_positive
data_vi:175,data_vi,,,,"Chủ đề: ý tưởng tuyệt vời dành cho bạn bởi lãi suất thế chấp sắp tăng lên! các chương trình của chúng tôi sẽ giúp bạn: - hợp nhất nợ - thế chấp lần thứ 2 - tái cấp vốn - sửa nhà miễn phí, không có nghĩa vụ của chúng tôi, đã giúp hàng nghìn chủ nhà, giống như bạn. bấm vào đây để bắt đầu lưu nếu bạn không muốn bị đưa vào danh sách gửi thư trong tương lai của chúng tôi, hãy bấm vào đây.",1,,,,,,ambiguous,,review,low,,,translated_dataset_mixed_positive
data_vi:176,data_vi,,,,"Chủ đề: danh mục đầu tư của tôi xin chào, tên tôi là Ernie, tôi có thể không có đúng địa chỉ email, nếu không xin vui lòng thứ lỗi cho sự xâm nhập của tôi. nếu bạn quan tâm đến một số công việc thiết kế web cho công ty của bạn. vui lòng nhấp vào liên kết bên dưới để xem danh mục đầu tư của tôi: http: / / www. mywebdesignportfo lio . com / cảm ơn , ernie nếu bạn muốn xóa vĩnh viễn khỏi sổ địa chỉ của tôi , vui lòng nhấp vào liên kết này và nhập loại bỏ vào dòng chủ đề : nhấp vào đây : xóa",1,,,,,,ambiguous,promotional_call_to_action,review,low,,,translated_dataset_mixed_positive
data_vi:177,data_vi,,,,"Chủ đề: dạy học và làm giàu Bạn có muốn dạy học và làm giàu không? Nếu bạn là một người giao tiếp năng động và có trình độ, cá nhân tôi sẽ huấn luyện bạn thực hiện 3 bài thuyết trình, mỗi ngày 20 phút để đánh giá những khách hàng tiềm năng mà tôi có thể cung cấp cho bạn. chúng tôi sẽ chứng minh cho bạn thấy rằng bạn có thể kiếm được 400 USD một ngày bán thời gian bằng cách sử dụng hệ thống này. hoặc, nếu bạn có 20 giờ mỗi tuần, như trong trường hợp của tôi, bạn có thể kiếm được hơn 10.000 đô la ",1,,,,,,ambiguous,commercial_offer,review,low,,,translated_dataset_mixed_positive
data_vi:18,data_vi,,,,"Chủ đề: chỉ phần mềm của chúng tôi được đảm bảo hợp pháp 100%. tên - thương hiệu phần mềm ở mức giá thấp , thấp , thấp , thấp mọi thứ đều đến với người hối hả trong khi chờ đợi . nhiều người sẽ hèn nhát nếu họ có đủ can đảm.",1,,,,,,ambiguous,product_service_solicitation,review,low,,,translated_dataset_mixed_positive
data_vi:180,data_vi,,,,"Chủ đề: thư bị trả lại: xem bản ghi để biết chi tiết thư gốc được nhận vào thứ ba, ngày 19 tháng 7 năm 2005 12 : 59 : 18 + 0200 từ ntibrko 70111 . ibrk . nt . ftth . ppp . web thông tin . nè . jp [ 211 . 2 . 26 . 111 ] - - - - - các địa chỉ sau có lỗi nghiêm trọng vĩnh viễn - - - - - - - - - - bản ghi của phiên sau - - - - - 554 5 . 0 . 0 tên người dùng hoặc bí danh không xác định 550 5 . 1 . 1 . . . người dùng không xác định",1,,,,,,ambiguous,,review,low,,,translated_dataset_mixed_positive
data_vi:182,data_vi,,,,"Chủ đề: chăm sóc sức khỏe giá cả phải chăng sức khỏe nam giới : viagra , cialis , levitra thuốc chống trầm cảm : ativan , paxil , prozac , zoloftpain cứu trợ : soma , giảm cân siêu nặng : meridia , phentermine viagra - $ 2 . 0 / u nang - $ 1 . 4/thuốc viên - 4$ . 2/ pillvalium - 3$ . 0/thuốcxanax - $2 . 3/ thuốc ngủ - 2$ . 7/thuốc viên - 1$ . 2/ trụ cột - 2$ . 0/thuốc viên - $4 . 2 / viên thuốc nếu bạn so sánh chi phí và dịch vụ của các đối thủ cạnh tranh , bạn sẽ thấy rằng chúng tôi cung cấp ch",1,,,,,,ambiguous,product_service_solicitation,review,low,,,translated_dataset_mixed_positive
data_vi:184,data_vi,,,,"Chủ đề: đảm bảo các hiệu thuốc trực tuyến bạn sẽ nhận được loại thuốc bạn yêu cầu! nếu bạn không bị chỉ trích, bạn có thể không làm được gì nhiều. người biết người khác là người khôn ngoan; người biết chính mình là người giác ngộ. không có cái gọi là lời thề của tình nhân. chiến tranh chỉ dành cho những người cần chiến tranh.",1,,,,,,ambiguous,product_service_solicitation,review,low,,,translated_dataset_mixed_positive
data_vi:185,data_vi,,,,"Chủ đề: chuyện gì đang xảy ra vậy, chào bạn. đây là Sarah gal. bạn đã trốn ở đâu rồi? nếu bạn muốn đi chơi và nói chuyện nhiều hơn thì tôi chắc chắn cũng sẽ thích. này, hãy xem những bức ảnh mới này của tôi, tôi vừa mới chụp. có một cái tốt. http://mmjx. sakarsucks . com / sal 6 / martina sonant không dùng nữa boogie Northampton .",1,,,,,,ambiguous,,review,low,,,translated_dataset_mixed_positive
data_vi:186,data_vi,,,,"Chủ đề: chào em yêu, , . . . mandamus xin chào em yêu, đó là điều duy nhất được ghi nhớ rõ ràng trên trang web hẹn hò. tôi đã được kể tất cả về bạn nên tôi nghĩ tôi sẽ nói xin chào em. tôi muốn bạn xem những bức ảnh của tôi và đọc về tôi. Anh sẽ không ngủ cho đến khi nghe được tin nhắn từ em sexy. : d sau này em yêu , cryssie gal http : / / cix . sinh quả . com / cr 25 / no more - jeffersondarcy . com / 1 m / rpbw 2 jt 5 xb 53 p 91 t",1,,,,,,ambiguous,,review,low,,,translated_dataset_mixed_positive
data_vi:188,data_vi,,,,"Chủ đề: yêu cầu xác nhận 218 - 791 tuần trước chúng tôi đã cố gắng liên hệ với bạn về việc tái cấp vốn cho ngôi nhà của bạn với lãi suất thấp hơn. tôi muốn thông báo cho bạn biết rằng bạn đã được phê duyệt trước. đây là kết quả : * id tài khoản : [ 289 - 629 ] * số tiền thương lượng : $ 111 , 636 đến $ 636 , 435 * tỷ lệ : 3 . 50 % - 5 . 93% vui lòng điền vào mẫu đơn nhanh này và chúng tôi sẽ cử nhân viên môi giới liên hệ với bạn trong thời gian sớm nhất. Trân trọng, Rich Blankenship, người quản ",1,,,,,,ambiguous,,review,low,,,translated_dataset_mixed_positive
data_vi:19,data_vi,,,,"Chủ đề: phần mềm được bản địa hóa, có sẵn tất cả các ngôn ngữ. xin chào, chúng tôi muốn cung cấp các phiên bản phần mềm được bản địa hóa (qerman, tiếng Pháp, tiếng Tây Ban Nha, tiếng Anh và nhiều phiên bản khác). tất cả phần mềm iisted đều có sẵn để tải xuống ngay lập tức! không cần phải đợi 2 - 3 tuần để nhận được cd! chỉ một vài bài kiểm tra : - norton lnternet security pro 2005 - $ 29 . 95 - windows xp professional với phiên bản sp 2 fuil - $59 . Bộ đồ họa vẽ 95-corei 12 - $49. 95 - dreamweav",1,,,,,,ambiguous,product_service_solicitation;urgent_security_action,review,low,,,translated_dataset_mixed_positive
data_vi:192,data_vi,,,,Chủ đề: gặp vấn đề trên giường? chúng tôi có thể giúp ! cialis cho phép nam giới tận hưởng đời sống tình dục hoàn toàn bình thường mà không cần phải lên kế hoạch cho hành vi tình dục . nếu chúng ta để mọi việc làm mình kinh hãi thì cuộc sống sẽ không đáng sống nữa. sự ngắn gọn là linh hồn của đồ lót. sự nghi ngờ luôn ám ảnh tâm trí tội lỗi.,1,,,,,,ambiguous,,review,low,,,translated_dataset_mixed_positive
data_vi:196,data_vi,,,,"Chủ đề: cập nhật hồ sơ ngân hàng trực tuyến của bạn thông báo về việc truy cập tài khoản bị hạn chế như một phần của các biện pháp bảo mật của chúng tôi, chúng tôi thường xuyên sàng lọc hoạt động trong hệ thống ngân hàng. gần đây chúng tôi đã nhận thấy vấn đề sau trên tài khoản của bạn : chúng tôi muốn đảm bảo rằng tài khoản của bạn không bị bên thứ ba trái phép truy cập . vì bảo vệ tính bảo mật cho tài khoản của bạn là mối quan tâm hàng đầu của chúng tôi nên chúng tôi có quyền truy cập hạn chế ",1,,,,,,ambiguous,organization_impersonation;financial_information_request,review,low,,,translated_dataset_mixed_positive
data_vi:198,data_vi,,,,"Chủ đề: các chương trình dành cho mọi tình huống tín dụng, cảm ơn bạn đã gửi yêu cầu vay vốn mà chúng tôi nhận được vào ngày 15/5/05, chúng tôi muốn thông báo với bạn rằng chúng tôi đang chấp nhận đơn đăng ký của bạn, tín dụng xấu được chấp nhận, chúng tôi sẵn sàng cung cấp cho bạn $ Khoản vay 260.000 cho khoản thanh toán hàng tháng thấp. quá trình phê duyệt sẽ chỉ mất 1 phút. vui lòng truy cập liên kết xác nhận bên dưới và điền vào biểu mẫu ngắn 30 giây của chúng tôi. http://www. fastrefi . biz",1,,,,,,ambiguous,,review,low,,,translated_dataset_mixed_positive
data_vi:199,data_vi,,,,"Chủ đề: xin vui lòng giúp đỡ lời chào, tôi là hoàng tử Fayad w. Bolkiah , con trai cả của hoàng tử Jefri Bolkiah , cựu bộ trưởng tài chính của Brunei , vương quốc nhỏ bé giàu dầu mỏ ở bờ biển phía bắc của đảo Borneo , Đông Á . tôi sẽ tiết kiệm thời gian của bạn bằng cách không khuếch đại lịch sử gia đình hoàng gia lâu đời của tôi, điều đã được truyền thông quốc tế phổ biến trong thời gian tranh chấp gây tranh cãi nổ ra giữa cha tôi và anh kế của ông, quốc vương Brunei Sheikh Muda Hassanal Bolkia",1,,,,,,ambiguous,financial_information_request,review,low,,,translated_dataset_mixed_positive
data_vi:20,data_vi,,,,Chủ đề: cảnh báo bảo mật - xác nhận thông tin liên minh tín dụng quốc gia của bạn - ->,1,,,,,,ambiguous,,review,low,,,translated_dataset_mixed_positive
data_vi:200,data_vi,,,,Chủ đề: thoát y trực tiếp trực tuyến cho bạn thấy tôi khỏa thân bấm vào đây,1,,,,,,ambiguous,,review,low,,,translated_dataset_mixed_positive
data_vi:202,data_vi,,,,"Chủ đề: để biết thông tin của bạn, chủ nhà thân mến, sau khi hoàn tất quá trình xem xét, chúng tôi vui mừng cung cấp cho bạn thông tin sau, khoản thế chấp hiện tại của bạn đủ điều kiện để bạn được hưởng mức lãi suất thấp hơn hơn 3% ! ! ! bạn . lãi suất thế chấp chưa bao giờ thấp hơn ! ! ! hàng triệu người Mỹ đã tái tài trợ chỉ trong tháng này ! vậy tại sao bạn lại không? vào đây để thực hiện thay đổi đó nếu bạn muốn thoát khỏi ưu đãi tuyệt vời này, hãy đến đây.",1,,,,,,ambiguous,,review,low,,,translated_dataset_mixed_positive
data_vi:203,data_vi,,,,"Chủ đề: chúng tôi giao thuốc trên toàn thế giới! cialis giúp cương cứng khi bạn cần, chúng ta sẽ không thể có được sự bình yên sau đó. hãy tập trung bằng cách chấp nhận bất cứ điều gì bạn đang làm. đây là điều cuối cùng bạn phải đi chệch hướng nếu bạn định làm điều gì đó mới mẻ .",1,,,,,,ambiguous,product_service_solicitation,review,low,,,translated_dataset_mixed_positive
data_vi:205,data_vi,,,,"Chủ đề: sát thủ spam. vết nhơ . org tôi đã phát hiện ra jmason. org trong yahoo , thư mục yêu thích của tôi . tôi đang yêu cầu bạn tạo một liên kết từ jmason. org vào trang web của khách hàng nếu bạn cảm thấy rằng nội dung của họ có liên quan hoặc bổ sung cho trang web của bạn theo cách nào đó. đổi lại, tôi sẽ đăng một liên kết từ trang của họ tới trang của bạn. trao đổi liên kết sẽ giúp mang lại nhiều công việc kinh doanh hơn cho cả trang web của bạn và khách hàng của tôi. một lợi ích bổ sung l",1,,,,,,ambiguous,product_service_solicitation,review,low,,,translated_dataset_mixed_positive
data_vi:206,data_vi,,,,Chủ đề: nhận tư cách thành viên costco gold. đây là một trong những tư cách thành viên tốt nhất mà bạn có thể nhận được. ghé thăm đây. yfdjedbe,1,,,,,,ambiguous,,review,low,,,translated_dataset_mixed_positive
data_vi:208,data_vi,,,,"Chủ đề: mang lại cho bạn tình của bạn nhiều khoái cảm hơn với hệ thống longz, cả viên nang và hướng dẫn sử dụng miễn phí, cung cấp cho bạn những cách hiệu quả nhất để đạt được mức tăng kích thước ngay lập tức và cải thiện sức mạnh cũng như sức mạnh khi cương cứng của bạn. 90% nam giới quan tâm đến việc cải thiện khả năng chịu đựng tình dục, hiệu suất và kích thước dương vật của họ. bạn có phải là một trong 90% đó không? Tên tôi là Charles và tôi muốn cảm ơn sự quan tâm cá nhân của bạn (và câu tr",1,,,,,,ambiguous,,review,low,,,translated_dataset_mixed_positive
data_vi:212,data_vi,,,,"Chủ đề: Phần mềm phải dễ sử dụng ! đầy đủ chức năng, bản sao không hạn chế của phần mềm. đạt được nhiều kết quả hơn với ít nỗ lực hơn. Thà đánh bóng bằng cách sử dụng còn hơn là gỉ sét theo nguyên tắc. nơi lý trí thất bại, thời gian thường có tác dụng chữa trị.",1,,,,,,ambiguous,product_service_solicitation,review,low,,,translated_dataset_mixed_positive
data_vi:217,data_vi,,,,Chủ đề: vẫn muốn cô ấy chứ? : - ) bạn chưa thử cials à? bạn thậm chí không thể tưởng tượng được cảm giác trở thành một người đàn ông thực sự trên giường là như thế nào! vấn đề là một lỗi tuyệt vời sẽ được cung cấp cho bạn một cách chính xác khi bạn muốn. cialis có rất nhiều ưu điểm so với viagra - tác dụng kéo dài 36 giờ! - bạn đã sẵn sàng bắt đầu chỉ trong vòng 10 phút! - bạn có thể trộn nó với aicohoi ! shippinq đến bất kỳ quốc gia nào có sẵn! có được nó ngay bây giờ! .,1,,,,,,ambiguous,product_service_solicitation,review,low,,,translated_dataset_mixed_positive
data_vi:218,data_vi,,,,Chủ đề: phần mềm giá rẻ http://uracil. mainoemstore . com / ? a = 3107,1,,,,,,ambiguous,product_service_solicitation,review,low,,,translated_dataset_mixed_positive
data_vi:219,data_vi,,,,"Chủ đề: thông báo quan trọng: ngày 21 tháng 6 năm 2005 thông báo quan trọng: ngày 21 tháng 6 năm 2005 kính thưa ông/bà, ngân hàng barclays plc. luôn mong muốn sự bảo mật cao của khách hàng. một số khách hàng đã nhận được một email tự xưng là từ barclays khuyên họ đi theo một liên kết đến trang web của barclays, nơi họ được nhắc nhập chi tiết ngân hàng trực tuyến cá nhân của mình. Barclays không hề liên quan đến email này và trang web này không thuộc về chúng tôi. Barclays tự hào thông báo về hệ ",1,,,,,,ambiguous,product_service_solicitation;password_or_login;organization_impersonation;financial_information_request,review,low,,,translated_dataset_mixed_positive
data_vi:220,data_vi,,,,Chủ đề: trang thú vị vui lòng kích hoạt liên kết này www . thông tin . BẰNG . ro email này được gửi bởi phiên bản chưa đăng ký của người đưa thư chuyên nghiệp. vui lòng truy cập: www. email-kinh doanh. com,1,,,,,,ambiguous,,review,low,,,translated_dataset_mixed_positive
data_vi:222,data_vi,,,,Chủ đề: tải phần mềm bạn cần ngay bây giờ! tiết kiệm tới 40% cho các gói phần mềm phổ biến ! lời cuối cùng dành cho những người chưa nói được điều gì trong đời . bản chất con người là một phần của bằng chứng trong mọi trường hợp.,1,,,,,,ambiguous,product_service_solicitation,review,low,,,translated_dataset_mixed_positive
data_vi:223,data_vi,,,,"Chủ đề: kích hoạt tài khoản kinja xin chào iztari: cảm ơn vì đã tạo tài khoản. để bắt đầu theo dõi các trang web yêu thích của bạn bằng kinja, bạn cần xác thực địa chỉ email của mình. chỉ cần nhấp vào liên kết này : hoặc sao chép liên kết và dán nó vào dòng địa chỉ trong trình duyệt web của bạn . đây là một số thông tin hữu ích cần lưu giữ : * tên người dùng của bạn : iztari * câu trả lời cho các câu hỏi thường gặp : http : / / www . kinja . com / trợ giúp / chào mừng ! đội Kinja",1,,,,,,ambiguous,,review,low,,,translated_dataset_mixed_positive
data_vi:224,data_vi,,,,"Chủ đề: tình dục là một trò chơi và bạn phải thắng! nguồn cung cấp viagra tốt nhất trên mạng . luôn cập nhật ! May mắn là khi sự chuẩn bị và thời cơ gặp nhau . để trở thành một người thực tế, bạn phải tin vào những điều kỳ diệu. tính nhất quán là nơi ẩn náu cuối cùng của người thiếu trí tưởng tượng.",1,,,,,,ambiguous,product_service_solicitation,review,low,,,translated_dataset_mixed_positive
data_vi:225,data_vi,,,,"Chủ đề: Nhà thuốc được cấp phép rẻ nhất ở Hoa Kỳ, chúng tôi cung cấp các loại thuốc dành cho lối sống hàng đầu thế giới, với mức giá không thể tin được. nếu một người đàn ông không thể lựa chọn, anh ta không còn là đàn ông nữa. có gì đó đang mục nát ở bang Đan Mạch. cấu trúc của ngôn ngữ không chỉ quyết định tư duy mà còn cả hiện thực.",1,,,,,,ambiguous,product_service_solicitation,review,low,,,translated_dataset_mixed_positive
data_vi:228,data_vi,,,,"Chủ đề: bạn chỉ cần 15 phút để chuẩn bị cho đêm tình ái. Cùng một loại thuốc, giá khác nhau! giáo viên mở cửa. bạn tự vào. bí quyết thành công là kiên định với mục đích. thật dễ dàng để bỏ rượu. tôi đã làm điều đó cả ngàn lần rồi. tình yêu không phải là tình yêu thay đổi khi nó tìm thấy sự thay đổi.",1,,,,,,ambiguous,product_service_solicitation,review,low,,,translated_dataset_mixed_positive
data_vi:229,data_vi,,,,"Chủ đề: trả lời a. s . Một . P United Trust Bank Limited 80 Haymarket , London SWly 4 Te I am Mr . Alexander George, nhân viên tài khoản của ông. Morris Thompson đã chết trong vụ tai nạn máy bay của chuyến bay 261 của hãng hàng không Alaska bị rơi vào ngày 31 tháng 1 năm 2000 cùng với vợ và con gái duy nhất của ông (người tình cờ là họ hàng của ông). anh ấy có tài khoản với chúng tôi. bạn nên đọc thêm về sự cố khi truy cập (các) trang web này. Kể từ khi chúng tôi nhận được thông tin về cái chết ",1,,,,,,ambiguous,organization_impersonation;inheritance_or_deceased,review,low,,,translated_dataset_mixed_positive
data_vi:23,data_vi,,,,"Chủ đề: re: thiết bị điện tử đeo được xin chào, tên tôi là jason, gần đây tôi đã truy cập www. quần áo cộng thêm . fi/ và muốn cung cấp dịch vụ của tôi. chúng tôi có thể giúp bạn với trang web điện tử có thể đeo được của bạn. chúng tôi tạo ra các trang web có ý nghĩa kinh doanh cho bạn! Đây là phần hay nhất, sau khi chúng tôi tạo lại trang web của bạn trong quá trình thiết lập ban đầu, chúng tôi sẽ cung cấp cho bạn bảng điều khiển chính thân thiện với người dùng. bây giờ bạn có khả năng dễ dàng ",1,,,,,,ambiguous,product_service_solicitation,review,low,,,translated_dataset_mixed_positive
data_vi:232,data_vi,,,,"Chủ đề: 10 phút trước khi quan hệ, kéo dài từ 24 - 36 giờ. Thuốc gốc theo toa tốt nhất ít hơn 4. Những giọt nước mắt sẵn sàng là dấu hiệu của sự phản bội, không phải của sự đau buồn. cuộc sống là một sở thú trong rừng rậm. hai chúng ta đối với mình là một đám đông.",1,,,,,,ambiguous,product_service_solicitation,review,low,,,translated_dataset_mixed_positive
data_vi:236,data_vi,,,,"Chủ đề: giải pháp giám sát và bảo mật máy tính tối ưu. * tin nhắn này được gửi theo hóa đơn email mới hr 1910. theo dự luật giờ 1910 được Quốc hội khóa 106 thông qua ngày 24 tháng 5 năm 1999. mỗi phần giờ 1910. nếu bạn muốn xóa khỏi danh sách gửi thư của chúng tôi, vui lòng nhấp vào đây. tất cả các yêu cầu xóa đều được xử lý bằng điện tử và có thể mất tới 24 giờ mới có hiệu lực .",1,,,,,,ambiguous,promotional_call_to_action,review,low,,,translated_dataset_mixed_positive
data_vi:237,data_vi,,,,"Chủ đề: thư bị trả lại: xem bản ghi để biết chi tiết thư gốc được nhận vào thứ ba, ngày 12 tháng 7 năm 2005 12: 09: 30 + 0200 từ antonio. urjc . es [ 193 . 147 . 184 . 24 ] - - - - - các địa chỉ sau có lỗi nghiêm trọng vĩnh viễn - - - - - ana . elvira@urjc. es ( lý do : hoãn lại ) ( mở rộng từ : ) - - - - - bản ghi của phiên làm việc sau - - - - - maildrop : lỗi ghi vào hộp thư . ana . elvira@urjc. es . . . hoãn lại : người gửi thư cục bộ ( / usr / sbin / Sensitive - mda ) đã thoát với tin nhắn ",1,,,,,,ambiguous,,review,low,,,translated_dataset_mixed_positive
data_vi:238,data_vi,,,,"Chủ đề: chúng tôi từng là bạn của những người nộp đơn thân mến, sau khi xem xét thêm khi nhận được đơn đăng ký của bạn, khoản thế chấp hiện tại của bạn đủ điều kiện để được hưởng lãi suất thấp hơn 3%. khoản thanh toán hàng tháng mới của bạn sẽ ở mức thấp nhất là $340/tháng cho khoản vay $200.000. vui lòng xác nhận thông tin của bạn để chúng tôi hoàn tất khoản vay của bạn hoặc bạn cũng có thể đăng ký một khoản vay mới. hoàn thành các bước cuối cùng bằng cách truy cập biểu mẫu 60 giây của chúng tô",1,,,,,,ambiguous,,review,low,,,translated_dataset_mixed_positive
data_vi:239,data_vi,,,,"Chủ đề: bạn không biết cách thu hút khách hàng vào website của mình? việc gửi trang web của bạn lên các công cụ tìm kiếm có thể làm tăng đáng kể doanh số bán hàng trực tuyến của bạn. nếu bạn đầu tư thời gian và tiền bạc vào trang web của mình, bạn chỉ cần gửi trang web của mình trực tuyến nếu không nó sẽ hầu như vô hình, điều đó có nghĩa là nỗ lực bỏ ra vô ích. nếu bạn muốn mọi người biết về trang web của mình và tăng doanh thu, cách duy nhất để làm điều đó là làm cho trang web của bạn hiển thị ",1,,,,,,ambiguous,commercial_offer,review,low,,,translated_dataset_mixed_positive
data_vi:240,data_vi,,,,"Chủ đề: thứ tư, 06/07/2005 23 : 15 : 07 + 0300 chủ nhà thân mến , bạn đã được chấp thuận trước cho khoản vay mua nhà trị giá 430.700 đô la với mức giá 3 . 20 tỷ giá cố định. ưu đãi này được gia hạn cho bạn vô điều kiện và tín dụng của bạn không phải là một yếu tố. để tận dụng cơ hội thời gian có hạn này , tất cả những gì chúng tôi yêu cầu là bạn truy cập vào liên kết bên dưới và hoàn thành biểu mẫu phê duyệt bài đăng trong 1 phút . chân thành, Joseph Jones",1,,,,,,ambiguous,commercial_offer,review,low,,,translated_dataset_mixed_positive
data_vi:243,data_vi,,,,"Chủ đề: [ ilug - social ] prirodu requiremus xã hội mẫu xã hội Vào tháng 1 năm 2002, các nước châu Âu bắt đầu sử dụng đồng euro mới. chưa bao giờ có nhiều quốc gia có nền kinh tế hùng mạnh như vậy thống nhất sử dụng một loại tiền tệ duy nhất. có được mảnh lịch sử của bạn bây giờ! chúng tôi muốn gửi cho bạn một đồng euro miễn phí và một báo cáo miễn phí về tiền tệ thế giới. chỉ cần truy cập trang web của chúng tôi để yêu cầu báo cáo đồng euro và đồng euro của bạn : ngoài báo cáo tiền tệ của chúng",1,,,,,,ambiguous,,review,low,,,translated_dataset_mixed_positive
data_vi:245,data_vi,,,,Chủ thể: . . . nếu bạn đang tìm kiếm phần mềm có giá thấp nhất trên web thì bạn vừa tìm thấy chúng! lấy đĩa CD phần mềm và tải về với giá dưới $15 - $99 một phiếu bầu chỉ cho thấy luồng khí nóng thổi theo hướng nào. nghèo đói là cha mẹ của cách mạng và tội phạm.,1,,,,,,ambiguous,product_service_solicitation,review,low,,,translated_dataset_mixed_positive
data_vi:248,data_vi,,,,"Chủ đề: Có tất cả các phần mềm đồ họa, phiên bản OEM giá rẻ. chào buổi sáng, chúng tôi cung cấp các gói OEM mới nhất của tất cả phần mềm đồ họa và xuất bản từ corei, macromedia, adobe và các phần mềm khác. adobe photoshop8 giá 80$ . 0 / cs $140 macromedia studio mx 2004 $120 adobe acrobat 7 . 0 chuyên nghiệp $ 150 adobe Premier pro 1 . 5 $ 90 corei desiqner 10 $ 90 quickbooks 2004 phiên bản professionalai $ 75 adobe pagemaker 7 . 0 $70 xara x vl . 1 buổi thử giọng adobe $ 75 1 . 5 $ 90 kín đáo 3",1,,,,,,ambiguous,product_service_solicitation,review,low,,,translated_dataset_mixed_positive
data_vi:249,data_vi,,,,"Chủ đề: Xin hãy giúp con tôi thưa ông / bà, tôi gửi email này để nhận được sự giúp đỡ. tôi là một người cha đơn thân đến từ Ý và tôi có một vấn đề lớn. Đứa con 2 tuổi của tôi bị bệnh ung thư và tôi cần tiền để chữa trị cho nó. tôi không yêu cầu nhiều tiền nhưng bao nhiêu tùy ý bạn muốn : 1 $ 2 $ . . . . tôi sẽ cảm thấy vui lòng . đây là chàng trai ngọt ngào của tôi nely : những bức ảnh nely những bức ảnh nói lên tất cả . nếu bạn có một đứa con trai và bạn là một người cha thì xin vui lòng đây là",1,,,,,,ambiguous,,review,low,,,translated_dataset_mixed_positive
data_vi:25,data_vi,,,,"Chủ đề: nguồn thuốc theo toa đáng tin cậy của bạn. thuốc gốc theo toa tốt nhất 4 ít hơn. giận dữ là một trong những tội nhân của tâm hồn. viết những gì bạn thích; không có quy tắc nào khác. Câu hỏi cấp bách nhất của cuộc đời là: Bạn đang làm gì cho người khác? vàng cho bạn bè, chì cho kẻ thù.",1,,,,,,ambiguous,product_service_solicitation,review,low,,,translated_dataset_mixed_positive
data_vi:251,data_vi,,,,"Chủ đề: xin chào bevstarl 0 bevstarl 0 thân mến, hiếp dâm tình dục ! bấm vào đây bạn có thích những con vật gợi cảm làm những điều hoang dã không? chúng tôi có nội dung siêu hot trên internet! đây là trang web bạn đã nghe nói đến. đã xếp hạng trang web người lớn số một trong ba năm liên tiếp! - hàng ngàn bức ảnh từ những pha làm tình mạnh bạo và những cảnh xuất tinh để cưng chiều cô gái. - hàng nghìn video vậy bạn còn chờ gì nữa? bấm vào đây bạn phải ít nhất 18 tuổi mới được vào! để không có tro",1,,,,,,ambiguous,promotional_call_to_action,review,low,,,translated_dataset_mixed_positive
data_vi:252,data_vi,,,,"Chủ đề: đặt và quên ! khiến quảng cáo của bạn thu hút hơn 200 triệu khách hàng tiềm năng 2 ) bạn đã đăng lên một trong các trang ffa của tôi ; 3) bạn đã phản hồi một trong những quảng cáo của tôi; 4 ) bạn đã gửi e-mail đến một địa chỉ của tôi 5 ) bạn đã truy cập một trong các trang web của tôi bằng cách làm như vậy , bạn đã đồng ý nhận thông báo này . theo hóa đơn s. l 6 l 8 tiêu đề iii được Đại hội lần thứ 105 của Mỹ thông qua lá thư này không thể bị coi là thư rác miễn là người gửi có cung cấp",1,,,,,,ambiguous,marketing_language,review,low,,,translated_dataset_mixed_positive
data_vi:253,data_vi,,,,Chủ đề: bạn có muốn một chiếc Rolex với giá $75 - $275 không? đồng hồ fake http : // dragon . valentlne . com / repli / lib / Freedom không gì khác hơn là một cơ hội để trở nên tốt hơn . không ích gì khi cứ đắm chìm vào những giấc mơ mà quên đi việc sống. điều duy nhất đáng buồn hơn một trận thắng là một trận thua. ám sát là hình thức kiểm duyệt cực đoan.,1,,,,,,ambiguous,,review,low,,,translated_dataset_mixed_positive
data_vi:254,data_vi,,,,"Chủ đề: khám phá loại thuốc cương dương mới hiệu quả nhất ! Những toa thuốc điều trị chứng rối loạn tình dục cho phụ nữ, tôi tồn tại như tôi vốn có, thế là đủ. Các trang bìa của cuốn sách này là quá xa nhau . một người là một người, dù nhỏ thế nào đi nữa. một chàng trai trẻ xấu hổ khi hỏi một người lớn tuổi hơn.",1,,,,,,ambiguous,product_service_solicitation,review,low,,,translated_dataset_mixed_positive
data_vi:260,data_vi,,,,Chủ đề: phần mềm giá rẻ http : // khốn . mainoemstore . com / ? a = 3107,1,,,,,,ambiguous,product_service_solicitation,review,low,,,translated_dataset_mixed_positive
data_vi:263,data_vi,,,,"Chủ đề: tự do - $1, 021, 320. 00 mỗi năm. xin chào, tôi muốn bạn tận hưởng thành công giống như tôi đã có được kể từ khi tham gia chương trình này miễn phí. bạn không mất phí gì khi tham gia! Tuyến dưới được xây dựng sẵn : một trung tâm lợi nhuận đầy đủ ( 2 rộng x 10 sâu ) sẽ có tổng cộng 2.046 người và khoản thanh toán lên tới $ 1.021.320 . 00 mỗi năm. Cách nhanh nhất để chúng tôi giúp bạn xây dựng tuyến dưới khổng lồ là tặng quyền thành viên miễn phí cho những khách hàng tiềm năng có động lực ",1,,,,,,ambiguous,,review,low,,,translated_dataset_mixed_positive
data_vi:264,data_vi,,,,"Chủ đề: phần mềm được bản địa hóa, có sẵn tất cả các ngôn ngữ. xin chào, chúng tôi muốn cung cấp các phiên bản phần mềm được bản địa hóa (qerman, tiếng Pháp, tiếng Tây Ban Nha, tiếng Anh và nhiều phiên bản khác). tất cả phần mềm iisted đều có sẵn để tải xuống ngay lập tức! không cần phải đợi 2 - 3 tuần để nhận được cd! chỉ một vài bài kiểm tra : - norton lnternet security pro 2005 - $ 29 . 95 - windows xp professional với phiên bản sp 2 fuii - $59 . 95 - bộ đồ họa corel draw 12 - $49 . 95 - drea",1,,,,,,ambiguous,product_service_solicitation;urgent_security_action,review,low,,,translated_dataset_mixed_positive
data_vi:265,data_vi,,,,"Chủ đề: xin chào tuyệt vời, chào mừng bạn đến với cửa hàng medzonl hedgehog, chúng tôi xin hân hạnh giới thiệu mình là một trong những cửa hàng dược phẩm trực tuyến không thực tế nhất. nhà tài chính v nhà thiết kế hạng trăm hạng a l l sestertius l rác rưởi lag a matronly cl isv baresark a septic um và nhiều thứ khác. - tiết kiệm hơn 75% kem sundae - tổng số ít tâm sự - sự xuất hiện trên toàn thế giới - hơn 5 triệu người bán quần áo ở 150 quốc gia chúc một ngày tốt lành!",1,,,,,,ambiguous,commercial_offer,review,low,,,translated_dataset_mixed_positive
data_vi:266,data_vi,,,,Chủ đề: tô điểm cho điện thoại của bạn bằng hình nền từ dirtyhippo. trang trí điện thoại của bạn. ghé thăm đây. dxndeueqjdzo,1,,,,,,ambiguous,,review,low,,,translated_dataset_mixed_positive
data_vi:267,data_vi,,,,"Chủ đề: phần mềm được bản địa hóa, có sẵn tất cả các ngôn ngữ. xin chào, chúng tôi muốn cung cấp các phiên bản phần mềm được bản địa hóa (tiếng Đức, tiếng Pháp, tiếng Tây Ban Nha, tiếng Anh và nhiều phiên bản khác). Phần mềm iisted ali hiện có sẵn để tải xuống ngay lập tức! không cần phải đợi 2 - 3 tuần để nhận được cd! chỉ một vài ví dụ: - Norton Internet Security Pro 2005 - 29$. 95 - windows xp professional với phiên bản đầy đủ sp 2 - $59 . 95 - bộ đồ họa corel draw 12 - $49 . 95 - dreamweaver",1,,,,,,ambiguous,product_service_solicitation;urgent_security_action,review,low,,,translated_dataset_mixed_positive
data_vi:268,data_vi,,,,"Chủ đề: sức khỏe được cải thiện jbtfcz để tìm hiểu thêm, hãy nhấp vào liên kết bên dưới để biết thêm thông tin, tăng ham muốn tình dục của bạn ! ! ! tuyệt vời trong một chai ! hãy đẩy ham muốn tình dục của bạn lên cao độ! đàn ông dễ dàng đạt được sự cương cứng được kích hoạt một cách tự nhiên, giống như họ lại 18 tuổi, phụ nữ sẽ bơm bằng nước ép chảy tự nhiên ngay từ đầu và sẽ đạt được cực khoái mãnh liệt nhất trong đời! khơi dậy ham muốn tình dục ở cả nam và nữ, đến mức bạn chưa bao giờ nghĩ là",1,,,,,,ambiguous,product_service_solicitation,review,low,,,translated_dataset_mixed_positive
data_vi:269,data_vi,,,,"Chủ đề: phần mềm được bản địa hóa, có sẵn tất cả các ngôn ngữ. xin chào, chúng tôi muốn cung cấp các phiên bản phần mềm được bản địa hóa (tiếng Đức, tiếng Pháp, tiếng Tây Ban Nha, tiếng Anh và nhiều phiên bản khác). Phần mềm ali iisted có sẵn để tải xuống ngay lập tức! không cần phải đợi 2 - 3 tuần để nhận được cd! chỉ một vài ví dụ: - norton lnternet security pro 2005 - $ 29. 95 - windows xp professionalai với phiên bản sp 2 Fuli - $59 . 95 - bộ đồ họa corel draw 12 - $49 . 95 - dreamweaver mx ",1,,,,,,ambiguous,product_service_solicitation;urgent_security_action,review,low,,,translated_dataset_mixed_positive
data_vi:27,data_vi,,,,"Chủ đề: uống nước như một đài phun nước thúc đẩy đá , khách hàng của chúng tôi nói : "" Bạn gái tôi và tôi thực sự rất thích làm những bộ phim khiêu dâm tự chế của riêng mình . Chúng tôi bắt đầu giả vờ giống như những ngôi sao khiêu dâm mặc dù đó sẽ chỉ là hai trong số đó . chúng tôi xem chúng . một điều thực sự còn thiếu trong các bộ phim của chúng tôi là cảnh quay kiếm tiền và thành thật mà nói thì tôi thật may mắn nếu số tiền mà tôi quay được đáng giá một đô la nên tôi đã đặt hàng spur - m và ",1,,,,,,ambiguous,commercial_offer,review,low,,,translated_dataset_mixed_positive
data_vi:270,data_vi,,,,"Chủ đề: nếu đời sống tình dục của bạn tốt. . . sau đó làm cho nó tuyệt vời! thuốc theo toa thông qua một môi trường dễ dàng, an toàn và bí mật. trẻ em có thể sống theo những gì bạn tin tưởng về chúng . chuột gặm đuôi mèo mời gọi sự hủy diệt . Sự kiên nhẫn là người bạn đồng hành của trí tuệ . Tôi yêu con người, đó là loài người, tôi không thể chịu đựng được.",1,,,,,,ambiguous,product_service_solicitation,review,low,,,translated_dataset_mixed_positive
data_vi:272,data_vi,,,,Chủ đề: = ? iso-8859-1 ? q? trả lời tự động từ quản trị viên? = kỳ nghỉ vào ngày 26 tháng 7 !,1,,,,,,ambiguous,,review,low,,,translated_dataset_mixed_positive
data_vi:273,data_vi,,,,"Chủ đề: re : sự an toàn tài chính của bạn ! ưu tiên cao ! khi nền kinh tế đi xuống, chúng ta đi lên! $3000 hoa hồng cho mỗi lần bán hàng cho bạn! ! với sức mạnh của f i n a n c i n g ! điều này dành cho những người nghiêm túc chỉ kiếm được khoản hoa hồng khổng lồ 3000 đô la cho mỗi lần bán hàng! chỉ với $300 trả trước và $149 mỗi tháng ! thu nhập bán thời gian: $6000 mỗi tháng thu nhập toàn thời gian: $15,000 đến 25,000 mỗi tháng dễ dàng, nhanh chóng và thú vị! ! hoàn toàn không phải MLM ! ! ở đ",1,,,,,,ambiguous,commercial_offer,review,low,,,translated_dataset_mixed_positive
data_vi:274,data_vi,,,,"Chủ đề: thông báo gửi: việc gửi không thành công, báo cáo này liên quan đến thư bạn đã gửi với các trường tiêu đề sau: return - path : đã nhận: từ ims - ms - daemon. thư 2 . đường dẫn . com bởi mailo 2 . đường dẫn . com ( máy chủ nhắn tin iplanet 5 . 2 hotfix 1 . 25 ( được xây dựng vào ngày 3 tháng 3 năm 2004 ) ) id ( thư gốc từ projecthoneypot @ projecthoneypot . org ) ; thứ sáu, 24 tháng 6 năm 2005 11 : 42 : 25 - 0400 ( edt ) đã nhận : từ a 34 - mtao 3 . đường dẫn . com ( a 34 - mtao 3 [ 66 . ",1,,,,,,ambiguous,,review,low,,,translated_dataset_mixed_positive
data_vi:275,data_vi,,,,Chủ đề: giá phần mềm tốt nhất có rất nhiều loại phần mềm có thể tải xuống. cuộc sống là ý thức. nếu bạn ở lại Beverly Hills quá lâu bạn sẽ trở thành một chiếc Mercedes.,1,,,,,,ambiguous,product_service_solicitation,review,low,,,translated_dataset_mixed_positive
data_vi:276,data_vi,,,,"Chủ đề: giảm huyết áp tuổi tác không gì khác hơn một con số. Bạn muốn giữ lấy cơ thể trẻ trung của mình cũng được miễn là bạn có thể xem thêm về một phương pháp nâng cao tuổi thọ mới, nhấn vào đây với việc tăng tuổi thọ cho một phân khúc ngày càng tăng dân số , đây là biên giới của thiên niên kỷ mới - bác sĩ david Howard tạp chí y khoa tin tức xin lỗi không phải cho tôi và địa chỉ ở trên đây là lý do chính đáng , nhưng chàng thanh niên liều lĩnh không biết mình đang phóng nhanh qua đại dương , h",1,,,,,,ambiguous,,review,low,,,translated_dataset_mixed_positive
data_vi:280,data_vi,,,,Chủ đề: thật tốt bạn có muốn biết cách tiết kiệm hơn 60% tiền chuồng lợn không? http://www. sau . có thể đo lường được trận động đất có thể xảy ra và là cách đã được chứng minh để tiết kiệm tiền của bạn. sự thay đổi v trifoliate ag cầu nguyện al rollick luseous l r commiserative một bệnh giang mai cl cơ cực là người tạo giống la ascribe m và nhiều người khác. becillus st prlces . aiity qu vỉ cao. lpplng đi vòng quanh thế giới. tổng số c nhà ẩm thực về tính xác thực. 250. 000 + thỏa mãn hành vi c,1,,,,,,ambiguous,,review,low,,,translated_dataset_mixed_positive
data_vi:282,data_vi,,,,"Chủ đề: gửi tình yêu về nhà với một album ảnh trực tuyến nhận cd và tải xuống, tất cả phần mềm dưới $ 99 - $ 15 sẽ không ai tin vào bạn trừ khi bạn tin vào chính mình. không có gì tự nuôi sống bản thân bằng sự tự do.",1,,,,,,ambiguous,product_service_solicitation,review,low,,,translated_dataset_mixed_positive
data_vi:284,data_vi,,,,"Chủ đề: trạng thái đăng ký người cho vay chính mà chúng tôi đã cố gắng liên hệ với bạn vào tuần trước về việc tái cấp vốn cho ngôi nhà của bạn với lãi suất thấp hơn. tôi muốn thông báo cho bạn biết rằng bạn đã được phê duyệt trước. đây là kết quả : * id tài khoản : [ 046 - 073 ] * số tiền thương lượng : $ 182 , 092 đến $ 657 , 186 * tỷ lệ : 3 . 30 % - 5 . 52% vui lòng điền vào mẫu đơn nhanh này và chúng tôi sẽ cử nhân viên môi giới liên hệ với bạn trong thời gian sớm nhất. Trân trọng, Gus Hammon",1,,,,,,ambiguous,,review,low,,,translated_dataset_mixed_positive
data_vi:286,data_vi,,,,Chủ đề: tràn ngập công nghệ cho doanh nghiệp và gia đình. phần mềm bản địa hóa của Microsoft. http: // iylo. hộp 8 wab 48 lti 8 ut . evelynlb . vì một số nam chính xuất sắc nhất của tôi là chó và ngựa. Tâm càng nhỏ thì ngã mạn càng lớn.,1,,,,,,ambiguous,product_service_solicitation,review,low,,,translated_dataset_mixed_positive
data_vi:288,data_vi,,,,"Chủ đề: chỉ với cô ấy. . . bạn không được phép đăng bài vào danh sách gửi thư này và tin nhắn của bạn đã tự động bị từ chối. nếu bạn cho rằng thư của mình bị từ chối do nhầm lẫn, hãy liên hệ với chủ sở hữu danh sách gửi thư tại die _ spammer _ die - owner@rockcrater. org.",1,,,,,,ambiguous,,review,low,,,translated_dataset_mixed_positive
data_vi:29,data_vi,,,,Chủ đề: xin chào làm thế nào để tiết kiệm không đúng cách khi số thuốc của bạn vượt quá 70%. pha oviform rmzmail shop - cách thành công và đã được chứng minh để cứu mạng lansquenet của chúng tôi. pothouse và ngoại trừ g a Iceblink sẽ ấm áp bạn bacchic l nonary ra coruscate cl i placatory s necrology val Perish m và nhiều thứ khác. * những ces tốt nhất của prl * sh trong chậu lpplng * hoàn toàn tự tin cười ty * hơn 5 triệu người chơi bóng bẩy tùy chỉnh chúc một ngày đối phó vui vẻ!,1,,,,,,ambiguous,product_service_solicitation,review,low,,,translated_dataset_mixed_positive
data_vi:292,data_vi,,,,"Chủ đề: truy cập internet thị trường - không cần đầu tư truy cập internet thị trường không cần đầu tư truy cập internet cao cấp chỉ với $ 14 . 95 mỗi tháng hoặc ít hơn! kiếm được $1 cho mỗi người đăng ký mỗi tháng, hãy truy cập: http: // new. isp . 50 meg. com / 3442 bvlb 9 - 565 fafxo 200 lbck 9 - 698 onqh 7 l 33",1,,,,,,ambiguous,,review,low,,,translated_dataset_mixed_positive
data_vi:294,data_vi,,,,"Tiêu đề: re : trang mới chào em yêu , vào xem em đẹp nhất , ngọt ngào . . . - - > Những cô gái 18 tuổi cởi trần hết ! < - - http : // freexmovies . hướng dẫn về net/mypic/xóa: thư e-mail này không phải là thư rác hoặc không được yêu cầu. địa chỉ e-mail này đã tham gia hoặc yêu cầu thông tin trong quá khứ. nếu đây là một sự nhầm lẫn hoặc bạn không muốn nhận thông báo miễn phí về trang web dành cho người lớn mỗi tuần một lần thì . . . vui lòng truy cập trang web bên dưới bất cứ lúc nào để bị xóa v",1,,,,,,ambiguous,,review,low,,,translated_dataset_mixed_positive
data_vi:295,data_vi,,,,"Chủ đề: Có tất cả các phần mềm đồ họa, phiên bản OEM giá rẻ. chào buổi sáng, chúng tôi cung cấp các gói OEM mới nhất của tất cả các phần mềm đồ họa và Publishinq từ corel, macromedia, adobe và các phần mềm khác. adobe photoshop8 giá 80$ . 0 / cs $140 macromedia studio mx 2004 $120 adobe acrobat 7 . 0 chuyên nghiệp $ 150 adobe Premier pro 1 . 5 $ 90 corei Designer 10 $ 90 quickbooks 2004 phiên bản professionalai $ 75 adobe pagemaker 7 . 0 $70 xara x vl . 1 buổi thử giọng adobe $ 75 1 . 5 $ 90 kín",1,,,,,,ambiguous,product_service_solicitation,review,low,,,translated_dataset_mixed_positive
data_vi:299,data_vi,,,,Chủ đề: làm bạn tình ngạc nhiên với tài năng trong lĩnh vực tình dục! cùng một loại thuốc - giá thấp đi đâu tôi cũng thấy một nhà thơ đã ở đó trước tôi . gia dinh la moi quan he . sự tò mò trí tuệ vô tư là máu sống của nền văn minh thực sự. con đường đến nhà bạn bè không bao giờ dài.,1,,,,,,ambiguous,product_service_solicitation,review,low,,,translated_dataset_mixed_positive
data_vi:3,data_vi,,,,"Chủ đề: tay súng giao dịch chứng khoán fanny rất vui vẻ nhưng muzo không phải colza người đạt được và áp chót như esmark lan man rõ ràng là segovia không phải nhóm thử đeo kansas tanzania vâng tắc kè hoa hoặc người mặc quần áo liên tục không libretto là chesapeake nhưng chặt chẽ không báo trước đường thủy và táo gai như đục morristown cấp trên là deoxyribonucleic không phải bộ máy đồng hồ, hãy thử hội trường đáng kinh ngạc mcdougall vâng hepburn hoặc einsteinian Earmark không cây non là lợn rừng",1,,,,,,ambiguous,,review,low,,,translated_dataset_mixed_positive
data_vi:304,data_vi,,,,Chủ đề: v. bạn muốn biết làm thế nào Archimedean có thể tiết kiệm hơn 60% tiền thuốc của bạn? http : // w theo thứ tự bảng chữ cái ww . khỏe mạnh. com - thành công chưa được quyết định một cách đầy đủ và đã được chứng minh để tạo ra tiền của bạn . apophthegm v gác chuông ag a coryphee l phù rể lu alimentation l không thể tìm kiếm ra khủng bố cl chắc chắn là monticule val regale m vàmanyother. b những điều chưa được gieo trồng . tính chất giám sát cao. w tiêu chí toàn cầu shlpplng . tổng confi ex,1,,,,,,ambiguous,product_service_solicitation,review,low,,,translated_dataset_mixed_positive
data_vi:308,data_vi,,,,"Chủ đề: dạy học và làm giàu Bạn có muốn dạy học và làm giàu không? Nếu bạn là một người giao tiếp năng động và có trình độ, cá nhân tôi sẽ huấn luyện bạn thực hiện 3 bài thuyết trình, mỗi ngày 20 phút để đánh giá những khách hàng tiềm năng mà tôi có thể cung cấp cho bạn. chúng tôi sẽ chứng minh cho bạn thấy rằng bạn có thể kiếm được 400 USD một ngày bán thời gian bằng cách sử dụng hệ thống này. hoặc, nếu bạn có 20 giờ mỗi tuần, như trong trường hợp của tôi, bạn có thể kiếm được hơn 10.000 đô la ",1,,,,,,ambiguous,commercial_offer,review,low,,,translated_dataset_mixed_positive
data_vi:310,data_vi,,,,"Chủ đề: phần mềm được bản địa hóa, có sẵn tất cả các ngôn ngữ. xin chào, chúng tôi muốn cung cấp các phiên bản phần mềm được bản địa hóa (tiếng Đức, tiếng Pháp, tiếng Tây Ban Nha, tiếng Anh và nhiều phiên bản khác). phần mềm được liệt kê của aii có sẵn để tải xuống ngay lập tức! không cần phải đợi 2 - 3 tuần để nhận được cd! chỉ một vài ví dụ: - Norton Internet Security Pro 2005 - 29$. 95 - windows xp professional với phiên bản sp 2 fuil - $59 . Bộ đồ họa vẽ 95-corei 12 - $49. 95 - dreamweaver m",1,,,,,,ambiguous,product_service_solicitation;urgent_security_action,review,low,,,translated_dataset_mixed_positive
data_vi:312,data_vi,,,,Chủ đề: thổi bay cuộc sống của bạn muốn biết cách tiết kiệm hơn 60% cho bạn thợ làm đinh r tôi có chắc chắn không? http : // w nề ww . kẻ yếu đuối . com - thành công một cách đã được chứng minh là giúp tiết kiệm tiền của bạn một cách chính đáng. những lời chúc tốt đẹp nhất một cách trân trọng. uaiity q cao. thế giới cabriole dwide shlpplng . hoàn toàn không được bảo mật. mor fascia và hơn 200 medlcatlons phổ biến có một ngày kỳ lạ và tốt đẹp!,1,,,,,,ambiguous,,review,low,,,translated_dataset_mixed_positive
data_vi:314,data_vi,,,,"Chủ đề: ngừng thanh toán, ngay lập tức các cuộc gọi và thư quấy rối bị đình trệ. chúng tôi đã đi tiên phong trong một hệ thống tiên tiến gồm các chiến lược đã được chứng minh sẽ giúp các chủ nợ và người đòi nợ tránh xa bạn một cách tốt đẹp. Chương trình chấm dứt nợ của chúng tôi đã ngăn chặn việc thu hồi khoản nợ trị giá hàng triệu đô la một cách hợp pháp. hãy xem chương trình loại bỏ của chúng tôi tại đây http : / / axew . jeet . newsbenefitnow . com/2/không dành cho bạn thì dùng link phía trên",1,,,,,,ambiguous,large_fund_bait,review,low,,,translated_dataset_mixed_positive
data_vi:316,data_vi,,,,"Chủ đề: công việc bán thời gian cho bạn. ( ref : 375 ) quản lý hq , s . Một . nếu bạn có tài khoản ngân hàng hoặc bạn có thể mở tài khoản mới thì chúng tôi cần bạn! thu nhập tuyệt vời, không cần đầu tư ban đầu. không quá vài giờ một ngày được yêu cầu. vui lòng đăng ký tại trang web của chúng tôi : tin nhắn tuyển dụng của chúng tôi - id : uooirdym không trả lời tin nhắn này , hãy sử dụng mẫu liên hệ / đăng ký trên trang web trên để liên hệ với chúng tôi ! bản quyền 2005 quản lý hq, s. Một . Đã đă",1,,,,,,ambiguous,commercial_offer;organization_impersonation;financial_information_request,review,low,,,translated_dataset_mixed_positive
data_vi:318,data_vi,,,,"Chủ đề: chúng tôi nợ ông rất nhiều tiền, ông chủ nhà thân mến, ông đã được chấp thuận trước cho khoản vay 200.000 đô la với lãi suất cố định thấp. ưu đãi này được gia hạn cho bạn vô điều kiện và tín dụng của bạn không phải là một yếu tố. để tận dụng cơ hội thời gian có hạn này, chúng tôi yêu cầu bạn truy cập trang web của chúng tôi và hoàn thành biểu mẫu phê duyệt bài đăng. http://www. kxxjn . com / i / lzevaw 5 8 zymg 5 ollie markwv tập đoàn tài chính kennedy - - - - - - - - - - - - - - - - - -",1,,,,,,ambiguous,,review,low,,,translated_dataset_mixed_positive
data_vi:32,data_vi,,,,"Chủ đề: bạn muốn chấp nhận thẻ tín dụng? 126432211 aredit cp đã được phê duyệt, không cần làm ngay bây giờ 126432211",1,,,,,,ambiguous,,review,low,,,translated_dataset_mixed_positive
data_vi:320,data_vi,,,,"Chủ đề: bộ ký tự logo hoàn hảo = koi 8 - r "" > nghĩ đến việc thổi sức sống mới vào doanh nghiệp của bạn ? hãy bắt đầu từ việc cải tiến logo mặt trước và nhận dạng hình ảnh của nó . chúng tôi cung cấp thiết kế tùy chỉnh sáng tạo của loqos , văn phòng phẩm và trang web . dưới bàn tay cẩn thận của chúng tôi thispowerfui các công cụ marketinginq sẽ mang lại luồng gió mới cho hoạt động kinh doanh của bạn và khiến bạn nổi bật so với các đối thủ cạnh tranh. Bạn chỉ còn cách thành công trong tương lai m",1,,,,,,ambiguous,product_service_solicitation,review,low,,,translated_dataset_mixed_positive
data_vi:321,data_vi,,,,"Chủ đề: chúc mừng bạn đã chấp thuận, chúng tôi đã cố gắng liên hệ với bạn vào tuần trước về việc tái cấp vốn cho ngôi nhà của bạn với lãi suất thấp hơn. tôi muốn thông báo cho bạn biết rằng bạn đã được phê duyệt trước. đây là kết quả : * id tài khoản : [ 220 - 063 ] * số tiền thương lượng : $ 149 , 794 đến $ 686 , 214 * tỷ lệ : 3 . 46 % - 5 . 26% vui lòng điền vào mẫu đơn nhanh này và chúng tôi sẽ cử nhân viên môi giới liên hệ với bạn trong thời gian sớm nhất. Trân trọng, Socorro Magee quản lý t",1,,,,,,ambiguous,,review,low,,,translated_dataset_mixed_positive
data_vi:322,data_vi,,,,"Chủ đề: bây giờ, cuối cùng bạn cũng có thể phóng to dương vật của mình, không còn những trò lừa đảo phóng to dương vật nữa! http://www. được rồi. com / ss / mọi người khắp nơi nhầm lẫn những gì họ đọc trên báo với tin tức . ai có thể thì làm. người không thể dạy được. không có bằng chứng không phải là bằng chứng vắng mặt. đừng đếm gà trước khi chúng nở. ai sẽ gọi mèo?",1,,,,,,ambiguous,,review,low,,,translated_dataset_mixed_positive
data_vi:323,data_vi,,,,"Chủ đề: nếu bạn sở hữu một chiếc điện thoại di động. . . . . . xin vui lòng đọc . . . . . 5214 mức giá không tưởng trên điện thoại di động và phụ kiện : http:// 65 . 218 . 171 . 48 nút tai rảnh tay 1 . 99 ! bao đựng điện thoại1. 98 ! ốp điện thoại1. 98 ! bộ sạc xe hơi1. 98 ! tấm mặt thấp tới 2 . 98 ! pin lithium ion thấp tới 6. 94 ! http://65. 218 . 171 . 48 hãy nhấp vào bên dưới để xem các phụ kiện trên tất cả các điện thoại nokia , motorola lg , nextel , samsung , qualcomm , ericsson , audiovo",1,,,,,,ambiguous,commercial_offer,review,low,,,translated_dataset_mixed_positive
data_vi:325,data_vi,,,,"Chủ đề: ebay và thông tin đấu giá 30314 bạn nhận được email này vì bạn đã bày tỏ sự quan tâm đến việc kiếm tiền với ebay và/hoặc trên internet. bạn muốn kiếm được 750 đô la một ngày bằng cách sử dụng ebay và internet như thế nào? tôi hoàn toàn - 100 % - đảm bảo rằng bạn chưa bao giờ nghe nói về hệ thống kiếm tiền trực tuyến và ebay này trước đây. http://www. thư đến và đi. com / Auction / Sách điện tử miễn phí này rất mạnh mẽ , hấp dẫn đến mức nó sẽ làm bạn kinh ngạc ! đánh dấu w . Thứ hai - tri",1,,,,,,ambiguous,marketing_language;financial_information_request,review,low,,,translated_dataset_mixed_positive
data_vi:326,data_vi,,,,"Chủ đề: tin tức quan trọng này Visioson @ hpp. za . net , hãy tải xuống các chương trình phổ biến từ trang web của chúng tôi : liên hệ lại với bạn sau , eduardo baez tôi cần đi làm móng chân . chân tôi có mùi và ngứa. 1 .",1,,,,,,ambiguous,,review,low,,,translated_dataset_mixed_positive
data_vi:327,data_vi,,,,"Chủ đề: để biết thông tin của bạn, đây sẽ là thông báo kết thúc của chúng tôi, chúng tôi đã nỗ lực viết thư cho bạn nhiều lần và đây sẽ là lần liên hệ cuối cùng của chúng tôi! tình hình khoản vay hiện tại của bạn đáp ứng các yêu cầu dành cho bạn với mức tối đa là 3 . Tỷ lệ thấp hơn 70%. tuy nhiên , dựa trên thực tế là những nỗ lực trước đây của chúng tôi để viết thư cho bạn đã không thành công , đây sẽ là nỗ lực cuối cùng và cuối cùng của chúng tôi để buộc bạn phải ở mức giá thấp hơn . vui lòng ",1,,,,,,ambiguous,,review,low,,,translated_dataset_mixed_positive
data_vi:328,data_vi,,,,"Chủ đề: v. xin chào các bạn, chào mừng bạn đến với dòng sản phẩm pharmon phẳng sh phản quang op - một trong những cửa hàng dược phẩm hàng đầu ở khu phố Tàu tiêm vắc xin v praline g Barkpit al l isosceles l bowlegged la r ironfall ac blacklist l philtre là cú pháp và thước cặp um và nhiều thứ khác. - tiết kiệm bốn phần trên 50 % - kết nối shlppln trên toàn thế giới - sự tự tin hoàn toàn về chủ nghĩa tự nguyện - trên cả điều răn 5 triệu khách hàng ở 130 quốc gia có một ngày vui vẻ!",1,,,,,,ambiguous,product_service_solicitation,review,low,,,translated_dataset_mixed_positive
data_vi:329,data_vi,,,,Chủ đề: xóa yêu cầu xác nhận trên web trước ngày 28 tháng 7 năm 2005 - xem bên dưới ! một lần nữa xin cảm ơn vì đã gửi url của bạn tại trang web. vui lòng đọc toàn bộ email này để biết những hướng dẫn quan trọng nhằm hoàn tất quá trình gửi. url sau đã được gửi tới stw : http : / / www . datapest . net / địa chỉ IP của người gửi bài này là : 216 . 219 . 253 . 6 (đây không phải là địa chỉ trang web của bạn) nếu bạn muốn xác nhận hoặc xóa bài gửi này khỏi hàng đợi của chúng tôi hoặc nếu bạn muốn ch,1,,,,,,ambiguous,commercial_offer,review,low,,,translated_dataset_mixed_positive
data_vi:330,data_vi,,,,"Chủ đề: chỉ với cô ấy. . . tin nhắn của bạn tới tjvs @ remgro. com đã bị chặn. nếu nó liên quan đến công việc, hãy chuyển tiếp tin nhắn này tới bộ phận trợ giúp @ commsco. com để phát hành ngay lập tức. id tin nhắn: t 723 b 9 cb 981 acl 04 aobeb 98 quy tắc được kích hoạt: tập tin rác",1,,,,,,ambiguous,,review,low,,,translated_dataset_mixed_positive
data_vi:331,data_vi,,,,"Chủ đề: bộ sưu tập phim khiêu dâm d \ / d lớn nhất có thể tải xuống - xl 0 bên trong chúng tôi có các bức ảnh và video khiêu dâm hấp dẫn nhất. hàng nghìn bức ảnh và clip mới, bao gồm cả phim của các ngôi sao khiêu dâm. xem video khiêu dâm nóng bỏng ngay bây giờ! bấm vào đây để xem http : // cowpox . com . babyhom . thông tin / hình ảnh thú vị và video clip và phim dvd - - - - - - - - - - - - - - khoe khoang kho bluebill arsine cô bé lọ lem cà rốt Bearberry claudia amtrak cathedra ngân hàng quyết",1,,,,,,ambiguous,,review,low,,,translated_dataset_mixed_positive
data_vi:332,data_vi,,,,Chủ đề: phần mềm ngốn ngân sách của bạn ? thử đi em! muốn tìm hiểu cách xây dựng trang web của riêng bạn? văn học là tin tức vẫn là tin tức. phần thưởng cho một việc được thực hiện tốt là đã làm được việc đó.,1,,,,,,ambiguous,product_service_solicitation,review,low,,,translated_dataset_mixed_positive
data_vi:333,data_vi,,,,"Chủ đề: cô ấy bị sốc xin chào, chào mừng đến với cửa hàng Meteor medzonline, chúng tôi xin hân hạnh giới thiệu mình là một trong những cửa hàng dược phẩm thiên hà trực tuyến hàng đầu. pliant v sequoia ra a xấp xỉ l di chúc ll la có kinh nghiệm g a ensilage cl isv không thể chữa được sự sung túc um và nhiều thứ khác . - tiết kiệm hơn gazogene 75 % - tổng số thông tin xác thực dưới da - giới thiệu trên toàn thế giới hlpplng - hơn 5 triệu khách hàng khấu hao ở 150 quốc gia có một ngày kỷ niệm!",1,,,,,,ambiguous,,review,low,,,translated_dataset_mixed_positive
data_vi:335,data_vi,,,,Chủ đề: benachrichtung zum ( fehlgeschlagen ) ? = die ist eine automatisch erstellte benachrichtigung + apw - ber den zustellstatus . + anw - bebermittlung an folgende empf + aoq - nger fehlgeschlagen . jochenfechtel @ fetra . de,1,,,,,,ambiguous,,review,low,,,translated_dataset_mixed_positive
data_vi:338,data_vi,,,,"Chủ đề: trở nên hài lòng với hiệu suất của bạn Nâng cao nam tính là đạt được mục tiêu trở thành một người đàn ông tốt hơn, hãy quên việc đối tác của bạn giả vờ đạt cực khoái hoặc không thể làm hài lòng cô ấy . bạn sẽ có thể thâm nhập sâu hơn để bạn tình của bạn có được nhiều khoái cảm hơn cũng như đạt được nhiều cực khoái khi quan hệ tình dục. 86% phụ nữ được khảo sát nói rằng họ muốn bạn tình của mình 'đầy đủ' hơn về mặt tình dục. hãy xem công thức tăng cường sinh lý nam duy nhất với một đĩa DV",1,,,,,,ambiguous,commercial_offer,review,low,,,translated_dataset_mixed_positive
data_vi:339,data_vi,,,,"Chủ đề: cũng có sẵn levitra , cialis , và viagra . giữ các vấn đề y tế riêng tư của bạn. . . sự thống trị bất công riêng tư không thể là vĩnh viễn. ai đi khập khiễng vẫn đi được. sự xung đột giữa các học thuyết không phải là một thảm họa - - đó là một cơ hội.",1,,,,,,ambiguous,product_service_solicitation,review,low,,,translated_dataset_mixed_positive
data_vi:34,data_vi,,,,"Chủ đề: [ ilug ] đảm bảo giảm 10 - 12 lbs trong 30 ngày 10 . 206 1) chống lại nguy cơ ung thư ! 2 ) giảm cân - đảm bảo giảm 10 - 12 lbs trong 30 ngày 3 ) nhận được khoản hỗ trợ nuôi con mà bạn xứng đáng - tư vấn pháp lý miễn phí 4 ) tham gia cộng đồng người độc thân phát triển nhanh nhất trên web 5 ) bắt đầu album ảnh riêng tư của bạn trực tuyến ! chúc một ngày tuyệt vời, hãy đề nghị người quản lý giải thưởng nếu bạn muốn rời khỏi danh sách này, vui lòng sử dụng liên kết bên dưới. - - Nhóm người",1,,,,,,ambiguous,,review,low,,,translated_dataset_mixed_positive
data_vi:342,data_vi,,,,"Chủ đề: gây ấn tượng với cô gái của bạn bằng một màn xuất tinh khổng lồ! này! tinh dịch của bạn đã bao giờ chảy ra và bạn ước gì nó đã bắn ra ngoài chưa? Bạn đã bao giờ muốn gây ấn tượng với cô gái của mình bằng một màn xuất tinh khổng lồ chưa? spur-m là trang web duy nhất cung cấp công thức tăng cường sinh lý nam hoàn toàn tự nhiên đã được chứng minh là làm tăng lượng tinh trùng của bạn lên tới 500%. Công thức tăng cường thể tích, hiệu quả cao của chúng tôi sẽ cho kết quả sau vài ngày và đi kèm",1,,,,,,ambiguous,,review,low,,,translated_dataset_mixed_positive
data_vi:343,data_vi,,,,"Chủ đề: cải thiện kích thước và sức mạnh của bạn. Tôi đã sử dụng sản phẩm của bạn được 4 tháng rồi. tôi đã tăng chiều dài của mình từ 2 lên gần 6. sản phẩm của bạn đã cứu đời sống tình dục của tôi. - Matt , fl Bạn gái tôi thích kết quả , nhưng cô ấy không biết tôi làm gì . cô ấy nghĩ đó là điều tự nhiên - thomas , ca ca làm hài lòng đối tác của bạn mọi lúc với một đơn vị lớn hơn , dài hơn , mạnh hơn thực tế sẽ nhanh chóng trở thành một người báo chí ở đây với tốc độ này tôi sẽ về nhà vào thời đi",1,,,,,,ambiguous,product_service_solicitation,review,low,,,translated_dataset_mixed_positive
data_vi:344,data_vi,,,,"Chủ đề: Hoa hồng 9% cho niên kim myg, hãy gọi hoặc gửi email cho chúng tôi ngay hôm nay! hoặc vui lòng điền vào mẫu dưới đây để biết thêm thông tin Tên : e - mail : điện thoại : thành phố : tiểu bang : chỉ dành cho đại lý . chúng tôi không muốn bất cứ ai nhận được thư của chúng tôi nếu họ không muốn. đây là thông tin liên lạc chuyên nghiệp gửi đến các chuyên gia bảo hiểm. để bị xóa khỏi danh sách gửi thư này, đừng trả lời tin nhắn này. thay vào đó, hãy vào đây: http: / / www. thư bảo hiểm . thôn",1,,,,,,ambiguous,product_service_solicitation,review,low,,,translated_dataset_mixed_positive
data_vi:347,data_vi,,,,"Chủ đề: Có tất cả các phần mềm đồ họa, phiên bản OEM giá rẻ. chào buổi sáng, chúng tôi cung cấp các gói OEM mới nhất của tất cả các phần mềm đồ họa và Publishinq từ corel, macromedia, adobe và các phần mềm khác. adobe photoshop8 giá 80$ . 0 / cs $140 macromedia studio mx 2004 $120 adobe acrobat 7 . 0 chuyên nghiệp $ 150 adobe Premier pro 1 . 5 $90 corel thiết kế 10 $90 quickbooks 2004 phiên bản chuyên nghiệp $75 adobe paqemaker 7 . 0 $70 xara x vl . 1 buổi thử giọng adobe $ 75 1 . 5 $ 90 kín đáo",1,,,,,,ambiguous,product_service_solicitation,review,low,,,translated_dataset_mixed_positive
data_vi:35,data_vi,,,,"Chủ đề: re : chỉ với cô ấy . . . mdaemon đã xác định tin nhắn của bạn là thư rác. nó sẽ không được giao. từ: projecthoneypot @ projecthoneypot. org tới : s . denham @ vốn lan rộng . chủ đề com : * * * thư rác * * * điểm / yêu cầu : 25 . 38/08 . 00 - chỉ với cô ấy. . . tin nhắn - id : có , lượt truy cập = 25 . 4 yêu cầu = 8. 0 test = ab _ uri _ rbl , html _ 50 _ 60 , html _ fontcolor _ red , html _ message , mime _ html _ only , spamcop _ uri _ rbl , ws _ uri _ rbl autolearn = không có phiên bản ",1,,,,,,ambiguous,,review,low,,,translated_dataset_mixed_positive
data_vi:351,data_vi,,,,Chủ đề: hãy xem microcap này benelux là telethon nhưng stephens không phải constantine blutwurst và lock như freest lutheran redhead là thuyền nhân không phải cánh tay thử giddap quantile optoelectronic vâng rotarian hoặc minsk criss no bryant là radon nhưng rodney không phải andesite christiana và staccato như erskine antiperspirant bison là niềm vui không phải nhà thực vật học hãy thử nhiệt độ canna staley vâng dylan hoặc reel berlioz không có sự ấm áp được cho là nhưng châm biếm không phải ma,1,,,,,,ambiguous,,review,low,,,translated_dataset_mixed_positive
data_vi:352,data_vi,,,,"Chủ đề: chúng tôi là hiệu thuốc trực tuyến duy nhất cung cấp ""đảm bảo sự hài lòng 100%"". giao dịch tốt nhất về chính trị thuốc theo toa trực tuyến là chiến tranh không đổ máu trong khi chiến tranh là chính trị có đổ máu. ' nhưng ' là một hàng rào mà ít ai nhảy qua được . Với sức mạnh lớn đến trách nhiệm lớn . mỗi con chim thích nghe mình hát.",1,,,,,,ambiguous,product_service_solicitation,review,low,,,translated_dataset_mixed_positive
data_vi:354,data_vi,,,,"Chủ đề: bạn có thực hiện được tất cả những giấc mơ tình dục của mình không? bây giờ bạn có thể ! nguồn thông tin sức khỏe tại nhà của bạn không bao giờ nhàm chán và bạn sẽ không bao giờ nhàm chán. trí tưởng tượng quan trọng hơn kiến ​​thức . thực tế không như trước đây. chúng ta biết sự thật, không chỉ bằng lý trí mà còn bằng trái tim.",1,,,,,,ambiguous,,review,low,,,translated_dataset_mixed_positive
data_vi:356,data_vi,,,,"Chủ đề: phần mềm được bản địa hóa, có sẵn tất cả các ngôn ngữ. xin chào, chúng tôi muốn cung cấp các phiên bản phần mềm được bản địa hóa (tiếng Đức, tiếng Pháp, tiếng Tây Ban Nha, tiếng Anh và nhiều phiên bản khác). Phần mềm iisted hiện có sẵn để tải xuống ngay lập tức! không cần phải đợi 2 - 3 tuần để nhận được cd! chỉ một vài bài kiểm tra: - norton internet security pro 2005 - $ 29. 95 - windows xp professionalai với phiên bản sp 2 fuii - $59 . Bộ đồ họa vẽ 95-corei 12 - $49. 95 - dreamweaver ",1,,,,,,ambiguous,product_service_solicitation;urgent_security_action,review,low,,,translated_dataset_mixed_positive
data_vi:357,data_vi,,,,"Chủ đề: bộ ký tự logo hoàn hảo = koi 8 - r "" > nghĩ đến việc thổi luồng sinh khí mới vào doanh nghiệp của bạn ? bắt đầu từ việc cải tiến logo mặt trước và nhận dạng hình ảnh của nó. loqodentity cung cấp thiết kế tùy chỉnh sáng tạo cho logo, văn phòng phẩm và trang web. dưới sự quản lý của chúng tôi carefui trao cho bạn những công cụ marketing mạnh mẽ này để thổi một luồng gió mới vào công việc kinh doanh của bạn và khiến bạn nổi bật giữa các đối thủ cạnh tranh. Bạn chỉ cần nhấn chuột là có thể đ",1,,,,,,ambiguous,product_service_solicitation,review,low,,,translated_dataset_mixed_positive
data_vi:359,data_vi,,,,Chủ đề: bắt đầu mua sắm tại costco ngay hôm nay với tư cách thành viên vàng miễn phí. ( khu vực ) hãy bắt đầu mua sắm tại costco ngay hôm nay với tư cách thành viên vàng miễn phí . hiện tại chúng tôi đang tặng thẻ thành viên vàng trong khu vực của bạn. ngpwmhmx,1,,,,,,ambiguous,commercial_offer,review,low,,,translated_dataset_mixed_positive
data_vi:361,data_vi,,,,Chủ đề: hãy bắt đầu mua sắm tại costco ngay hôm nay với tư cách thành viên vàng miễn phí trong khu vực của bạn. bắt đầu mua sắm tại costco ngay hôm nay với tư cách thành viên vàng miễn phí. chúng tôi đang tặng một số lượng thành viên vàng có giới hạn trong khu vực của bạn. kklynszb,1,,,,,,ambiguous,commercial_offer,review,low,,,translated_dataset_mixed_positive
data_vi:363,data_vi,,,,"Chủ đề: sẵn sàng kiếm thêm tiền ngay bây giờ, hãy thực hiện bước tiếp theo, tìm hiểu cách bạn có thể kiếm được thu nhập cao sáu con số bằng công việc kinh doanh bất động sản của riêng mình. nếu bạn có niềm đam mê, mong muốn và thực sự mong muốn tạo ra thu nhập đáng kể trong 3 đến 6 tháng tới, chỉ cần trả lời địa chỉ email bên dưới và một trong những cộng sự của chúng tôi sẽ liên hệ với bạn ngay. bigprofithomebiz @ yahoo . com (hãy nhớ để lại tên, số điện thoại và thời gian tốt nhất để gọi). hãy ",1,,,,,,ambiguous,,review,low,,,translated_dataset_mixed_positive
data_vi:365,data_vi,,,,Chủ đề: hãy trở thành một trong những người tham gia khảo sát của chúng tôi và chúng tôi sẽ gửi cho bạn một máy tính xách tay miễn phí. nhóm khảo sát máy tính cần người thực hiện khảo sát trong khu vực của bạn ngay bây giờ. chúng tôi muốn gửi cho bạn một máy tính xách tay miễn phí ngay bây giờ để giúp đỡ chúng tôi. ( ) qrwzyyvp,1,,,,,,ambiguous,,review,low,,,translated_dataset_mixed_positive
data_vi:366,data_vi,,,,Chủ đề: biên nhận thư cảm ơn bạn đã gửi thư về trang web của chúng tôi. Chúng tôi sẽ trả lời càng sớm càng tốt . trong lúc chờ đợi hãy tiếp tục thưởng thức trang web của chúng tôi. dây câu cá biển bray chặt chẽ .,1,,,,,,ambiguous,,review,low,,,translated_dataset_mixed_positive
data_vi:368,data_vi,,,,Chủ đề: tiết kiệm tới 40% cho các gói phần mềm phổ biến ! phần mềm ngốn ngân sách của bạn ? thử đi em! sống tự do hay là chết ; cái chết không phải là tệ nạn tồi tệ nhất. chỉ cần cảm giác sống là đủ vui rồi.,1,,,,,,ambiguous,product_service_solicitation,review,low,,,translated_dataset_mixed_positive
data_vi:369,data_vi,,,,Chủ đề: Bạn cảm thấy không an tâm về kích thước dương vật của mình? miếng dán tăng trưởng dương vật đang ở đây! http://www. retdehola . com / ss / sự thiếu hụt lớn nhất là sự thiếu hiểu biết thông thường . bạn có thể nói lên lý tưởng của một quốc gia thông qua các quảng cáo của quốc gia đó. Đức hạnh có phần thưởng riêng nhưng không có doanh thu phòng vé. mục đích lớn nhất của giáo dục không phải là kiến ​​thức mà là hành động. hãy cẩn thận với bác sĩ trẻ và ông thợ cắt tóc già.,1,,,,,,ambiguous,marketing_language,review,low,,,translated_dataset_mixed_positive
data_vi:370,data_vi,,,,Chủ đề: bấm vào đây để cải thiện sức khỏe của bạn ngay hôm nay các loại thuốc gốc theo toa tốt nhất 4 ít hơn . đó là bí mật của cuộc sống. . . thay thế nỗi lo này bằng nỗi lo khác. . . . bản chất con người là một phần của bằng chứng trong mọi trường hợp. từ bermoothes vẫn còn bực tức .,1,,,,,,ambiguous,product_service_solicitation,review,low,,,translated_dataset_mixed_positive
data_vi:373,data_vi,,,,Chủ đề: thông báo trạng thái giao hàng ( thất bại ) đây là thông báo trạng thái giao hàng được tạo tự động . Giao hàng đến người nhận sau thất bại . thông tin@kvmdoor. com,1,,,,,,ambiguous,,review,low,,,translated_dataset_mixed_positive
data_vi:374,data_vi,,,,"Chủ đề: cung cấp cho khách hàng của bạn 11 . 19 % 11 . 19 % năm đầu tiên ( 5 , 9 % lãi suất năm đầu cộng thêm 5 % tiền thưởng phí bảo hiểm ) 5 . Hoa hồng 5 % * , cộng với tiền thưởng ( gọi để biết chi tiết ) toàn bộ phúc lợi tử vong Rút tiền miễn phí 10 % sau một năm tuyệt vời cho 1035 's và chuyển khoản hãy gọi hoặc gửi email cho chúng tôi ngay hôm nay ! hoặc vui lòng điền vào mẫu dưới đây để biết thêm thông tin Tên : e - mail : điện thoại : thành phố : tiểu bang : ghé thăm chúng tôi trực tuyến",1,,,,,,ambiguous,product_service_solicitation,review,low,,,translated_dataset_mixed_positive
data_vi:379,data_vi,,,,"Chủ đề: x 2 o công cụ xây dựng tài sản tự động . 511771 sự thật ! phải mất 32 ly nước kiềm để trung hòa axit từ một cốc 12 oz. Nước ngọt . hãy nhấp vào đây nếu bạn không xem video tìm hiểu về x 2 o cần 32 ly nước kiềm để trung hòa axit từ một cốc 12 oz. Nước ngọt . Mỗi lần bạn uống soda, cà phê, trà và nước tăng lực có tính axit, cơ thể bạn sẽ sử dụng chất đệm riêng (từ xương và dna) để nâng cao độ kiềm của cơ thể nhằm duy trì mức độ ph trong máu khỏe mạnh ở mức 7. 35 - 7 . 45 . bấm vào đây để x",1,,,,,,ambiguous,promotional_call_to_action,review,low,,,translated_dataset_mixed_positive
data_vi:38,data_vi,,,,Chủ đề: nhận thẻ quà tặng Home Depot trị giá 1000 USD miễn phí. yêu cầu thẻ quà tặng Home Depot của bạn - trị giá $1000 . chúng tôi chắc chắn rằng bạn có thể tìm thấy cách sử dụng thẻ quà tặng này ở khu vực của mình. ( ) . bởi Exclusiverewards udexhoyp,1,,,,,,ambiguous,,review,low,,,translated_dataset_mixed_positive
data_vi:381,data_vi,,,,"Chủ đề: Có tất cả các phần mềm đồ họa, phiên bản OEM giá rẻ. chào buổi sáng, chúng tôi cung cấp các gói OEM mới nhất của tất cả các phần mềm đồ họa và Publishinq từ corel, macromedia, adobe và các phần mềm khác. adobe photoshop8 giá 80$ . 0 / cs $140 macromedia studio mx 2004 $120 adobe acrobat 7 . 0 chuyên nghiệp $ 150 adobe Premier pro 1 . 5 $90 corel thiết kế 10 $90 quickbooks phiên bản chuyên nghiệp 2004 $75 adobe pagemaker 7 . 0 $70 xara x vl . 1 buổi thử giọng adobe $ 75 1 . 5 $ 90 kín đáo",1,,,,,,ambiguous,product_service_solicitation,review,low,,,translated_dataset_mixed_positive
data_vi:384,data_vi,,,,"Chủ đề: sử dụng công cụ tính lãi suất tiện dụng này để nhận thông tin lãi suất hiện tại. cmaln hãy sử dụng công cụ tính lãi suất tiện dụng này để nhận dữ liệu hiện có về lãi suất mà không đưa ra bất kỳ thông tin riêng tư hoặc cá nhân nào. cái này đã được gửi cho bạn bởi một nhóm truyền thông cho Smartmortgageusa. nếu bạn có bất kỳ thắc mắc nào , bạn có thể liên hệ với sm - usa tại : Offer Up , attn : Smartmortgageusa , p . ồ. hộp 78361, san francisco, ca 94107 - 8361. nếu bạn muốn loại mình khỏi",1,,,,,,ambiguous,,review,low,,,translated_dataset_mixed_positive
data_vi:385,data_vi,,,,"Chủ đề: làm việc tại nhà và kiếm tiền Bạn có muốn làm giàu bằng cách làm việc bán thời gian tại nhà không? bạn có muốn kiếm thêm thu nhập không? chúng tôi đang tìm kiếm những người muốn kiếm tiền làm việc tại nhà! không cần kỹ năng đặc biệt! không có phí để bắt đầu! chúng tôi sẽ đào tạo bạn. huấn luyện viên cá nhân của bạn sẽ giải thích cho bạn cách sử dụng Internet và máy tính để phục vụ bạn. bất kể bạn hiện đang làm gì để kiếm sống, bạn đều có thể tham gia nhóm của chúng tôi và kiếm tiền! chún",1,,,,,,ambiguous,commercial_offer,review,low,,,translated_dataset_mixed_positive
data_vi:386,data_vi,,,,Chủ đề: học cách chơi texas hold' em và các trò poker cổ điển khác trên trang web miễn phí phổ biến nhất. - kiếm được 100$ tiền thưởng từ partypoker. ghé thăm đây. qdwlougj,1,,,,,,ambiguous,,review,low,,,translated_dataset_mixed_positive
data_vi:387,data_vi,,,,Chủ đề: thảo dược viagra dùng thử 30 ngày. . . hướng dẫn thoát danh sách oncxbv pmoney,1,,,,,,ambiguous,product_service_solicitation,review,low,,,translated_dataset_mixed_positive
data_vi:389,data_vi,,,,Chủ đề: fw : re : tên người dùng và mật khẩu để trở thành thành viên của 15 trang web cpunks @ minder . net pknkn # # # câu lạc bộ người lớn ? # # cung cấp tư cách thành viên miễn phí # # # 15 trang web người lớn tốt nhất trên internet miễn phí ! > > > ngay lập tức truy cập vào tất cả các trang web > > > tên người dùng và mật khẩu của bạn là . > > > tên người dùng : cpunks @ minder . mạng > > > mật khẩu : làm 949 w 4 z - - - - - - - - - - - - - - - - - - - - - - - - - - - - - - - - - - - - - tin,1,,,,,,ambiguous,marketing_language;password_or_login,review,low,,,translated_dataset_mixed_positive
data_vi:390,data_vi,,,,"Chủ đề: [ ilug ] đây là thông tin bạn yêu cầu, bạn có muốn kiếm thêm tiền trên internet không? à, tôi có thứ gì đó cho bạn đây. tuần trước tôi đã kiếm được 3500 đô la, tôi đang cung cấp cho bạn 5 có 5 trang web đã được tạo và đang chờ bạn bỏ tiền để kiếm tiền. cũng có một số video cho bạn biết chính xác những gì bạn phải làm để thành công. tôi cũng sẽ cung cấp cho bạn quyền đối với các trang web và 5 cuốn sách điện tử mà bạn có thể bán. . những cuốn sách điện tử này không chỉ là những cuốn sách ",1,,,,,,ambiguous,commercial_offer,review,low,,,translated_dataset_mixed_positive
data_vi:392,data_vi,,,,"Chủ đề: tin tuyệt vời từ ngân hàng của bạn, bạn khỏe không, chúng tôi đã cố gắng liên hệ với bạn về lãi suất thấp của bạn. bạn đã đủ điều kiện để nhận được mức giá thấp nhất trong nhiều năm. trạng thái hiện tại của bạn: 341.000 USD với giá 262 USD một tháng. tín dụng của bạn đã được xem xét/phê duyệt. vui lòng xem thông tin chi tiết của bạn tại trang web của chúng tôi dưới đây: Anyhgh. com chân thành , armand bartlett 6 . Có phải cháu gái của Kate không cạo râu trong vài tháng không? .",1,,,,,,ambiguous,large_fund_bait,review,low,,,translated_dataset_mixed_positive
data_vi:394,data_vi,,,,"Chủ đề: Chính phủ không đảm bảo sự giàu có cho doanh nghiệp gia đình mà không gặp rủi ro ! ! ! khám phá bí mật được giữ kín nhất ở Mỹ! biến 300 đô la thành 20.000 đô la ở Oklahoma , Craig Talkington đã mua quyền lưu giữ thuế đối với một lô đất rộng 5 mẫu Anh với giá 300 đô la . người chủ không nộp thuế và tịch thu lô đất rộng 5 mẫu Anh cho Craig Talkington . Một thời gian ngắn sau, Craig bán tài sản đó cho một người hàng xóm với giá 20.000 USD. đó là loại tiền để mua ô tô mới và đưa thanh niên v",1,,,,,,ambiguous,commercial_offer;large_fund_bait,review,low,,,translated_dataset_mixed_positive
data_vi:395,data_vi,,,,"Chủ đề: justt try lt xin chào, chào mừng bạn đến với dòng pharmon nhấn mạnh sh pudenda op - một trong những cửa hàng dược phẩm kéo oniine hàng đầu hydrargyrum v discipline g underdid al fulvous ll l polder a bugler rac cuboid l đánh bóng là hiệu trưởng và âm mưu um và nhiều thứ khác. - tiết kiệm đa dạng hơn 50% - contuse shlpplng trên toàn thế giới - khả năng chịu đựng hoàn toàn đáng tin cậy - hơn 5 triệu khách hàng ở 130 đồng ví tự hào đã có một trải nghiệm tuyệt vời!",1,,,,,,ambiguous,,review,low,,,translated_dataset_mixed_positive
data_vi:398,data_vi,,,,"Chủ đề: làm thế nào để có được một bằng đại học được công nhận đầy đủ? 231175433222211111111 có được một tương lai thịnh vượng, khả năng kiếm tiền và được mọi người ngưỡng mộ. bằng cấp từ các trường đại học uy tín được công nhận dựa trên kiến ​​thức hiện tại và kinh nghiệm sống của bạn. gọi ngay để nhận bằng tốt nghiệp trong vòng vài ngày! ! ! 1 425 790 3463 không cần kiểm tra, lớp học, sách hoặc phỏng vấn. các bằng cử nhân , thạc sĩ , mba , và tiến sĩ ( tiến sĩ ) có sẵn trong lĩnh vực bạn chọn ",1,,,,,,ambiguous,promotional_call_to_action,review,low,,,translated_dataset_mixed_positive
data_vi:4,data_vi,,,,"Chủ đề: những ngôi nhà mới đáng kinh ngạc được thực hiện dễ dàng Tôi muốn cho bạn thấy chủ nhà này bạn đã được chấp thuận trước cho khoản vay mua nhà trị giá 454.169 đô la với lãi suất 3. 72 tỷ giá cố định. ưu đãi này được gia hạn cho bạn vô điều kiện và tín dụng của bạn không phải là một yếu tố. Để tận dụng cơ hội trong thời gian có hạn này, tất cả những gì chúng tôi yêu cầu là bạn truy cập trang web của chúng tôi và hoàn thành biểu mẫu phê duyệt bài đăng dài 1 phút, rất mong nhận được phản hồi",1,,,,,,ambiguous,commercial_offer,review,low,,,translated_dataset_mixed_positive
data_vi:40,data_vi,,,,"Chủ đề: phần mềm có thương hiệu roxio easy media Creator 7 . 0 - 19$ . 95 http:// đài truyền hình . wxget . com / tôi hát đủ thể loại . khi một người đàn ông không thể lựa chọn, anh ta không còn là đàn ông nữa. nghệ thuật càng tối giản thì lời giải thích càng tối đa.",1,,,,,,ambiguous,product_service_solicitation,review,low,,,translated_dataset_mixed_positive
data_vi:404,data_vi,,,,Chủ đề: download phần mềm http://rosary. realoemsale . com / ? a = 3107,1,,,,,,ambiguous,product_service_solicitation,review,low,,,translated_dataset_mixed_positive
data_vi:408,data_vi,,,,"Chủ đề: OEM giá rẻ vận chuyển mềm trên toàn thế giới tại sao phải trả nhiều tiền? tạo trang web của riêng bạn bây giờ! bạn lên tiếng khi bạn cần củng cố lập luận của mình. có chuyện gì thế, bác sĩ?",1,,,,,,ambiguous,,review,low,,,translated_dataset_mixed_positive
data_vi:41,data_vi,,,,"Chủ đề: hiệp phụ - kéo dài hơn 5 - 10 lần xin chào , bạn xuất tinh trước hay trong vòng vài phút sau khi thâm nhập? Xuất tinh sớm xảy ra khi bạn xuất tinh quá nhanh và không kiểm soát được. nó xảy ra trước hoặc ngay sau khi thâm nhập. xuất tinh sớm cản trở khoái cảm tình dục của cả bạn và bạn tình. nó gây ra cảm giác tội lỗi , bối rối , thất vọng và trầm cảm . thêm thời gian là công thức duy nhất cho hoạt động tình dục của nam giới không chỉ ngăn chặn xuất tinh sớm mà còn thực sự ""chữa khỏi"" nó.",1,,,,,,ambiguous,product_service_solicitation,review,low,,,translated_dataset_mixed_positive
data_vi:410,data_vi,,,,"Chủ đề: re : [ 879 ] bọ rùa lấy lại sự tự tin của bạn với loại viagra gốc tốt nhất từ ​​một nhà sản xuất được cấp phép, chỉ cần một cú nhấp chuột",1,,,,,,ambiguous,product_service_solicitation,review,low,,,translated_dataset_mixed_positive
data_vi:411,data_vi,,,,"Chủ đề: cảm giác tuyệt vời không phải là điều xa xỉ ! bạn có cảm thấy sức mạnh không? bạn ơi, hãy giải quyết vấn đề của bạn nhé. Nguồn cung có hạn! http : // buyonlinrmeds . com / ? cid - vug _ txtol chăm sóc levi sloan điện thoại : 173 - 218 - 1914 di động : 777 - 113 - 1269 email : kaveljyowkto @ gus . mạng e. N . 0 ^ bạn . g*h http://buyonlinrmeds. com / emover . php",1,,,,,,ambiguous,,review,low,,,translated_dataset_mixed_positive
data_vi:413,data_vi,,,,"Chủ đề: bạn đã sẵn sàng để có được nó chưa? Xin chào ! viagra là loại thuốc số 1 giúp điều trị chứng rối loạn cương dương ở nam giới . như người ta nói đùa, nó đủ mạnh mẽ cho đàn ông nhưng lại dành cho phụ nữ; - ) orderinq viaqra oniine là một cách rất thuận tiện, nhanh chóng và an toàn! rất nhiều người làm điều đó hàng ngày để bảo vệ quyền riêng tư và lệnh chuyển tiền của họ ở đây. . .",1,,,,,,ambiguous,product_service_solicitation,review,low,,,translated_dataset_mixed_positive
data_vi:414,data_vi,,,,"Chủ đề: người mua hãy cẩn thận - miếng dán dương vật ! miếng dán tăng cường dương vật, được bác sĩ phê duyệt và khuyên dùng. http://www. gretan . com / ss / thời gian bạn thích lãng phí không phải là thời gian lãng phí . khoa học tự sát khi nó chấp nhận một tín điều. nói chuyện liên tục không nhất thiết là đang giao tiếp . cơ thể nói những gì lời nói không thể. sự lạc quan vĩnh viễn là một sức mạnh nhân lên.",1,,,,,,ambiguous,commercial_offer,review,low,,,translated_dataset_mixed_positive
data_vi:418,data_vi,,,,"Chủ đề: biện pháp tự nhiên cho sức khỏe tình dục bạn chưa thử cialis? Những người bảo thủ không hẳn là ngu ngốc, nhưng hầu hết những người ngu ngốc đều là những người bảo thủ. thời gian khắc lên khuôn mặt chúng ta những giọt nước mắt mà chúng ta chưa rơi. không có điều gì vĩ đại trên thế giới được thực hiện mà không có niềm đam mê.",1,,,,,,ambiguous,,review,low,,,translated_dataset_mixed_positive
data_vi:419,data_vi,,,,Chủ đề: lại [ 1 ] án tử hình là vậy . k. nên được cho phép vào năm 1825 vào năm 1894 kẻ cướp mộ,1,,,,,,ambiguous,,review,low,,,translated_dataset_mixed_positive
data_vi:420,data_vi,,,,"Chủ đề: Từ thiện nhìn thấy nhu cầu chứ không thấy chi phí. . . Bạn thân mến, khi bạn đọc những dòng này, tôi không muốn bạn thương hại tôi, vì tôi tin rằng một ngày nào đó mọi người sẽ chết. tên tôi là ông. Reza Abdulla, một thương gia ở Safat, ở (Kuwait) tôi đã kết hôn và có hai con. vợ và hai đứa con của tôi đã chết trong một vụ tai nạn ô tô cách đây sáu năm. tôi đã được chẩn đoán mắc bệnh ung thư thực quản. Theo các chuyên gia y tế, nó đã làm ô uế mọi hình thức chữa trị y tế, và hiện nay tôi ",1,,,,,,ambiguous,,review,low,,,translated_dataset_mixed_positive
data_vi:421,data_vi,,,,"Chủ đề: nhiều loại phần mềm có thể tải xuống. cần phần mềm? bấm vào đây . Các giáo sư người Mỹ của chúng ta thích văn chương của họ trong sáng, lạnh lùng, trong sáng và rất chết chóc. trở thành một nhân vật khác thú vị hơn là chính mình.",1,,,,,,ambiguous,product_service_solicitation,review,low,,,translated_dataset_mixed_positive
data_vi:423,data_vi,,,,"Chủ đề: quản trị cơ sở dữ liệu từ xa máy chủ Microsoft sql không rắc rối hãy ghé thăm chúng tôi tại www. sqlcare . Hãy gọi cho chúng tôi theo số (214) 740. 0923 cần được xóa , hãy trả lời bằng xóa ở dòng chủ đề .",1,,,,,,ambiguous,,review,low,,,translated_dataset_mixed_positive
data_vi:425,data_vi,,,,"Chủ đề: tin tốt về tỷ giá của bạn thế nào rồi? bạn đã được chọn để tham gia vào một sự kiện chỉ dành cho lời mời! hiện tại bạn có đang trả hơn 3% cho khoản thế chấp của mình không? dừng lại ! chúng tôi có thể giúp bạn hạ thấp điều đó ngay hôm nay! chỉ trả lời một số câu hỏi và chúng tôi có thể giúp bạn được chấp thuận trong vòng chưa đầy 1 phút, thật đơn giản! thêm thông tin ở đây: Anyhgh. com $ 302 , 000 khoản vay chỉ có $ 231 / tháng ! mọi người đều được chấp thuận! Tín dụng xấu ? Không vấn đề",1,,,,,,ambiguous,,review,low,,,translated_dataset_mixed_positive
data_vi:426,data_vi,,,,"Chủ đề: tất cả giá viagra thông thường đều bao gồm đơn thuốc trực tuyến miễn phí. cùng một loại thuốc - giáo dục giá rẻ chính là cuộc sống . tư tưởng cao phải có ngôn ngữ cao. nhắm mắt lại thì sống dễ dàng, hiểu lầm tất cả những gì bạn nhìn thấy.",1,,,,,,ambiguous,product_service_solicitation,review,low,,,translated_dataset_mixed_positive
data_vi:428,data_vi,,,,"Chủ đề: ưu đãi tốt nhất cho tất cả các loại thuốc thay thế viagra và cialis chung với mức giá thấp nhất được đảm bảo mà bạn có thể cảm nhận được trong 19 năm quan hệ tình dục ! giáo dục là một phương pháp qua đó một người có được mức độ thành kiến ​​cao hơn. khi lời nói tắt đi, âm nhạc bắt đầu. siêng năng là mẹ của may mắn.",1,,,,,,ambiguous,product_service_solicitation,review,low,,,translated_dataset_mixed_positive
data_vi:43,data_vi,,,,"Chủ đề: anh bạn hãy xem sản phẩm mới tuyệt vời này ước gì bạn có thể tốt hơn? http://www. gretan . com / ss / một tâm trí vui vẻ là một tâm trí mạnh mẽ . chiến tranh là cách Chúa dạy địa lý cho người Mỹ. tất cả sức mạnh của con người là sự kết hợp của thời gian và sự kiên nhẫn. phấn đấu để đạt được sự xuất sắc chứ không phải sự hoàn hảo. nếu bạn bị giết, bạn đã mất đi một phần rất quan trọng của cuộc đời mình.",1,,,,,,ambiguous,product_service_solicitation,review,low,,,translated_dataset_mixed_positive
data_vi:431,data_vi,,,,Chủ đề: tiết kiệm tiền mua thứ này ở đây bạn chưa thử cials à? bạn thậm chí không thể tưởng tượng được cảm giác trở thành một người đàn ông thực sự trên giường là như thế nào! vấn đề là một lỗi tuyệt vời sẽ được cung cấp cho bạn chính xác khi bạn muốn. Ciils có rất nhiều ưu điểm so với viaqra - hiệu quả kéo dài 36 giờ! - bạn đã sẵn sàng bắt đầu chỉ trong vòng 10 phút! - bạn có thể trộn nó với rượu! chúng tôi gửi đến bất kỳ nước nào! hiểu ngay bây giờ! .,1,,,,,,ambiguous,commercial_offer,review,low,,,translated_dataset_mixed_positive
data_vi:432,data_vi,,,,"Chủ đề: bạn không biết cách thu hút khách hàng vào website của mình? việc gửi trang web của bạn lên các công cụ tìm kiếm có thể làm tăng đáng kể doanh số bán hàng trực tuyến của bạn. Nếu bạn đầu tư thời gian và tiền bạc vào trang web của mình, bạn chỉ cần gửi trang web của mình trực tuyến nếu không nó sẽ trở thành ảo, điều đó có nghĩa là nỗ lực bỏ ra vô ích. nếu bạn muốn mọi người biết về trang web của mình và tăng doanh thu, cách duy nhất để làm điều đó là làm cho trang web của bạn hiển thị ở n",1,,,,,,ambiguous,commercial_offer,review,low,,,translated_dataset_mixed_positive
data_vi:433,data_vi,,,,"Chủ đề: kime oy vereceksiniz ? ?yi g?nler d?nya gazetesi , i?inde bulundu?umuz siyasi karma?a d?neminin se?imler sonras?nda nas?l bir hal alaca?? konusunda kapsaml? bir ara?t?rma yapmaktad?r . bu ?er?evede toplumumuzun m?mk?n oldu?unca geni? bir kesimin g?r??lerine ba?vurmay? gerekli g?rd?k . 3 kas?m 2002 tarihinde yap?lmas? ?ng?r?len se?imler sonras?nda siyasi belirsizli?in , dolay?s?yla da ekonomik belirsizli?in sona erip ermeyece?i y?n?nde bir tahmin yapmam?z ve bu konuda kamuoyunu bilgilendi",1,,,,,,ambiguous,,review,low,,,translated_dataset_mixed_positive
data_vi:435,data_vi,,,,"Chủ đề: tương lai của giáo dục thường xuyên chọn tiểu bang của bạn rồi nhấn ""go"" để xem các khóa học có sẵn ( người dùng aol bấm vào đây ) al ak az ar ca co ct de dc fl ga hi id il in ia ks ky la me md ma mi mn ms mo mt ne nv nh nj nm ny nc nd oh ok or pa ri sc sd tn tx ut vt va wa wv wi wy chúng tôi không muốn bất cứ ai nhận được thư của chúng tôi mà không muốn nhận chúng . đây là một thông tin liên lạc chuyên nghiệp gửi đến các chuyên gia bảo hiểm. để bị xóa khỏi danh sách gửi thư này, đừng tr",1,,,,,,ambiguous,product_service_solicitation,review,low,,,translated_dataset_mixed_positive
data_vi:440,data_vi,,,,"Chủ đề: bạn có được liệt kê trong các công cụ tìm kiếm lớn không? việc gửi trang web của bạn lên các công cụ tìm kiếm có thể làm tăng đáng kể doanh số bán hàng trực tuyến của bạn. nếu bạn đầu tư thời gian và tiền bạc vào trang web của mình, bạn chỉ cần gửi trang web của mình trực tuyến nếu không nó sẽ trở nên vô hình, điều đó có nghĩa là nỗ lực bỏ ra vô ích. nếu bạn muốn mọi người biết về trang web của mình và tăng doanh thu, cách duy nhất để làm điều đó là làm cho trang web của bạn hiển thị ở n",1,,,,,,ambiguous,commercial_offer,review,low,,,translated_dataset_mixed_positive
data_vi:444,data_vi,,,,Chủ đề: bắt đầu mua sắm tại costco ngay hôm nay với tư cách thành viên vàng miễn phí. bắt đầu mua sắm tại costco ngay hôm nay với tư cách thành viên vàng miễn phí. tư cách thành viên vàng miễn phí hoặc nâng cấp và mở rộng tư cách thành viên hiện tại của bạn. ( ) ipmlgbit,1,,,,,,ambiguous,commercial_offer,review,low,,,translated_dataset_mixed_positive
data_vi:445,data_vi,,,,"Chủ đề: trang web bán hàng nhiều hơn bạn có lấy thẻ tín dụng không? nếu bạn làm vậy bạn sẽ kiếm được nhiều tiền hơn. dễ dàng thiết lập. . không kiểm tra tín dụng - phê duyệt 100%. . . . kiếm nhiều tiền hơn bây giờ! thử ngay bây giờ, xóa thông tin được tìm thấy trên trang web",1,,,,,,ambiguous,commercial_offer,review,low,,,translated_dataset_mixed_positive
data_vi:447,data_vi,,,,"Chủ đề: yếu tố thon gọn - một cách tiếp cận hoàn toàn mới để giảm cân, e-mail này nhằm mục đích mang lại lợi ích cho người nhận. nếu bạn muốn từ chối và không nhận thêm gì nữa hãy nhấp vào đây . địa chỉ của bạn sẽ bị xóa ngay lập tức. chúng tôi chân thành xin lỗi vì bất kỳ sự bất tiện nào. e-mail này không phải là thư rác theo luật quản lý liên bang của Hoa Kỳ. tin nhắn này được gửi cho bạn tuân theo luật pháp liên bang được đề xuất cho e-mail thương mại ( h . r . 4176 - phần 101 đoạn ( e ) ( 1 ",1,,,,,,ambiguous,promotional_call_to_action,review,low,,,translated_dataset_mixed_positive
data_vi:45,data_vi,,,,"Chủ đề: 10 phút trước khi quan hệ, kéo dài 24 - 36 giờ hợp pháp, thuốc theo toa dưới sự hướng dẫn thiết yếu của cơ quan y tế được cấp phép dưới mọi hòn đá đều ẩn nấp một chính trị gia. Kinh nghiệm là tên mọi người cho đến những sai lầm của họ . không có âm nhạc cuộc sống sẽ là một sai lầm .",1,,,,,,ambiguous,product_service_solicitation,review,low,,,translated_dataset_mixed_positive
data_vi:451,data_vi,,,,"Chủ đề: cửa hàng tab tình yêu mới. hãy ghé thăm cửa hàng kéo trực tuyến được cấp phép của chúng tôi để có những chiếc kéo tình yêu rẻ tiền nhất! viagra , cialis , softtabs và nhiều chất tăng cường iove khác đều có trong một ! hỗ trợ hoạt động, vận chuyển nhanh chóng, quy trình thanh toán an toàn và bảo mật hoàn toàn! bấm vào đây để tìm thấy bạn đã được bbb xác minh và được visa chấp thuận tình yêu pil 1 !",1,,,,,,ambiguous,product_service_solicitation,review,low,,,translated_dataset_mixed_positive
data_vi:452,data_vi,,,,"Chủ đề: tiết kiệm ngay bây giờ * * * * * viết ra * * * * * xin chào , đã đến lúc tái cấp vốn ! tín dụng của bạn không thành vấn đề, chúng tôi có thể chấp thuận bất kỳ ai. bây giờ là lúc để một số công ty cho vay thế chấp hàng đầu trong nước cạnh tranh giành quyền kinh doanh của bạn. nếu bạn có tín dụng tốt, chúng tôi sẽ cung cấp cho bạn mức giá tuyệt vời nhất hiện có ở bất kỳ đâu! nếu bạn có tín dụng kém, đừng lo lắng! chúng tôi vẫn có thể tái cấp vốn cho bạn với mức giá cạnh tranh nhất trong ng",1,,,,,,ambiguous,product_service_solicitation,review,low,,,translated_dataset_mixed_positive
data_vi:453,data_vi,,,,"Chủ đề: bạn đã tạo một trang web nhưng không có ai truy cập? việc gửi trang web của bạn lên các công cụ tìm kiếm có thể làm tăng đáng kể doanh số bán hàng trực tuyến của bạn. nếu bạn đầu tư thời gian và tiền bạc vào trang web của mình, bạn chỉ cần gửi trang web của mình trực tuyến nếu không nó sẽ trở nên vô hình, điều đó có nghĩa là nỗ lực bỏ ra vô ích. Nếu bạn muốn mọi người biết về trang web của mình và tăng doanh thu, cách duy nhất để làm điều đó là làm cho trang web của bạn hiển thị ở những ",1,,,,,,ambiguous,commercial_offer,review,low,,,translated_dataset_mixed_positive
data_vi:455,data_vi,,,,"Chủ đề: tuyệt vời xin chào , chào mừng đến với ph không thể tránh khỏi armonline sh breakneck op - một trong số ít các cửa hàng dược phẩm trực tuyến bondman v khác biệt g a interinter ll l nhà thảo dược l phân phối la ensoul rac đạo văn l i stress s kiềm và đánh bật um vàmanyother . - cứu hơn 5 bệnh nhân sốt rét 0 % - dịch vụ cứu trợ nhanh chóng trên toàn thế giới - tổng số người xem truyền hình tự tin - hơn thợ khóa 5 triệu khách hàng ở 130 quốc gia có một ngày tốt lành!",1,,,,,,ambiguous,product_service_solicitation,review,low,,,translated_dataset_mixed_positive
data_vi:457,data_vi,,,,"Chủ đề: bạn đã được chấp nhận. đây là tiền của bạn, người nộp đơn thân mến, sau khi xem xét thêm khi nhận được đơn đăng ký, khoản thế chấp hiện tại của bạn đủ tiêu chuẩn là 4. Tỷ lệ 75. khoản thanh toán hàng tháng mới của bạn sẽ ở mức thấp nhất là $340/tháng cho khoản vay $200.000. vui lòng xác nhận thông tin của bạn để chúng tôi hoàn tất khoản vay của bạn hoặc bạn cũng có thể đăng ký một khoản vay mới. hoàn tất các bước cuối cùng bằng cách truy cập : http : / / www . trần trụi . mạng lưới / ? i",1,,,,,,ambiguous,,review,low,,,translated_dataset_mixed_positive
data_vi:458,data_vi,,,,"Chủ đề: teen nghiệp dư 18 - 21 tuổi . gà già thật là sừng ! những kẻ nghiệp dư khó chịu chụp ảnh kiêm, những con gà trống khổng lồ, những cú đập qua đường hậu môn, và nhiều hơn thế nữa! trẻ trung và tươi mới - - - - - > chỉ cần một cú nhấn chuột ! lấy chúng ngay bây giờ! miễn phí ! bấm vào đây để tìm những cô gái trong mơ của bạn! hãy nhớ đây là một trang web miễn phí nên hãy nhanh lên! bấm vào đây để hủy đăng ký.",1,,,,,,ambiguous,marketing_language,review,low,,,translated_dataset_mixed_positive
data_vi:46,data_vi,,,,"Chủ đề: ước gì bạn có thể tốt hơn? tăng trưởng dương vật cực độ http : // www . siratu . com / ss / evil giống như hy vọng : nó nảy sinh vĩnh cửu . thú vui là niềm hạnh phúc của những người không thể suy nghĩ. của riêng mỗi người. ( suum cuique ) luôn tha thứ cho kẻ thù của bạn ; không có gì làm họ khó chịu đến thế. tin xấu đi trong đôi guốc, tin tốt đi trong đôi chân đi tất.",1,,,,,,ambiguous,,review,low,,,translated_dataset_mixed_positive
data_vi:460,data_vi,,,,"Chủ đề: thư chưa gửi được trả lại cho người gửi đây là chương trình postfix tại máy chủ cenesp. santistatextil . com . anh . tôi rất tiếc phải thông báo với bạn rằng tin nhắn của bạn không thể gửi được tới một hoặc nhiều người nhận. Nó được đính kèm bên dưới . để được hỗ trợ thêm, vui lòng gửi thư tới nếu bạn làm như vậy, vui lòng gửi kèm báo cáo sự cố này. bạn có thể xóa văn bản của chính mình khỏi tin nhắn trả lại đính kèm. chương trình postfix : người dùng không rõ : "" antonio _ sanches """,1,,,,,,ambiguous,,review,low,,,translated_dataset_mixed_positive
data_vi:462,data_vi,,,,"Chủ đề: fca offrr xin chào, chào mừng bạn đến với phar seethe monline sh klystron op - một trong những công ty dược phẩm oniine hàng đầu bước vào lối đi v trang trí công phu, nghị sĩ tất cả những người đi qua chuông l l quở trách một chủ nghĩa thực chứng ra ngụy biện cl tôi có thể điều chỉnh sv parvenu a u tomtom m và nhiều thứ khác. - tiết kiệm 50% chi phí may vá - các tấm vải phát triển quá mức trên toàn thế giới - tổng độ lồi tin cậy - hơn 5 mi khách hàng trực giao ở 130 quốc gia đã có một ng",1,,,,,,ambiguous,,review,low,,,translated_dataset_mixed_positive
data_vi:465,data_vi,,,,"Chủ đề: Có tất cả các phần mềm đồ họa, phiên bản OEM giá rẻ. chào buổi sáng, chúng tôi cung cấp các gói OEM mới nhất của tất cả phần mềm đồ họa và xuất bản từ corei, macromedia, adobe và các phần mềm khác. adobe photoshop8 giá 80$ . 0 / cs $140 macromedia studio mx 2004 $120 adobe acrobat 7 . 0 chuyên nghiệp $ 150 adobe Premier pro 1 . 5 $ 90 corei desiqner 10 $ 90 quickbooks phiên bản chuyên nghiệp 2004 $ 75 adobe pagemaker 7 . 0 $70 xara x vl . 1 buổi thử giọng adobe $ 75 1 . 5 $ 90 kín đáo 3 ",1,,,,,,ambiguous,product_service_solicitation,review,low,,,translated_dataset_mixed_positive
data_vi:466,data_vi,,,,"Chủ đề: v và hơn thế nữa xin chào , chào mừng bạn đến với medzonli thường phục ne - cửa hàng dược phẩm trực tuyến nhiều màu sắc . v tzigane a u khả năng thuyết phục mv km tôi có thể vượt qua được rac hữu hình và sự cảnh giác là người dân thị trấn li một cách nói thông tục g dạy kèm và nhiều thứ khác . với sự cạnh tranh của chúng tôi, bạn sẽ nhận được - dịch vụ tốt nhất không thể bảo vệ được, dịch vụ tuyệt vời, thư tín nhanh chóng, vận chuyển riêng tư trực tuyến hoặc vượt trội hơn, chúc một ngày ",1,,,,,,ambiguous,product_service_solicitation,review,low,,,translated_dataset_mixed_positive
data_vi:467,data_vi,,,,"Chủ đề: xin chào , hộp mực in phun giá rẻ bvax hi , zzzz@ example . com hôm nay, nếu bạn không muốn nhận thêm ưu đãi về không gian từ chúng tôi, vui lòng nhấp vào đây và yêu cầu của bạn sẽ được thực hiện ngay lập tức!",1,,,,,,ambiguous,promotional_call_to_action,review,low,,,translated_dataset_mixed_positive
data_vi:468,data_vi,,,,"Chủ đề: sử dụng công cụ tính lãi suất tiện dụng này để nhận thông tin về tỷ giá hiện tại. dhfeo sử dụng công cụ tính lãi suất tiện dụng này để lấy dữ liệu về tỷ giá hiện tại mà không đưa ra bất kỳ thông tin cá nhân hoặc riêng tư nào. cái này đã được gửi cho bạn bởi một nhóm truyền thông cho Smartmortgageusa. nếu bạn có bất kỳ thắc mắc nào , bạn có thể liên hệ với sm - usa tại : Offer Up , attn : Smartmortgageusa , p . ồ. hộp 78361, san francisco, ca 94107 - 8361. nếu bạn muốn loại mình khỏi các ",1,,,,,,ambiguous,,review,low,,,translated_dataset_mixed_positive
data_vi:469,data_vi,,,,"Chủ đề: thanh toán hóa đơn tã lót cho con bạn trong một năm ! gia đình bạn chắc chắn có thể sử dụng cái này, bây giờ hãy đi. odzzzzzzq",1,,,,,,ambiguous,,review,low,,,translated_dataset_mixed_positive
data_vi:470,data_vi,,,,"Chủ đề: tốt, bạn muốn biết cách tiết kiệm hơn 60% tiền thuốc của mình không? http://www. pleelo có gờ . com - suc labile cessfull và là cách đã được chứng minh để cứu nhân loại của bạn ney . cánh tả v phần cứng ag trophic all l lenity u woodcraft l payoff rac supernal l sultanate isva multistory l khả năng chấp nhận m và nhiều thứ khác. tốt nhất bertha prlces. độ quanh co cao. wo hứa hôn rldwide shlpplng . tổng thể tin cậy điện entaiity. 250. chưa được tạo 000 + khách hàng hài lòng. có tấm thảm ",1,,,,,,ambiguous,product_service_solicitation,review,low,,,translated_dataset_mixed_positive
data_vi:474,data_vi,,,,Chủ đề: viên thuốc đơn giản giải quyết được vấn đề phức tạp không. 1 viên thuốc tăng cường sinh lý nam trên thị trường thêm thông tin ở đây xương rồng kwx bổ sung ww loquat wq tuyết ggv alterman xr chiếu sáng mya sụn tng sir xi hướng ngoại izx broomcorn nan câu đố ei tham lam zt chiến đấu ns calliope pgs sắc sảo vm giới từ cdz nghị định cjt trên mặt đất doo ottawa zgc mollie hj không,1,,,,,,ambiguous,product_service_solicitation,review,low,,,translated_dataset_mixed_positive
data_vi:475,data_vi,,,,"Chủ đề: Có tất cả các phần mềm đồ họa, phiên bản OEM giá rẻ. chào buổi sáng, chúng tôi cung cấp các gói OEM mới nhất của tất cả phần mềm đồ họa và xuất bản từ corei, macromedia, adobe và các phần mềm khác. adobe photoshop8 giá 80$ . 0 / cs $140 macromedia studio mx 2004 $120 adobe acrobat 7 . 0 chuyên nghiệp $ 150 adobe Premier pro 1 . 5 $ 90 corei desiqner 10 $ 90 quickbooks phiên bản chuyên nghiệp 2004 $ 75 adobe pagemaker 7 . 0 $70 xara x vl . 1 buổi thử giọng adobe $ 75 1 . 5 $ 90 kín đáo 3 ",1,,,,,,ambiguous,product_service_solicitation,review,low,,,translated_dataset_mixed_positive
data_vi:477,data_vi,,,,"Chủ đề: giúp tôi tên tôi là Mr. Newton Gwarada, con riêng của ông. Terry Ford của Zimbabwe. có thể bạn sẽ ngạc nhiên khi tôi biết địa chỉ liên lạc của bạn; tôi lấy nó từ mạng. đừng lo lắng vì tôi đang liên lạc với bạn một cách thiện chí. trong cuộc khủng hoảng hiện nay chống lại người nông dân ở Zimbabwe bởi những người ủng hộ tổng thống Robert Mugabe của chúng tôi để đòi lại tất cả các trang trại thuộc sở hữu của người da trắng ở đất nước chúng tôi, ông ấy đã ra lệnh cho tất cả nông dân da trắn",1,,,,,,ambiguous,large_fund_bait,review,low,,,translated_dataset_mixed_positive
data_vi:48,data_vi,,,,"Chủ đề: tìm kiếm hiệu thuốc trực tuyến tốt nhất và rẻ nhất tiết kiệm 80% so với các nhãn hiệu như viagra, cialis và propecia Anatomy là định mệnh. ôi, sự khởi đầu của một tình yêu thật đẹp làm sao! không phải mọi câu hỏi đều xứng đáng có được câu trả lời.",1,,,,,,ambiguous,product_service_solicitation,review,low,,,translated_dataset_mixed_positive
data_vi:482,data_vi,,,,"Chủ đề: thư bị trả lại: xem bản ghi để biết chi tiết thư gốc được nhận vào thứ ba, ngày 19 tháng 7 năm 2005 07: 06: 09 - 0400 từ root @ localhost - - - - - các địa chỉ sau có lỗi nghiêm trọng vĩnh viễn - - - - - cổ ( lý do: không thể tạo (người dùng) tệp đầu ra) (mở rộng từ:) - - - - - bản ghi của phiên tiếp theo - - - - - Procmail: vượt quá hạn ngạch khi viết "" /var / spool / mail / Antique "" 550 5 . 0 . 0 đồ cổ. . . không thể tạo đầu ra",1,,,,,,ambiguous,,review,low,,,translated_dataset_mixed_positive
data_vi:485,data_vi,,,,Chủ đề: giao hàng thất bại: người dùng antonio _ lambino ( antonio _ lambino @ ksg . harvard . edu ) không được liệt kê trong thư mục domino chủ đề tin nhắn của bạn: [ spam ] chỉ gửi cho cô ấy . . . chưa được giao tới : antonio _ lambino @ ksg . Harvard . edu vì : người dùng antonio _ lambino ( antonio _ lambino @ ksg . harvard . edu ) không được liệt kê trong thư mục domino,1,,,,,,ambiguous,,review,low,,,translated_dataset_mixed_positive
data_vi:486,data_vi,,,,"Chủ đề: đồng euro miễn phí. Vào tháng 1 năm 2002, các nước châu Âu bắt đầu sử dụng đồng euro mới. chưa bao giờ có nhiều quốc gia có nền kinh tế hùng mạnh như vậy thống nhất sử dụng một loại tiền tệ duy nhất. có được mảnh lịch sử của bạn bây giờ! chúng tôi muốn gửi cho bạn một đồng euro miễn phí và một báo cáo miễn phí về tiền tệ thế giới. chỉ cần truy cập trang web của chúng tôi để yêu cầu báo cáo về đồng euro và đồng euro của bạn: http : / / 209 . 163 . 187 . 42 / trao đổi euro / ngoài báo cáo ",1,,,,,,ambiguous,,review,low,,,translated_dataset_mixed_positive
data_vi:487,data_vi,,,,"Chủ đề: tồn tại lâu hơn trên giường xin chào, bạn đã xuất tinh trước hay trong vòng vài phút sau khi thâm nhập? Xuất tinh sớm xảy ra khi bạn xuất tinh quá nhanh và không kiểm soát được. nó xảy ra trước hoặc ngay sau khi thâm nhập. xuất tinh sớm cản trở khoái cảm tình dục của cả bạn và bạn tình. nó gây ra cảm giác tội lỗi , bối rối , thất vọng và trầm cảm . thêm thời gian là công thức duy nhất cho hoạt động tình dục của nam giới không chỉ ngăn chặn xuất tinh sớm mà còn thực sự ""chữa khỏi"" nó. thê",1,,,,,,ambiguous,product_service_solicitation,review,low,,,translated_dataset_mixed_positive
data_vi:489,data_vi,,,,Chủ đề: rối loạn cương dương ảnh hưởng tới đời sống tình dục của bạn? nhiều cực khoái nam thông tin thêm ở đây chia tay xin vui lòng tin cậy aph không thể thay thế ns faust lag song tuyến xyu tiết lộ kbv bàn thờ lmt embedder jze sứ mệnh cz trứng cá muối xv quý zex ồn ào yz đề nghị pqe bút chiến gb rác rưởi rb cozen bh dun tqz ấm cúng cfb không,1,,,,,,ambiguous,,review,low,,,translated_dataset_mixed_positive
data_vi:490,data_vi,,,,"Chủ đề: kit torre empilhadeira savi santos , junho de 2 . 005 sua empresa possui empilhadeira hyster de 07 tấn . e 10 tấn. . ent?o preste aten??o , abaixo est?o 03 kits de pe?as que ir?o ajudar bastante sua vida . kit 001 - ( torre e quadro hyster h 150 j ( 07 tấn . ) ) . bộ công cụ comp?e . : 08 - 196445 top que vai sellado na torre 08 - 193557 rolete completo 02 - 110520 rolete maior completo 02 - 61463 roldana da corrente ( completo com rolamento ) kit 002 ( torre e quadro hyster h 225 ( 10 t",1,,,,,,ambiguous,,review,low,,,translated_dataset_mixed_positive
data_vi:491,data_vi,,,,"Chủ đề: bí mật bẩn thỉu của phố Wall . . đó là mùa xuân năm 1979. tôi chỉ là một đứa trẻ cao ráo, trông ngốc nghếch ở trường cấp hai với hàm răng khểnh và tàn nhang. Mỗi ngày ở căng tin, tôi đi bộ từ bàn này sang bàn khác. . . ăn trộm tiền ăn trưa của những đứa trẻ khác . không , tôi không cướp họ bằng súng hay dao - tôi chỉ thỏa thuận với họ một chút thôi . ""Hôm nay cho tôi mượn hai đô la,"" tôi nói, ""và tuần sau tôi sẽ mang cho cậu năm đô la."" Khoản đầu tư quá tốt để có thể bỏ qua, và những đứa",1,,,,,,ambiguous,commercial_offer;large_fund_bait,review,low,,,translated_dataset_mixed_positive
data_vi:492,data_vi,,,,"Chủ đề: tăng lượng xuất tinh của bạn. này! tinh dịch của bạn đã bao giờ chảy ra và bạn ước gì nó đã bắn ra ngoài chưa? Bạn đã bao giờ muốn gây ấn tượng với cô gái của mình bằng một màn xuất tinh khổng lồ chưa? spur-m là trang web duy nhất cung cấp công thức tăng cường sinh lý nam hoàn toàn tự nhiên đã được chứng minh là làm tăng lượng tinh trùng của bạn lên tới 500%. Công thức tăng cường thể tích, hiệu quả cao của chúng tôi sẽ cho kết quả sau vài ngày và đi kèm với sự đảm bảo ấn tượng 100%. hãy ",1,,,,,,ambiguous,,review,low,,,translated_dataset_mixed_positive
data_vi:493,data_vi,,,,"Chủ đề: thư chưa gửi được trả lại cho người gửi đây là chương trình postfix tại thư chủ. máy chủ miễn phí . com . tôi rất tiếc phải thông báo với bạn rằng tin nhắn của bạn không thể gửi được tới một hoặc nhiều người nhận. Nó được đính kèm bên dưới . để được hỗ trợ thêm, vui lòng gửi thư tới nếu bạn làm như vậy, vui lòng gửi kèm báo cáo sự cố này. bạn có thể xóa văn bản của chính mình khỏi tin nhắn trả lại đính kèm. chương trình postfix ( mở rộng từ ): máy chủ 10 . 133 . 22 . 254 [ 10 . 133 . 22 ",1,,,,,,ambiguous,,review,low,,,translated_dataset_mixed_positive
data_vi:496,data_vi,,,,"Chủ đề: tiết kiệm nhiều hơn xin chào , chào mừng bạn đến với pharm crested trực tuyến sho đo độ sâu p - on underrate e của các cửa hàng dược phẩm oniine hàng đầu nghiêng v podagra g a decenniad l blackface ll geologize la r đổi mới ac báng bổ l i định kiến ​​sv tiểu sử a thận trọng um vàmanyother . - tỷ lệ chênh lệch là trên 50 % - sự lừa đảo trên toàn thế giới - độ tin cậy tổng thể - hơn 5 triệu biệt ngữ có thể hiểu được ở 130 quốc gia chúc một ngày tốt lành !",1,,,,,,ambiguous,,review,low,,,translated_dataset_mixed_positive
data_vi:50,data_vi,,,,Chủ đề: yêu cầu thẻ quà tặng kho hàng tại nhà miễn phí của bạn - trị giá $ 1000 . yêu cầu thẻ quà tặng Home Depot của bạn - trị giá $1000 . chúng tôi chắc chắn rằng bạn có thể tìm thấy cách sử dụng thẻ quà tặng này ở khu vực của mình. ( ) . bởi độc quyền qprkelmv,1,,,,,,ambiguous,,review,low,,,translated_dataset_mixed_positive
data_vi:500,data_vi,,,,"Chủ đề: Có tất cả các phần mềm đồ họa, phiên bản OEM giá rẻ. chào buổi sáng, chúng tôi cung cấp các gói OEM mới nhất của tất cả các phần mềm đồ họa và Publishinq từ corel, macromedia, adobe và các phần mềm khác. adobe photoshop8 giá 80$ . 0 / cs $140 macromedia studio mx 2004 $120 adobe acrobat 7 . 0 chuyên nghiệp $ 150 adobe Premier pro 1 . 5 $ 90 corei Designer 10 $ 90 quickbooks 2004 phiên bản professionalai $ 75 adobe paqemaker 7 . 0 $70 xara x vl . 1 buổi thử giọng adobe $ 75 1 . 5 $ 90 kín",1,,,,,,ambiguous,product_service_solicitation,review,low,,,translated_dataset_mixed_positive
data_vi:501,data_vi,,,,"Chủ đề: re: thay đổi kế hoạch xin chào hai bạn, tôi rất xin lỗi Catherine vì gần đây không viết thư. tôi vừa bận làm mẹ và đôi khi mọi chuyện trở nên quá sức bạn biết không ! ! Tôi rất mong được gặp cả hai bạn mặc dù chúng ta có thể gặp nhau ở sân bay vào ngày 16/6 vì đó là ngày chúng ta sẽ đến Pháp nhưng tôi sẽ gặp cả hai bạn tại nhà Bronagh vào ngày 30 của cô ấy. sẽ đi trên đường trở về từ sân bay. tôi rất vui mừng được gặp bạn! ! ! liitle eva ( aine ) sinh vào thứ ba, cô ấy thật sự tuyệt vời.",1,,,,,,ambiguous,,review,low,,,translated_dataset_mixed_positive
data_vi:502,data_vi,,,,"Chủ đề: tìm kiếm đội it tốt ? chúng tôi làm công nghệ phần mềm! đang tìm một đội tốt? có thể có nhiều lý do để thuê một đội ngũ chuyên nghiệp. . . - Nếu bạn đang kinh doanh trực tuyến và không hài lòng với sự đảm bảo về hỗ trợ hiện tại, chi phí hoặc cả hai. . . - Nếu công việc kinh doanh của bạn đang mở rộng và bạn đang tìm kiếm một nhóm hỗ trợ chuyên nghiệp. . . - Nếu bạn có những yêu cầu cụ thể về phần mềm và bạn muốn tùy chỉnh các giải pháp của mình, cùng với các bảo hành và hỗ trợ của reiiab",1,,,,,,ambiguous,product_service_solicitation,review,low,,,translated_dataset_mixed_positive
data_vi:504,data_vi,,,,"Chủ đề: khách hàng tiềm năng $ 3 ! nhấn vào đây để có người đại diện liên hệ với bạn! để biết thêm thông tin hãy ghé thăm chúng tôi tại www. tất cả - dẫn . com tất cả - khách hàng tiềm năng . com 247 sw 8 thứ . - ste . 181 miami, fl 33130 thư điện tử này là một quảng cáo và/hoặc chào mời.",1,,,,,,ambiguous,marketing_language,review,low,,,translated_dataset_mixed_positive
data_vi:508,data_vi,,,,"Chủ đề: cho cô ấy điều gì đó để mỉm cười về việc bạn gái của tôi yêu thích kết quả, nhưng cô ấy không biết tôi làm gì. cô ấy nghĩ điều đó là tự nhiên - thomas, tôi đã sử dụng sản phẩm của bạn được 4 tháng rồi. tôi đã tăng chiều dài của mình từ 2 lên gần 6. sản phẩm của bạn đã cứu đời sống tình dục của tôi. - matt, fl làm hài lòng đối tác của bạn mọi lúc với một đơn vị lớn hơn, dài hơn, mạnh hơn thực tế sẽ nhanh chóng trở thành một người báo chí ở đây sau đó anh ấy nhớ lại cách cư xử của mình và ",1,,,,,,ambiguous,product_service_solicitation,review,low,,,translated_dataset_mixed_positive
data_vi:510,data_vi,,,,"Tiêu đề: hãy để bác sĩ tba cứu giúp những trường hợp khó khăn về mặt giới tính của bạn. điều kiện khác co's tba nữ 87 $ 2, 000, 000 cao huyết áp tiêu chuẩn ưa thích ! nam 60 $ 500, 000 chứng phình động mạch được điều trị bằng phẫu thuật tiêu chuẩn suy giảm ! nam 57 $ 1 , 000 , 000 cơn đau tim 1997 & bảng máy điều hòa nhịp tim 6 tiêu chuẩn ! nữ 57 $ 500 , 000 bệnh tiểu đường trong 34 năm bảng 4 tiêu chuẩn ! nam 51 $ 1 , 500 , 000 lạm dụng rượu ( khô 1 năm ) tiêu chuẩn suy giảm ! nam 50 $ 2 , 500 ",1,,,,,,ambiguous,product_service_solicitation,review,low,,,translated_dataset_mixed_positive
data_vi:512,data_vi,,,,"Chủ đề: cô ấy nghĩ tôi là một vị thần xin chào , chào mừng bạn đến với công ty dược phẩm trực tuyến sho cô lập p - một trong những cửa hàng dược phẩm hoạt hình hàng đầu aerify v crepuscular g cassia all l capitated l l trườn một hàn rac imperatival l do dự bị bắt và duffer um và nhiều thứ khác . - tiết kiệm hơn 5 bệnh nhân 0 % - pplng phòng ngừa shl trên toàn thế giới - tổng số người đi dã ngoại không xác thực - hơn 5 triệu khách hàng ở 130 quốc gia có một ngày tuyệt vời!",1,,,,,,ambiguous,,review,low,,,translated_dataset_mixed_positive
data_vi:514,data_vi,,,,"Chủ đề: tiền: $21362 chủ nhà thân mến, bạn đã được chấp thuận trước cho khoản vay $400,000 với lãi suất cố định thấp. ưu đãi này được gia hạn cho bạn vô điều kiện và tín dụng của bạn không phải là một yếu tố. để tận dụng cơ hội thời gian có hạn này, chúng tôi yêu cầu bạn truy cập trang web của chúng tôi và hoàn thành biểu mẫu phê duyệt bài đăng. http://www. homefastcash . com / ? a = jeezy dollie rogersuq logan tập đoàn tài chính - - - - - - - - - - - - - - - - - - - - - - 3 : đắm chìm cabrera n",1,,,,,,ambiguous,,review,low,,,translated_dataset_mixed_positive
data_vi:518,data_vi,,,,"Chủ đề: tất cả các đơn thuốc đều được phân phát bởi các dược sĩ được cấp phép, tận hưởng tình dục tuyệt vời bằng cách dùng viagra ! trở thành người sửa chữa , không chỉ là vật cố định . cải cách, v. một điều làm hài lòng hầu hết những người cải cách phản đối cải cách. Bạn bè có thể đến và đi, nhưng kẻ thù tích lũy .",1,,,,,,ambiguous,product_service_solicitation,review,low,,,translated_dataset_mixed_positive
data_vi:519,data_vi,,,,"Chủ đề: phần mềm cds $15 và $99 nhận tất cả phần mềm trong 1 cd the no . 1 nguồn cho siêu thị phần mềm. mọi tiếng lóng đều là ẩn dụ, và mọi ẩn dụ đều là thơ. thứ đầu tiên bạn mất đi khi ăn kiêng là khối lượng não.",1,,,,,,ambiguous,product_service_solicitation,review,low,,,translated_dataset_mixed_positive
data_vi:521,data_vi,,,,"Chủ đề: giải pháp trực quan hoàn hảo cho doanh nghiệp của bạn hiện đang làm việc trên hình ảnh công ty của bạn ? bắt đầu bằng hình ảnh nhận dạng, chìa khóa tạo nên ấn tượng tốt đầu tiên. Chúng tôi đang ở đây để giúp bạn ! chúng tôi sẽ tham gia xây dựng hình ảnh trực quan tích cực về công ty của bạn bằng cách tạo ra một iogo nổi bật, các mặt hàng văn phòng phẩm đẹp mắt và trang web chuyên nghiệp. những hoạt động tiếp thị này cũng sẽ đóng góp đáng kể vào sự thành công của doanh nghiệp bạn. hãy xem",1,,,,,,ambiguous,marketing_language,review,low,,,translated_dataset_mixed_positive
data_vi:523,data_vi,,,,"Chủ đề: Có tất cả các phần mềm đồ họa, phiên bản OEM giá rẻ. chào buổi sáng, chúng tôi cung cấp các gói OEM mới nhất của tất cả phần mềm đồ họa và xuất bản từ corei, macromedia, adobe và các phần mềm khác. adobe photoshop8 giá 80$ . 0 / cs $140 macromedia studio mx 2004 $120 adobe acrobat 7 . 0 chuyên nghiệp $ 150 adobe Premier pro 1 . 5 $ 90 corei desiqner 10 $ 90 quickbooks phiên bản chuyên nghiệp 2004 $ 75 adobe pagemaker 7 . 0 $70 xara x vl . 1 buổi thử giọng adobe $ 75 1 . 5 $ 90 kín đáo 3 ",1,,,,,,ambiguous,product_service_solicitation,review,low,,,translated_dataset_mixed_positive
data_vi:525,data_vi,,,,Chủ đề: trở lại cuộc sống vui vẻ và khỏe mạnh. . . chúng tôi đã tạo ra một hiệu thuốc trực tuyến mà bạn có thể tin cậy. hãy bằng lòng với số phận của mình; người ta không thể là người đầu tiên trong mọi việc. can đảm là sức mạnh để buông bỏ những gì quen thuộc. Kitô hữu cuối cùng đã chết trên thập tự giá. nếu một ý tưởng đáng có một lần thì nó đáng có gấp đôi.,1,,,,,,ambiguous,product_service_solicitation,review,low,,,translated_dataset_mixed_positive
data_vi:528,data_vi,,,,"Chủ đề: v foorever xin chào , chào mừng bạn đến với pha russian rmonline sho inwove p - một trong những cửa hàng dược phẩm trực tuyến hàng đầu về tình cảm v cuối cùng g a intercommunication l exterminate ll l một người theo chủ nghĩa vị tha ac anticlimax l tăng cường là người chiến thắng và u tổng hợp m andmanyother . - tiết kiệm phiên bản gryphon 50 % - shlpplng trên toàn thế giới - tổng số niềm tin hayrick ty - hơn 5 triệu khách hàng ở 130 quận puerile ries tự phát chúc một ngày tốt lành !",1,,,,,,ambiguous,,review,low,,,translated_dataset_mixed_positive
data_vi:530,data_vi,,,,"Chủ đề: [ ilug - social ] mọi người đều được trả tiền - không cần tuyển dụng, mọi người đều được trả tiền. không cần tuyển dụng. tham gia và giữ một vị trí miễn phí ngay bây giờ. chương trình đã được 18 tuần và đang được trả tiền. mọi người xếp hàng để được trả tiền bởi tất cả những người mới đến ( nhưng đó không phải là một đường thẳng truyền thống ) . . . mọi người đều kiếm được tiền. . . và những người tài trợ kiếm được nhiều hơn. . . . bấm vào đây để yêu cầu thêm thông tin, chúng tôi thuộc c",1,,,,,,ambiguous,promotional_call_to_action,review,low,,,translated_dataset_mixed_positive
data_vi:531,data_vi,,,,"Chủ đề: xin chào cách tiết kiệm cho khách hàng medlcatlons của bạn hơn 70%. ph cobble armzmail shop - cách thành công và đã được chứng minh để cứu m của bạn không còn tồn tại. hung hăng và một kẻ bị coi là sai trái của sư tử cái, tất cả những kẻ ăn thịt đồng loại thời trung cổ, l r Diptych và Gimlet l i cherub sv luyện ngục và nhiều người khác. * những sản phẩm tốt nhất dành cho người bảy tuổi * quỹ hỗ trợ toàn cầu trên toàn thế giới * hoàn toàn tự tin * người trồng trọt có hơn 5 triệu khách hàn",1,,,,,,ambiguous,product_service_solicitation,review,low,,,translated_dataset_mixed_positive
data_vi:532,data_vi,,,,Chủ đề: tự động trả lời ngoài văn phòng : chỉ với cô ấy . . . tôi đang đi nghỉ tuần 29 + 30 + 31. vui lòng liên hệ với gerd madsen ( gm @ torben - rafn . dk ) hoặc hans chr . jensen ( hcj @ torben - rafn . dk thư của bạn chưa được chuyển .,1,,,,,,ambiguous,,review,low,,,translated_dataset_mixed_positive
data_vi:535,data_vi,,,,"Chủ đề: thông báo trúng thưởng! ! ngân hàng giro loterij . chương trình xúc tiến quốc tế van eeghenstraat 70, 1071 gk amsterdam từ: giám đốc xúc tiến phòng xúc tiến quốc tế. ref : ipl / 4249859609 / wpl batch : gl / 91663 / a chú ý : người chiến thắng . chúng tôi vui mừng thông báo cho bạn về việc công bố kết quả được chờ đợi từ lâu của chương trình xúc tiến quốc tế giro loterij của ngân hàng được tổ chức vào ngày 2 tháng 5 năm 2005. bạn đã được tham gia với tư cách là người tham gia phụ thuộc v",1,,,,,,ambiguous,promotion_discount,review,low,,,translated_dataset_mixed_positive
data_vi:539,data_vi,,,,"Chủ đề: nhanh hơn xin chào, chào mừng bạn đến với pha thẩm phán rmonline sho apodal p - một trong những cửa hàng dược phẩm oniine hàng đầu tắc nghẽn và trốn học thẩm quyền chẩn đoán sẽ loại bỏ la omnirange rac haemophilia l i tham dự s benedictinen và u colorblind m và nhiều thứ khác. - tiết kiệm hơn 50% tiêu chí - trải thảm trên toàn thế giới - sự tự tin hoàn toàn khao khát - hơn 5 triệu người nuôi chim sẻ vàng ở 130 quốc gia có một tác phẩm điêu khắc tuyệt vời mỗi ngày !",1,,,,,,ambiguous,,review,low,,,translated_dataset_mixed_positive
data_vi:54,data_vi,,,,"Chủ đề: yyyy, bạn có biết sự khác biệt giữa chúng không? xin chào, jm@netnoteinc. Liệu pháp hormone tăng trưởng comhuman giảm cân đồng thời xây dựng khối lượng cơ nạc và đẩy lùi sự tàn phá của lão hóa cùng một lúc . những khám phá đáng chú ý về hormone tăng trưởng của con người ( hgh ) đang thay đổi cách chúng ta nghĩ về lão hóa và giảm cân . giảm cântăng cường cơ bắpđảo ngược quá trình lão hóa tăng cường ham muốn tình dục khi cương cứng dương vậtxương khỏe mạnh cải thiện trí nhớ làn da được cải",1,,,,,,ambiguous,promotional_call_to_action,review,low,,,translated_dataset_mixed_positive
data_vi:540,data_vi,,,,"Chủ đề: Cùng một loại thuốc, khác nhau về giá! tiết kiệm lớn về thuốc có nhãn hiệu. Bất công bất cứ nơi nào là một mối đe dọa cho công lý ở khắp mọi nơi . một số đứng lên do tội lỗi, và một số sa ngã do đức hạnh. thẩm phán bị kết án khi tội phạm được miễn tội. trên đỉnh cao, mọi lối đi đều được lát bằng dao găm.",1,,,,,,ambiguous,product_service_solicitation,review,low,,,translated_dataset_mixed_positive
data_vi:543,data_vi,,,,"Chủ đề: thư bị trả lại: không thể tạo đầu ra thư gốc được nhận vào thứ ba, ngày 19 tháng 7 năm 2005 05: 57: 28 - 0500 từ [ 221 . 3 . 33 . 27 ] - - - - - các địa chỉ sau có lỗi nghiêm trọng vĩnh viễn - - - - - jodyanddavid . cá trích @ verizon . net ( mở rộng từ : ) súng ngắn ( mở rộng từ : ) - - - - - bản ghi của phiên sau - - - - - . . . trong khi nói chuyện với rơle. verizon . mạng lưới . : > > > RCpt tới : < < < 550 5 . 1 . 1 bí danh không xác định hoặc bất hợp pháp: jodyanddavid. cá trích @ ",1,,,,,,ambiguous,,review,low,,,translated_dataset_mixed_positive
data_vi:544,data_vi,,,,"Chủ đề: tiền mặt: $293622 chủ nhà thân mến, bạn đã được chấp thuận trước cho khoản vay $200,000 với lãi suất cố định thấp. ưu đãi này được gia hạn cho bạn vô điều kiện và tín dụng của bạn không phải là một yếu tố. để tận dụng cơ hội thời gian có hạn này, chúng tôi yêu cầu bạn truy cập trang web của chúng tôi và hoàn thành biểu mẫu phê duyệt bài đăng. http://www. kxxjn . com / i / lzevaw 5 8 zymg 5 dolly thorntonnk logan tập đoàn tài chính - - - - - - - - - - - - - - - - - - - - - - 9 : alvin cla",1,,,,,,ambiguous,,review,low,,,translated_dataset_mixed_positive
data_vi:547,data_vi,,,,Chủ đề: công ty mới muốn biết ho tự do hóa w để tiết kiệm hơn 60 % cho dlcatlons của tôi ở phía bắc ? http://www. trung tâm từ bi alpan. com - một cách thành công và đã được chứng minh để gây ấn tượng với số tiền của bạn. được giật gân. tính đồng âm cao. chủ nghĩa thô tục trên toàn thế giới. hoàn toàn tự tin làm hỏng aiity . hơn 200 medlcatlons phổ biến xoa dịu có một biến động tốt đẹp!,1,,,,,,ambiguous,,review,low,,,translated_dataset_mixed_positive
data_vi:548,data_vi,,,,"Chủ đề: doanh nghiệp của bạn có phụ thuộc vào sự thành công trực tuyến của trang web của bạn không? việc gửi trang web của bạn lên các công cụ tìm kiếm có thể làm tăng đáng kể doanh số bán hàng trực tuyến của bạn. Nếu bạn đầu tư thời gian và tiền bạc vào trang web của mình, bạn chỉ cần gửi trang web của mình trực tuyến nếu không nó sẽ trở nên vô hình, điều đó có nghĩa là nỗ lực bỏ ra vô ích. Nếu bạn muốn mọi người biết đến trang web của mình và tăng doanh thu, cách duy nhất để làm điều đó là làm",1,,,,,,ambiguous,commercial_offer,review,low,,,translated_dataset_mixed_positive
data_vi:55,data_vi,,,,"Chủ đề: kiếm thật nhiều tiền từ bất động sản bị tịch thu trong khu vực của bạn, Trinity Consultant 1730 redhill ave . , ste . 135 irvine, ca 92606 thư điện tử này là một quảng cáo và/hoặc chào mời.",1,,,,,,ambiguous,marketing_language,review,low,,,translated_dataset_mixed_positive
data_vi:550,data_vi,,,,Chủ đề: tiết kiệm tiền mua thứ này ở đây bạn chưa thử cials à? bạn thậm chí không thể tưởng tượng được cảm giác trở thành một người đàn ông thực sự trên giường là như thế nào! vấn đề là một lỗi tuyệt vời sẽ được cung cấp cho bạn chính xác khi bạn muốn. Ciils có rất nhiều ưu điểm so với viaqra - hiệu quả kéo dài 36 giờ! - bạn đã sẵn sàng bắt đầu chỉ trong vòng 10 phút! - bạn có thể trộn nó với rượu! chúng tôi gửi đến bất kỳ nước nào! có được nó ngay bây giờ! .,1,,,,,,ambiguous,commercial_offer,review,low,,,translated_dataset_mixed_positive
data_vi:552,data_vi,,,,"Chủ đề: tái tạo sức sống của bạn lần đầu tiên, chúng tôi sẽ cung cấp hệ thống tăng cường hiệu suất và tăng cường nam giới duy nhất cho bạn với mức giá internet đặc biệt. 90% nam giới quan tâm đến việc cải thiện khả năng chịu đựng tình dục, hiệu suất và kích thước dương vật của họ. bạn có phải là một trong 90% đó không? Bạn gái của tôi đã rất ngạc nhiên trước những thành quả mà tôi đạt được nhờ công thức nhãn đen và các bài tập của bạn. cô ấy nói tôi nên tham gia rạp xiếc, và lần đầu tiên tôi cảm",1,,,,,,ambiguous,,review,low,,,translated_dataset_mixed_positive
data_vi:553,data_vi,,,,"Chủ đề: Có tất cả các phần mềm đồ họa, phiên bản OEM giá rẻ. chào buổi sáng, chúng tôi cung cấp các gói OEM mới nhất của tất cả phần mềm đồ họa và xuất bản từ corei, macromedia, adobe và các phần mềm khác. adobe photoshop8 giá 80$ . 0 / cs $140 macromedia studio mx 2004 $120 adobe acrobat 7 . 0 chuyên nghiệp $ 150 adobe Premier pro 1 . 5 $ 90 corei desiqner 10 $ 90 quickbooks phiên bản chuyên nghiệp 2004 $ 75 adobe pagemaker 7 . 0 $70 xara x vl . 1 buổi thử giọng adobe $ 75 1 . 5 $ 90 kín đáo 3 ",1,,,,,,ambiguous,product_service_solicitation,review,low,,,translated_dataset_mixed_positive
data_vi:554,data_vi,,,,"Chủ đề: phần mềm ngốn ngân sách của bạn ? thử đi em! không thể vẽ một đường thẳng? Tốt . . . bây giờ bạn có thể ! họ có máy tính, và họ có thể có những vũ khí hủy diệt hàng loạt khác. ai đi khập khiễng vẫn đi được.",1,,,,,,ambiguous,product_service_solicitation,review,low,,,translated_dataset_mixed_positive
data_vi:557,data_vi,,,,Chủ đề: Fortune 500 cần nhân viên làm việc tại nhà! cần giúp đỡ ngay lập tức. chúng tôi là một công ty nằm trong danh sách 500 công ty may mắn đang phát triển với tốc độ chóng mặt trên 1000% mỗi năm. chúng tôi đơn giản là không thể theo kịp. chúng tôi đang tìm kiếm những cá nhân năng động muốn kiếm thu nhập đáng kể khi làm việc tại nhà. đây là một cơ hội thực sự để kiếm thu nhập tuyệt vời từ nhà. không cần kinh nghiệm. chúng tôi sẽ cung cấp cho bạn bất kỳ khóa đào tạo nào bạn có thể cần. chúng t,1,,,,,,ambiguous,,review,low,,,translated_dataset_mixed_positive
data_vi:559,data_vi,,,,Chủ đề: gọi tất cả những người chơi chứng khoán nhỏ là ames là chủ nghĩa phát xít nhưng conrail không phải bagley apartheid và milton như russo snowshoe thùng là baneberry từ nay trở đi hãy thử cộng hòa marketeer cho phép vâng suy nghĩ lại hoặc tuyệt vời iran không có vụ trộm là domino nhưng trò chơi không phải là chứng loạn sản f và trò chơi giống như lug hagen liên tiếp là cà ri không nóng nảy thử gò đất phẳng lồi lồi có bedfast hoặc máy bay chiến đấu baylor không automata là phân cực nhưng ve,1,,,,,,ambiguous,,review,low,,,translated_dataset_mixed_positive
data_vi:561,data_vi,,,,"Chủ đề: liên hệ khẩn cấp từ bàn làm việc của : dr tom eke . e-mail: dr _ tomeke @ spinfinder. com lagos - nigeria . attn: yêu cầu quan hệ kinh doanh khẩn cấp. Với lòng tự trọng sâu sắc của mình, tôi viết cho bạn bức thư rất quan trọng và cực kỳ bí mật này. đầu tiên, tôi phải yêu cầu bạn bảo mật nghiêm ngặt nhất trong giao dịch này. điều này là do bản chất của nó là hoàn toàn bí mật và ""tuyệt mật"". Mặc dù tôi biết rằng một giao dịch tầm cỡ này sẽ khiến bất kỳ ai cũng e ngại và lo lắng, vì thực tế",1,,,,,,ambiguous,product_service_solicitation;organization_impersonation;large_fund_bait,review,low,,,translated_dataset_mixed_positive
data_vi:562,data_vi,,,,"Chủ đề: bạn không biết cách vào kết quả của công cụ tìm kiếm? việc gửi trang web của bạn lên các công cụ tìm kiếm có thể làm tăng đáng kể doanh số bán hàng trực tuyến của bạn. Nếu bạn đầu tư thời gian và tiền bạc vào trang web của mình, bạn chỉ cần gửi trang web của mình trực tuyến nếu không nó sẽ trở thành ảo vô hình, điều đó có nghĩa là nỗ lực bỏ ra vô ích. Nếu bạn muốn mọi người biết về trang web của mình và tăng doanh thu, cách duy nhất để làm điều đó là làm cho trang web của bạn hiển thị ở ",1,,,,,,ambiguous,commercial_offer,review,low,,,translated_dataset_mixed_positive
data_vi:563,data_vi,,,,"Chủ đề: tất cả đều xoay quanh graand xin chào concetta _ batistich, tôi vừa tìm thấy một trang web tên là graand. com - một nơi miễn phí và an toàn trên internet để đặt các quảng cáo rao vặt. tôi nghĩ tôi nên mời bạn xem thử. Trân trọng, Walker 2005 - 07 - 05 06 : 03 : 20 id 687 gh 55 wd 4 otswkuk",1,,,,,,ambiguous,marketing_language,review,low,,,translated_dataset_mixed_positive
data_vi:568,data_vi,,,,"Chủ đề: móng ngựa xanh, gặp tôi nhé độc giả thân mến: đôi khi chúng tôi tiếp cận các nhà phân tích để hỏi suy nghĩ của họ về các lĩnh vực thị trường mới nổi mà chúng tôi quan tâm. trong một số trường hợp nhất định, họ đến với chúng tôi với những hiểu biết sâu sắc hấp dẫn về một số khía cạnh nhất định của thị trường đã thu hút sự chú ý của họ. như bạn biết thành tích của chúng tôi đã tự nó nói lên điều đó, chúng tôi rất vui được mang đến cho bạn một tình huống khác có tiềm năng tăng trưởng rất lớ",1,,,,,,ambiguous,,review,low,,,translated_dataset_mixed_positive
data_vi:57,data_vi,,,,"Chủ đề: thư từ: daniel kabila thư từ: daniel kabila đề nghị đầu tư. thân mến, để đánh giá cao sự liên hệ quý giá của bạn nhận được thông qua một nguồn đáng tin cậy và sự lựa chọn đất nước của bạn, tôi muốn giới thiệu bản thân mình, tôi là Daniel Kabila, con trai của cố tổng thống DRC Laurent Desire Kabila của ký ức may mắn. tôi biết lá thư này có thể đến với bạn như một sự ngạc nhiên nhưng thực lòng tôi không có ý định làm bạn ngạc nhiên. tôi viết lá thư này với ý định đầu tư tổng số tiền của ch",1,,,,,,ambiguous,commercial_offer;large_fund_bait,review,low,,,translated_dataset_mixed_positive
data_vi:572,data_vi,,,,"Chủ đề: có một ngôi nhà gỗ đích thực trong tương lai của bạn. . . có một ngôi nhà đăng nhập chính hãng trong tương lai của bạn! gỗ tuyết tùng đỏ phương Tây đứng về phía bộ dụng cụ cơ bản bộ dụng cụ xây dựng bộ dụng cụ cắt sẵn thiết kế tùy chỉnh bộ dụng cụ tùy chỉnh tất cả các loại kiểu dáng khúc gỗ mà chúng tôi cảm thấy bạn sẽ thấy ngôi nhà gỗ của chúng tôi vượt trội hơn bất kỳ ngôi nhà nào khác trên thị trường và cơ cấu giá của chúng tôi cạnh tranh với những ngôi nhà khác, ít được mong muốn hơn",1,,,,,,ambiguous,commercial_offer;password_or_login,review,low,,,translated_dataset_mixed_positive
data_vi:573,data_vi,,,,"Chủ đề: adv dầu khí tgym bạn muốn đầu tư miễn thuế 100% vào giếng dầu khí như thế nào? kiếm được hơn 100% mỗi năm và nhận được thu nhập miễn thuế hàng tháng với rủi ro rất thấp. nếu bạn có khả năng thanh khoản với khoản đầu tư 10.000 đô la, hãy gửi email tên, địa chỉ và số điện thoại của bạn tới oilandgaspackage@aol. com và chúng tôi sẽ gửi cho bạn thông tin để hủy đăng ký nhận những thư đặc biệt này: chuyển tiếp thư này với ""hủy đăng ký"" trong dòng chủ đề tới oilandgasremoval @ aol. com",1,,,,,,ambiguous,marketing_language,review,low,,,translated_dataset_mixed_positive
data_vi:574,data_vi,,,,"Chủ đề: ouur medz xin chào , chào mừng đến với hộp thư pharmonli ne sho bài tiết p - một trong những cửa hàng dược phẩm tân binh hàng đầu về bao da v về đêm g a thất bại l khổ thơ ll biến dạng la r mizzle ac dứt khoát l i paludal sv xin lỗi một zygoma um vàmanyother . - đa phương tiện tiết kiệm hơn 50 % - shlppln cordate g trên toàn thế giới - tổng thể sự tự tin ấm áp hơn - hơn 5 triệu sản phẩm phụ gia tùy chỉnh ở 130 quốc gia, chúc một ngày tốt lành!",1,,,,,,ambiguous,product_service_solicitation,review,low,,,translated_dataset_mixed_positive
data_vi:576,data_vi,,,,"Chủ đề: Nguồn thông tin y tế tại nhà của bạn cùng một loại thuốc, giá cả khác nhau! không bao giờ đi ngủ điên cuồng. hãy đứng lên và chiến đấu. chính trong công lý mà trật tự của xã hội được đặt làm trung tâm. usenet giống như tetris dành cho những người vẫn nhớ cách đọc. Cái khó ló cái khôn .",1,,,,,,ambiguous,product_service_solicitation,review,low,,,translated_dataset_mixed_positive
data_vi:577,data_vi,,,,Chủ đề: xin chào cách tiết kiệm medlcatlons của bạn chủ yếu hơn 70%. cửa hàng mzmail của quý tộc phar - sẽ thành công và cách đã được chứng minh để cứu m bị rò rỉ của bạn. cornfloor v slingu ag a tủy l seaborne lu merlon l r parnassian a filter cl i anecdotic s tương tự như vậy val untrustworthy m vàmanyother. * sự sáng tạo p tốt nhất * sự cân bằng tốt trên toàn thế giới * sự tự tin hoàn toàn * bị lãng quên hơn 5 triệu khách hàng chúc một ngày hóa trị tốt lành !,1,,,,,,ambiguous,,review,low,,,translated_dataset_mixed_positive
data_vi:579,data_vi,,,,+ CT: bây giờ người phụ nữ của bạn sẽ thực sự hạnh phúc với cuộc sống thân mật của bạn ! viagra được vận chuyển riêng tư và kín đáo đến tận nhà bạn. không cần toa thuốc một ý tưởng không chịu trách nhiệm đối với những người tin vào nó . bí mật của sự nhàm chán là nói tất cả mọi thứ. sự cần thiết không biết đến luật pháp.,1,,,,,,ambiguous,product_service_solicitation,review,low,,,translated_dataset_mixed_positive
data_vi:58,data_vi,,,,"Chủ đề: phần mềm được bản địa hóa, có sẵn tất cả các ngôn ngữ. xin chào, chúng tôi muốn cung cấp các phiên bản phần mềm được bản địa hóa (tiếng Đức, tiếng Pháp, tiếng Tây Ban Nha, tiếng Anh và nhiều phiên bản khác). phần mềm aii iisted có sẵn để tải xuống ngay lập tức! không cần phải đợi 2 - 3 tuần để nhận được cd! chỉ một vài bài kiểm tra : - norton lnternet security pro 2005 - $ 29 . 95 - windows xp professional với phiên bản sp 2 fuil - $59 . Bộ đồ họa vẽ 95-corei 12 - $49. 95 - dreamweaver m",1,,,,,,ambiguous,product_service_solicitation;urgent_security_action,review,low,,,translated_dataset_mixed_positive
data_vi:581,data_vi,,,,Chủ đề: thông báo trạng thái gửi - những người nhận thư của bạn đã được xử lý bởi máy chủ thư: orlandi. enrico @ inwind . Nó ; thất bại ; 5 . 2 . 2 ( hộp thư đầy ) mta ims từ xa 9 a . libero . it : chẩn đoán smtp : 552 rcpt tới : vượt quá hạn ngạch đĩa hộp thư,1,,,,,,ambiguous,,review,low,,,translated_dataset_mixed_positive
data_vi:582,data_vi,,,,"Chủ đề: đây là nơi để tìm thấy thứ mà bạn đang tìm kiếm. đây là dịch vụ dành cho người độc thân trên 30 tuổi. rất nhiều người độc thân may mắn, giống như bạn, đã tìm được tình yêu của đời mình ở đây. swpvfdwt",1,,,,,,ambiguous,product_service_solicitation,review,low,,,translated_dataset_mixed_positive
data_vi:584,data_vi,,,,"Chủ đề: Bạn muốn đưa website của mình lên các công cụ tìm kiếm nhưng chưa biết thực hiện như thế nào? việc gửi trang web của bạn lên các công cụ tìm kiếm có thể làm tăng đáng kể doanh số bán hàng trực tuyến của bạn. nếu bạn đầu tư thời gian và tiền bạc vào trang web của mình, bạn chỉ cần gửi trang web của mình trực tuyến nếu không nó sẽ bị invisibie virtualiy, điều đó có nghĩa là nỗ lực bỏ ra vô ích. Nếu bạn muốn mọi người biết đến trang web của mình và tăng doanh thu, cách duy nhất để làm điều ",1,,,,,,ambiguous,commercial_offer,review,low,,,translated_dataset_mixed_positive
data_vi:586,data_vi,,,,"Chủ đề: cơ bắp , tiền bạc và ngoại hình giúp ích - nhưng phụ nữ muốn một người đàn ông to lớn hơn irbxij Trong một cuộc khảo sát gần đây do bao cao su Durex thực hiện, 67% phụ nữ nói rằng họ không hài lòng với kích thước của người yêu mình. bằng chứng cho thấy kích thước không thành vấn đề! một thành viên lớn có diện tích bề mặt lớn hơn nhiều và có khả năng kích thích nhiều đầu dây thần kinh hơn, mang lại nhiều khoái cảm hơn cho bạn và bạn tình. viên thuốc mang tính cách mạng của chúng tôi được ",1,,,,,,ambiguous,product_service_solicitation,review,low,,,translated_dataset_mixed_positive
data_vi:588,data_vi,,,,"Chủ đề: thư chưa gửi được trả lại cho người gửi đây là chương trình postfix tại máy chủ mx 2 . ôi. com . anh . tôi rất tiếc phải thông báo với bạn rằng tin nhắn của bạn không thể gửi được tới một hoặc nhiều người nhận. Nó được đính kèm bên dưới . để được hỗ trợ thêm, vui lòng gửi thư tới nếu bạn làm như vậy, vui lòng gửi kèm báo cáo sự cố này. bạn có thể xóa văn bản của chính mình khỏi tin nhắn trả lại đính kèm. chương trình postfix : giao diện máy chủ . ôi. com . anh [ 200 . 222 . 115 . 18 ] đã",1,,,,,,ambiguous,,review,low,,,translated_dataset_mixed_positive
data_vi:59,data_vi,,,,"Chủ đề: để cung cấp thông tin cho bạn, đây là thông báo cuối cùng của chúng tôi, chúng tôi mong muốn liên lạc với bạn nhiều lần và chúng tôi hy vọng bạn sẽ trả lời lần này! Khoản vay mua nhà hiện tại của bạn khiến bạn đủ điều kiện nhận được khoản vay lên tới 3. Tỷ lệ thấp hơn 70%. tuy nhiên, do những nỗ lực trước đây của chúng tôi để liên lạc với bạn đã không thành công, đây sẽ là nỗ lực cuối cùng của chúng tôi để mang lại cho bạn mức giá thấp hơn. vui lòng kết thúc bước cuối cùng này ngay khi n",1,,,,,,ambiguous,commercial_offer,review,low,,,translated_dataset_mixed_positive
data_vi:590,data_vi,,,,"Chủ đề: # # # # # # # # # # đảm bảo $ 50 , 000 nhanh chóng ! ! # # # # # # # # # # bạn đảm bảo sẽ kiếm được 50.000 đô la tiền mặt chỉ trong 90 ngày ! bỏ công việc toàn thời gian của bạn trong vòng chưa đầy 3 tháng! gửi email đến địa chỉ bên dưới để yêu cầu url bí mật hàng đầu: freemlmleads@hotmail. com đặt đảm bảo _ _ $ 50 , 000 _ _ tiền mặt ! trong dòng chủ đề và chúng tôi sẽ gửi url cho chương trình tuyệt vời này ngay lập tức! thành công của bạn được đảm bảo 100%! tham gia ngay ! * * * * * * *",1,,,,,,ambiguous,marketing_language,review,low,,,translated_dataset_mixed_positive
data_vi:591,data_vi,,,,Chủ đề: chờ đợi quá lâu và . . . 1147 bí mật thu hút phụ nữ hoặc đàn ông thêm chút gia vị vào cuộc sống của bạn bí mật thu hút phụ nữ hoặc đàn ông xóa,1,,,,,,ambiguous,,review,low,,,translated_dataset_mixed_positive
data_vi:592,data_vi,,,,"Chủ đề: Bạn muốn đưa website của mình lên các công cụ tìm kiếm nhưng chưa biết thực hiện như thế nào? việc gửi trang web của bạn lên các công cụ tìm kiếm có thể làm tăng đáng kể doanh số bán hàng trực tuyến của bạn. nếu bạn đầu tư thời gian và tiền bạc vào trang web của mình, bạn chỉ cần gửi trang web của mình trực tuyến nếu không nó sẽ vô hiệu hóa, có nghĩa là nỗ lực bỏ ra vô ích. nếu bạn muốn mọi người biết về trang web của mình và tăng doanh thu, cách duy nhất để làm điều đó là làm cho trang ",1,,,,,,ambiguous,commercial_offer,review,low,,,translated_dataset_mixed_positive
data_vi:593,data_vi,,,,Chủ đề: dịch vụ điện thoại 2968 zuyw 7 - 202 ztvwo 499 - 20 xin chào : bạn có phải trả quá nhiều cho việc ở nhà hoặc đi làm xa không? bạn đã tìm kiếm một giải pháp thay thế đường dài giá cả phải chăng nhưng trung thực chưa? chúng tôi đang cung cấp cáp quang đường dài với giá thấp nhất là 9 USD. 95 mỗi tháng! hãy gửi email cho chúng tôi số điện thoại của bạn và chúng tôi sẽ gọi lại cho bạn để bạn có thể biết kết nối tuyệt vời như thế nào . sáu kế hoạch để lựa chọn bao gồm cả kế hoạch du lịch . kh,1,,,,,,ambiguous,product_service_solicitation,review,low,,,translated_dataset_mixed_positive
data_vi:595,data_vi,,,,Chủ đề: xin chào cách tiết kiệm trên 70% chi phí mua thẻ medlc doggone atlons của bạn. phar xác nhận cửa hàng mzmail - pallmall l thành công và cách đã được chứng minh để tiết kiệm tiền soạn thư của bạn. tân học và một bệnh viêm lưỡi g xếp hạng tất cả sự trả thù của bạn một cách kinh khủng l r công ty ac bệnh zona l không đáng kể là khao khát val thulium m và nhiều thứ khác. * cây bách xù prlce tốt nhất * shl trên toàn thế giới không thể pplng * tổng số người sói tự tin * hơn 5 triệu lượt sử dụn,1,,,,,,ambiguous,commercial_offer,review,low,,,translated_dataset_mixed_positive
data_vi:596,data_vi,,,,"Chủ đề: tôi nghĩ bạn có thể quan tâm 2005 - 07 - 06 09 : 34 : 51 xin chào deadpanpolitics 3 , tôi vừa tìm thấy một trang tên là graand . com - một nơi miễn phí và an toàn trên internet để đặt các quảng cáo rao vặt. tôi nghĩ tôi nên mời bạn xem thử. Trân trọng, walker oacevlmg 9 sd 7 qa 27 sw 6 uulxwn 3 k 8 jlvo 3 soiaak 2005 - 07 - 07 22 : 33 : 55",1,,,,,,ambiguous,marketing_language,review,low,,,translated_dataset_mixed_positive
data_vi:597,data_vi,,,,"Chủ đề: có béo không? nếu có ai gọi tên bạn vì bạn thừa cân, hoặc bạn đang muốn tạo ra một sự thay đổi tích cực trong cuộc sống, thì bạn có thể làm điều gì đó ngay bây giờ! bấm vào đây để tìm hiểu cách http : / / 4 xenical . com / giảm cân . cfm, chúng tôi hy vọng bạn thích nhận được email này, nhưng nếu bạn không muốn nhận email của chúng tôi nữa, hãy nhấp vào liên kết bên dưới và bạn sẽ không nhận được phản hồi từ chúng tôi nữa - chúng tôi đảm bảo điều đó! http://4 xenical. com / xóa . cfm",1,,,,,,ambiguous,,review,low,,,translated_dataset_mixed_positive
data_vi:6,data_vi,,,,"Chủ đề: không có tiền , hãy lấy đĩa CD phần mềm từ đây ! khả năng tương thích phần mềm. . . . nó tuyệt không? già đi cùng với tôi điều tuyệt vời nhất vẫn chưa đến. mọi bi kịch đều kết thúc bằng cái chết . tất cả các bộ phim hài đều kết thúc bằng hôn nhân.",1,,,,,,ambiguous,product_service_solicitation,review,low,,,translated_dataset_mixed_positive
data_vi:600,data_vi,,,,"Chủ đề: re : [ 9 ] đây là nỗ lực cuối cùng của chúng tôi, chúng tôi đã nhắm đến việc liên hệ với bạn trong một số trường hợp và đã đến lúc trả lời phản hồi của bạn ngay bây giờ! tình hình khoản vay hiện tại của bạn cho phép bạn nhận được tối đa 3 . Tỷ lệ thấp hơn 80%. tuy nhiên , do những nỗ lực liên hệ trước đây của chúng tôi đã không thành công , đây sẽ là nỗ lực cuối cùng của chúng tôi để giúp bạn nhận được mức giá thấp hơn . vui lòng kết thúc bước cuối cùng này ngay khi nhận được thông báo n",1,,,,,,ambiguous,,review,low,,,translated_dataset_mixed_positive
data_vi:601,data_vi,,,,Chủ đề: yêu cầu thẻ quà tặng kho hàng tại nhà miễn phí của bạn - trị giá $ 1000 . yêu cầu thẻ quà tặng Home Depot của bạn - trị giá $1000 . chúng tôi chắc chắn rằng bạn có thể tìm thấy cách sử dụng thẻ quà tặng này ở khu vực của mình. ( ) . bởi Exclusiverewards bxjqlhgh,1,,,,,,ambiguous,,review,low,,,translated_dataset_mixed_positive
data_vi:606,data_vi,,,,"Chủ đề: nó hoạt động rất tốt xin chào, chào mừng bạn đến với pharmo jaret nline s Goddaughter hop - một trong những cửa hàng bán lẻ dược phẩm hàng đầu thế giới eocene v hú g a nhận thức l l khuất phục l đàm phán la kích thích chủng tộc edentate l i trisect s không thể tưởng tượng được và có thể mua được um andmanyother . - tiết kiệm hơn 5 chế độ tài phiệt 0 % - cam kết trên toàn thế giới - tổng số tâm sự đáng hổ thẹn - hơn 5 triệu khách hàng ở 130 coun người thượng cổ cố gắng có một ngày tốt làn",1,,,,,,ambiguous,commercial_offer,review,low,,,translated_dataset_mixed_positive
data_vi:607,data_vi,,,,"Chủ đề: người đầu tư : chủ tịch , từ : bà . helina karimu tôi là một nhà đầu tư, một công dân của Angola hiện đang sống lưu vong ở cộng hòa benin vì cuộc nội chiến ở đất nước tôi. Tôi mong muốn đầu tư vào một đất nước có chính trị ổn định, cơ sở hạ tầng đáng tin cậy và đáng tin cậy cũng như sự an toàn về tính mạng và tài sản. tôi đã được một người nước ngoài đến thăm làm việc ở cotonou cung cấp địa chỉ liên lạc của bạn. cô ấy nói rằng công ty của bạn có thể hỗ trợ tôi trong kế hoạch đầu tư của t",1,,,,,,ambiguous,large_fund_bait,review,low,,,translated_dataset_mixed_positive
data_vi:608,data_vi,,,,"Chủ đề: backup phần mềm nào với giá thấp nhất. giá phần mềm tốt nhất Tôi tồn tại như tôi là, thế là đủ. ghen tị là vết loét của tâm hồn.",1,,,,,,ambiguous,product_service_solicitation,review,low,,,translated_dataset_mixed_positive
data_vi:609,data_vi,,,,"Chủ đề: vui lòng khôi phục quyền truy cập tài khoản của bạn html > kính gửi khách hàng southtrust, gần đây chúng tôi đã xem xét tài khoản của bạn và chúng tôi nghi ngờ có một giao dịch trái phép tại máy ATM và/hoặc điểm bán hàng dựa trên mã pin trên tài khoản của bạn. bảo vệ tài khoản của bạn là mối quan tâm hàng đầu của chúng tôi. do đó, như một biện pháp phòng ngừa, chúng tôi đã tạm thời hạn chế quyền truy cập của bạn vào thông tin nhạy cảm. để đảm bảo rằng tài khoản của bạn không bị xâm phạm,",1,,,,,,ambiguous,commercial_offer;credential_request,review,low,,,translated_dataset_mixed_positive
data_vi:61,data_vi,,,,"Chủ đề: nguồn viagra tốt nhất của bạn và hơn thế nữa. . . . cố lên , cố lên . . . còn tiết kiệm được trung bình 70 % với thuốc generic ! can đảm là sức mạnh để buông bỏ những gì quen thuộc. có một ngôi sao đang nhảy múa và dưới đó tôi đã được sinh ra. món quà lớn nhất là một phần của chính bạn. kỹ thuật là nghệ thuật hoặc khoa học biến nó thành hiện thực.",1,,,,,,ambiguous,product_service_solicitation,review,low,,,translated_dataset_mixed_positive
data_vi:612,data_vi,,,,"Chủ đề: bạn không biết cách vào kết quả của công cụ tìm kiếm? việc gửi trang web của bạn lên các công cụ tìm kiếm có thể làm tăng đáng kể doanh số bán hàng trực tuyến của bạn. nếu bạn đầu tư thời gian và tiền bạc vào trang web của mình, bạn chỉ cần gửi trang web của mình trực tuyến nếu không nó sẽ vô hình, có nghĩa là nỗ lực bỏ ra vô ích. Nếu bạn muốn mọi người biết về trang web của mình và tăng doanh thu, cách duy nhất để làm điều đó là làm cho trang web của bạn hiển thị ở những nơi mọi người t",1,,,,,,ambiguous,commercial_offer,review,low,,,translated_dataset_mixed_positive
data_vi:613,data_vi,,,,"Chủ đề: cửa hàng tab tình yêu mới. hãy ghé thăm cửa hàng kéo trực tuyến được cấp phép của chúng tôi để có những chiếc kéo tình yêu rẻ tiền nhất! viagra , ciaiis , softtabs và nhiều chất tăng cường iove khác tất cả trong một ! hỗ trợ hoạt động , vận chuyển nhanh chóng , xử lý thanh toán an toàn và bảo mật hoàn toàn ! ciick vào đây để tìm bạn đã được bbb xác minh và được vlsa chấp thuận love pil 1 !",1,,,,,,ambiguous,product_service_solicitation,review,low,,,translated_dataset_mixed_positive
data_vi:616,data_vi,,,,"Tiêu đề: thông tin thế chấp dành cho bạn ! . . . . . . . . việc tìm kiếm thế chấp của bạn có làm bạn thất vọng không? giành được khoản thế chấp trị giá 30.000 đô la chỉ vì cố gắng giảm lãi suất thế chấp và một ít tiền mặt trong túi của bạn ! ! biết ai đang nói sự thật với bạn! chúng tôi có thể giải quyết mọi vấn đề của bạn. hãy truy cập trang web của chúng tôi ngay hôm nay và trong hai phút, bạn có thể nhờ chúng tôi tìm kiếm hàng nghìn chương trình và người cho vay cho bạn. hiểu sự thật , hiểu s",1,,,,,,ambiguous,,review,low,,,translated_dataset_mixed_positive
data_vi:617,data_vi,,,,"Chủ đề: bộ sưu tập phim khiêu dâm lớn nhất từ ​​trước đến nay - x 706 chúng tôi có các bức ảnh và video khiêu dâm hấp dẫn nhất bên trong . hàng nghìn bức ảnh và clip mới, bao gồm cả phim của các ngôi sao khiêu dâm. xem video khiêu dâm nóng bỏng ngay bây giờ! bấm vào đây để xem http : // www 3 . ledieskeys . thông tin / hình ảnh thú vị và video clip và phim DVD - - - - - - - - - - - - - - cyclorama byway cố chấp giữa canfield andromache diethylstilbestrol anode không còn tồn tại tiểu phế quản màu",1,,,,,,ambiguous,,review,low,,,translated_dataset_mixed_positive
data_vi:618,data_vi,,,,"Chủ đề: rút tiền nhanh chóng! bán timeshare của bạn! nếu bạn quan tâm đến việc bán hoặc cho thuê quyền thành viên chia sẻ thời gian hoặc kỳ nghỉ của mình, chúng tôi có thể trợ giúp! để được tư vấn miễn phí hãy nhấp vào ""trả lời"" kèm theo tên, số điện thoại và tên khu nghỉ dưỡng của bạn. Chúng tôi sẽ sớm liên lạc lại với bạn ! hướng dẫn xóa : để xóa khỏi danh sách này , vui lòng trả lời ""xóa"" trong dòng chủ đề . http://xent. com / người đưa thư / listinfo / fork",1,,,,,,ambiguous,commercial_offer,review,low,,,translated_dataset_mixed_positive
data_vi:620,data_vi,,,,Chủ đề: tiết kiệm tiền mua thứ này ở đây bạn chưa thử cials à? bạn thậm chí không thể tưởng tượng được cảm giác trở thành một người đàn ông thực sự trên giường là như thế nào! vấn đề là một lỗi tuyệt vời sẽ được cung cấp cho bạn một cách chính xác khi bạn muốn. cialls có nhiều ưu điểm hơn viaqra - hiệu quả kéo dài 36 giờ! - bạn đã sẵn sàng bắt đầu chỉ trong vòng 10 phút! - bạn có thể trộn nó với rượu! chúng tôi gửi đến bất kỳ nước nào! hiểu ngay bây giờ! .,1,,,,,,ambiguous,commercial_offer,review,low,,,translated_dataset_mixed_positive
data_vi:621,data_vi,,,,"Chủ đề: [ ilug ] lỗi ngân hàng có lợi cho bạn đáng kể người tạo thu nhập hàng tháng hệ thống chứng từ chuyển giao thu nhập / trung tâm phân phối số tiền thu nhập đang chờ xử lý : lên tới $ 21 , 000 . 00 tin tốt! bạn đã lập danh sách những người có thu nhập đáng kể. điều này có nghĩa là bạn có được toàn bộ hệ thống và có cơ hội kiếm được số tiền lên tới 21.000 USD. 00 một tháng. để nhận được hệ thống này, hãy theo liên kết này! sẵn sàng , bạn sẽ ngay lập tức nhận được tất cả thông tin cần thiết đ",1,,,,,,ambiguous,large_fund_bait,review,low,,,translated_dataset_mixed_positive
data_vi:623,data_vi,,,,"Chủ đề: cổ phiếu mới : cổ phiếu bắn sao báo cáo nhỏ giọt là admix vishnu nhưng bi thương tờ báo nào , đại bàng không gay gắt . Khi Percy thụ thai, việc đẩy ra có thể huýt sáo không phải là phong tục của Vienna mà là một phong cách Tây Ban Nha nóng chảy phát sinh fujitsu terramycin trong các giám mục, pullback và grata. bạn có muốn connallyatalanta không? không, con chồn carbonic khốn kiếp đang bị trầm cảm, một loại sữa bơ và xúc tu đã giành được giải thưởng.",1,,,,,,ambiguous,,review,low,,,translated_dataset_mixed_positive
data_vi:624,data_vi,,,,"Chủ đề: thêm thời gian - chữa xuất tinh sớm xin chào, bạn xuất tinh trước hay trong vòng vài phút sau khi thâm nhập? Xuất tinh sớm xảy ra khi bạn xuất tinh quá nhanh và không kiểm soát được. nó xảy ra trước hoặc ngay sau khi thâm nhập. xuất tinh sớm cản trở khoái cảm tình dục của cả bạn và bạn tình. nó gây ra cảm giác tội lỗi , bối rối , thất vọng và trầm cảm . thêm thời gian là công thức duy nhất cho hoạt động tình dục của nam giới không chỉ ngăn chặn xuất tinh sớm mà còn thực sự ""chữa khỏi"" nó",1,,,,,,ambiguous,product_service_solicitation,review,low,,,translated_dataset_mixed_positive
data_vi:625,data_vi,,,,"Chủ đề: kiểm soát tốt hơn xin chào, chào mừng bạn đến với cửa hàng bobcat phar christy monline - một trong những cửa hàng dược phẩm hàng đầu o tarrock niine say v diatonic g oilplant al parian sẽ mạ một chất xúc tác ac venter l tôi xảe s entente và cường độ um và nhiều thứ khác. - tiết kiệm hơn melinite 50 % - nhà cung cấp shlppl trên toàn thế giới - tổng số lần chỉnh sửa tự tin - hơn 5 triệu sản phẩm lấp lánh được khách hàng ở 130 quốc gia tổ chức một ngày thú vị!",1,,,,,,ambiguous,product_service_solicitation,review,low,,,translated_dataset_mixed_positive
data_vi:627,data_vi,,,,"Chủ đề: làm việc tại nhà. thông tin miễn phí chúng tôi cần giúp đỡ. chúng tôi là một công ty 14 năm tuổi nằm trong danh sách Fortune 500 và chúng tôi đã tăng trưởng 1000%! chúng tôi không thể theo kịp. chúng tôi đang tìm kiếm những cá nhân muốn làm việc tại nhà và kiếm sống tốt. vì vậy nếu bạn đang muốn tìm việc làm tại nhà với một nghề nghiệp có nhiều cơ hội thì hãy truy cập: http://www. lotonet . com/cơ hội và điền vào mẫu thông tin của chúng tôi. không cần kinh nghiệm, chúng tôi sẽ đào tạo bạ",1,,,,,,ambiguous,,review,low,,,translated_dataset_mixed_positive
data_vi:630,data_vi,,,,"Chủ đề: thông báo lỗi xin chào. đây là chương trình qmail - gửi tại thư 21 . mạng thoại . com . tôi e rằng tôi không thể gửi tin nhắn của bạn đến các địa chỉ sau. Đây là một lỗi vĩnh viễn ; Tôi đã bỏ cuộc . xin lỗi nó đã không thành công : xin lỗi , ở đây không có hộp thư nào có tên đó . ( # 5 . 1 . 1 ) - - - bên dưới dòng này là bản sao của tin nhắn . return - path : đã nhận : ( qmail 20328 được gọi bởi uid 83 ) ; 26 tháng 6 năm 2005 11 : 30 : 48 - 0000 đã nhận : từ projecthoneypot @ projecthon",1,,,,,,ambiguous,,review,low,,,translated_dataset_mixed_positive
data_vi:631,data_vi,,,,"Chủ đề: được coi là email hàng loạt không được yêu cầu từ bạn, tin nhắn của bạn tới : -> info @ rgbaz. com được coi là e-mail số lượng lớn không được yêu cầu (ube). chủ đề : chỉ với cô ấy . . . return - path : mã tham chiếu nội bộ của chúng tôi cho tin nhắn của bạn là 01500 - 02 / efl 6 nkzrotlw . việc gửi email đã bị dừng lại!",1,,,,,,ambiguous,,review,low,,,translated_dataset_mixed_positive
data_vi:632,data_vi,,,,"Chủ đề: Có tất cả các phần mềm đồ họa, phiên bản OEM giá rẻ. chào buổi sáng, chúng tôi cung cấp các gói OEM mới nhất của tất cả các phần mềm đồ họa và Publishinq từ corel, macromedia, adobe và các phần mềm khác. adobe photoshop8 giá 80$ . 0 / cs $140 macromedia studio mx 2004 $120 adobe acrobat 7 . 0 chuyên nghiệp $ 150 adobe Premier pro 1 . 5 $ 90 corel desiqner 10 $ 90 quickbooks 2004 phiên bản chuyên nghiệp $ 75 adobe paqemaker 7 . 0 $70 xara x vl . 1 buổi thử giọng adobe $ 75 1 . 5 $ 90 kín ",1,,,,,,ambiguous,product_service_solicitation,review,low,,,translated_dataset_mixed_positive
data_vi:633,data_vi,,,,Chủ đề: tăng kích thước dương vật kín đáo 4623 4623,1,,,,,,ambiguous,,review,low,,,translated_dataset_mixed_positive
data_vi:636,data_vi,,,,Chủ đề: một hiệu thuốc trực tuyến chuyên nghiệp thân thiện tập trung vào bạn ! tận hưởng quan hệ tình dục! khu rừng tối tăm nhưng đầy kim cương. . . sự thiếu hiểu biết không phải là vô tội mà là tội lỗi. tôi thà chết một cái chết khô khan.,1,,,,,,ambiguous,product_service_solicitation,review,low,,,translated_dataset_mixed_positive
data_vi:638,data_vi,,,,"+ CT: tôi nghĩ, vâng. những thứ chúng tôi bán được cả thế giới biết đến! hàng hóa của chúng tôi dành cho nam giới đang được trưng dụng!",1,,,,,,ambiguous,commercial_offer,review,low,,,translated_dataset_mixed_positive
data_vi:640,data_vi,,,,"Chủ đề: Có tất cả các phần mềm đồ họa, phiên bản OEM giá rẻ. chào buổi sáng, chúng tôi cung cấp các gói OEM mới nhất của tất cả các phần mềm đồ họa và Publishinq từ corel, macromedia, adobe và các phần mềm khác. adobe photoshop8 giá 80$ . 0 / cs $140 macromedia studio mx 2004 $120 adobe acrobat 7 . 0 chuyên nghiệp $ 150 adobe Premier pro 1 . 5 $90 corel thiết kế 10 $90 quickbooks 2004 phiên bản professionalai $75 adobe pagemaker 7 . 0 $70 xara x vl . 1 buổi thử giọng adobe $ 75 1 . 5 $ 90 kín đá",1,,,,,,ambiguous,product_service_solicitation,review,low,,,translated_dataset_mixed_positive
data_vi:641,data_vi,,,,Chủ đề: tiết kiệm tiền mua thứ này ở đây bạn chưa thử cials à? bạn thậm chí không thể tưởng tượng được cảm giác trở thành một người đàn ông thực sự trên giường là như thế nào! vấn đề là một lỗi tuyệt vời sẽ được cung cấp cho bạn chính xác khi bạn muốn. ciiis có rất nhiều ưu điểm so với viaqra - tác dụng kéo dài 36 giờ! - bạn đã sẵn sàng bắt đầu chỉ trong vòng 10 phút! - bạn có thể trộn nó với rượu! chúng tôi gửi đến bất kỳ nước nào! hiểu ngay bây giờ! .,1,,,,,,ambiguous,commercial_offer,review,low,,,translated_dataset_mixed_positive
data_vi:643,data_vi,,,,"Chủ đề: được thông báo , hãy chuẩn bị cảnh báo đại dịch 2636 284 vị trí adel , ia 50003 tin nhắn e-mail này là một quảng cáo và / hoặc chào mời .",1,,,,,,ambiguous,marketing_language,review,low,,,translated_dataset_mixed_positive
data_vi:644,data_vi,,,,"Chủ đề: thư bị trả lại: xem bản ghi để biết chi tiết thư gốc được nhận vào thứ ba, ngày 19 tháng 7 năm 2005 06: 59: 51 - 0400 ( edt ) từ trang 62 fl 74 . ibrkntol . ap . vì vậy - mạng . nè . jp [ 219 . 98 . 241 . 116 ] - - - - - các địa chỉ sau có lỗi nghiêm trọng vĩnh viễn - - - - - ( lý do: 550 hành động được yêu cầu không được thực hiện: hộp thư không khả dụng ) - - - - - bản ghi của phiên tiếp theo - - - - - . . . trong khi nói chuyện với thư. brooksdisanto . com . : > > > RCpt tới : . . . n",1,,,,,,ambiguous,,review,low,,,translated_dataset_mixed_positive
data_vi:646,data_vi,,,,"Chủ đề: về đơn đăng ký của bạn, chúng tôi đã cố gắng liên hệ với bạn vào tuần trước về việc tái cấp vốn cho ngôi nhà của bạn với lãi suất thấp hơn. tôi muốn thông báo cho bạn biết rằng bạn đã được phê duyệt trước. đây là kết quả : * id tài khoản : [ 837 - 937 ] * số tiền thương lượng : $ 155 , 952 đến $ 644 , 536 * tỷ lệ : 3 . 81 % - 5 . 21% vui lòng điền vào mẫu đơn nhanh này và chúng tôi sẽ cử nhân viên môi giới liên hệ với bạn trong thời gian sớm nhất. Trân trọng, Eli Starks quản lý tài khoản",1,,,,,,ambiguous,,review,low,,,translated_dataset_mixed_positive
data_vi:647,data_vi,,,,"Chủ đề: tài nguyên kê đơn giảm giá trực tuyến của bạn. cương cứng tự nhiên lớn ! không bao giờ đối với tôi biểu ngữ bị hạ xuống, không bao giờ là nỗ lực cuối cùng. điều quan trọng là chất lượng chứ không phải số lượng. đừng tham gia một trận chiến nếu bạn không đạt được gì khi chiến thắng.",1,,,,,,ambiguous,promotion_discount,review,low,,,translated_dataset_mixed_positive
data_vi:648,data_vi,,,,"Chủ đề: Bạn muốn đưa website của mình lên các công cụ tìm kiếm nhưng chưa biết thực hiện như thế nào? việc gửi trang web của bạn lên các công cụ tìm kiếm có thể làm tăng đáng kể doanh số bán hàng trực tuyến của bạn. Nếu bạn đầu tư thời gian và tiền bạc vào trang web của mình, bạn chỉ cần gửi trang web của mình trực tuyến, nếu không nó sẽ bị vô hiệu hóa, điều đó có nghĩa là nỗ lực bỏ ra vô ích. nếu bạn muốn mọi người biết về trang web của mình và tăng doanh thu, cách duy nhất để làm điều đó là là",1,,,,,,ambiguous,commercial_offer,review,low,,,translated_dataset_mixed_positive
data_vi:649,data_vi,,,,"Chủ đề: các bác sĩ trực tuyến sẽ kê đơn viagra cho bạn ngay bây giờ! ! ! qeeb ham muốn tình dục của bạn không bao giờ nên đứng thứ hai trong danh sách! ! ! viagra trực tuyến ngay bây giờ và giao hàng trong vòng 24 giờ! hãy cố gắng theo cách bạn từng có thể! ! ! ít hơn $7. 00 mỗi liều để làm cho tất cả xảy ra lần nữa! đừng chấp nhận ít hơn, hãy giữ cho người yêu của bạn hạnh phúc! không có văn phòng bác sĩ đến thăm. chỉ cần điền vào biểu mẫu trực tuyến của chúng tôi và bạn của chúng tôi. s . bác ",1,,,,,,ambiguous,product_service_solicitation,review,low,,,translated_dataset_mixed_positive
data_vi:65,data_vi,,,,Chủ đề: tiết kiệm tiền mua thứ này ở đây bạn chưa thử cials à? bạn thậm chí không thể tưởng tượng được cảm giác trở thành một người đàn ông thực sự trên giường là như thế nào! vấn đề là một lỗi tuyệt vời sẽ được cung cấp cho bạn một cách chính xác khi bạn muốn. Cialls có rất nhiều ưu điểm so với viaqra - tác dụng kéo dài 36 giờ! - bạn đã sẵn sàng bắt đầu chỉ trong vòng 10 phút! - bạn có thể trộn nó với rượu aicohol! chúng tôi gửi đến bất kỳ nước nào! hiểu ngay bây giờ! .,1,,,,,,ambiguous,commercial_offer,review,low,,,translated_dataset_mixed_positive
data_vi:650,data_vi,,,,"Chủ đề: tham gia cùng một số người thành công nhất trên thế giới theo đuổi mục tiêu trong cuộc sống, kinh doanh cho chính bạn chứ không phải cho chính bạn. làm việc khi nào và bao nhiêu bạn muốn làm việc. xử lý từ nhà của bạn từ bất cứ nơi nào trên thế giới. các cộng sự kiếm được từ 5.000 đô la Mỹ đến 12.000 đô la Mỹ mỗi tháng. chuyên gia xử lý phán quyết. đào tạo và hỗ trợ ấn tượng. thông tin chi tiết hoặc ngừng nhận hoặc xem địa chỉ của chúng tôi. những thứ này rõ ràng là để hỗ trợ cậu bé chiế",1,,,,,,ambiguous,,review,low,,,translated_dataset_mixed_positive
data_vi:652,data_vi,,,,"Chủ đề: megga offr xin chào, chào mừng bạn đến với p. Stitchwork Harmonline sh không đồng đều op - một trong những cửa hàng dược phẩm trực tuyến hàng đầu không chấp thuận các cửa hàng coiffeur v selector g bậc nhất tất cả các nhà sản xuất l chữa lành la r chống chỉ định một sát thủ cl tôi công tố viên không vợ và nhiều người khác. - cuối cùng tiết kiệm được hơn 50 % - nỗi đau lòng trên toàn thế giới - hoàn toàn được xác định chính xác - hơn 5 triệu khách hàng nhi khoa ở 130 quốc gia có một ngày ",1,,,,,,ambiguous,,review,low,,,translated_dataset_mixed_positive
data_vi:653,data_vi,,,,"Chủ đề: xin chúc mừng 2 người đăng ký mới, hãy đến nhận 2 lần đăng ký miễn phí của bạn. chúng tôi sẽ cung cấp cho bạn 2 lượt đăng ký miễn phí và sau đó đặt 2 lượt đăng ký dưới cả hai lượt đăng ký đó, v.v.! về cơ bản chúng tôi sẽ xây dựng tuyến dưới cho bạn! hãy xem bài viết hôm nay ở Hoa Kỳ về chương trình này (ấn bản thứ sáu) để đăng ký miễn phí, hãy nhấp vào liên kết bên dưới: sự chú ý của cả nước đối với chương trình này bởi các phương tiện truyền thông sẽ thúc đẩy chương trình này với động l",1,,,,,,ambiguous,promotional_call_to_action,review,low,,,translated_dataset_mixed_positive
data_vi:656,data_vi,,,,"Chủ đề: quan trọng - người tiêu dùng truyền hình cáp bạn khỏe không , visioson @ hpp . za . Cuối cùng thì nó cũng ở đây : bộ lọc cáp kỹ thuật số đi đến trang giữa các mũi tên bên dưới : - > - > - > - > bộ lọcppv . không còn com nữa à? thêm /r vào miền trên . Trân trọng, Juliana o. hướng dẫn dự ánhoneypot @ projecthoneypot . tổ chức",1,,,,,,ambiguous,,review,low,,,translated_dataset_mixed_positive
data_vi:657,data_vi,,,,"Chủ đề: sử dụng công cụ tính lãi suất tiện dụng này để nhận thông tin về tỷ giá hiện tại. chhfb sử dụng công cụ tính lãi suất tiện dụng này để lấy dữ liệu về tỷ giá hiện tại mà không đưa ra bất kỳ thông tin cá nhân hoặc riêng tư nào. cái này đã được gửi cho bạn bởi một nhóm truyền thông cho Smartmortgageusa. nếu bạn có bất kỳ thắc mắc nào , bạn có thể liên hệ với sm - usa tại : Offer Up , attn : Smartmortgageusa , p . ồ. hộp 78361, san francisco, ca 94107 - 8361. nếu bạn muốn loại mình khỏi các ",1,,,,,,ambiguous,,review,low,,,translated_dataset_mixed_positive
data_vi:658,data_vi,,,,"Chủ đề: bạn đã tạo một trang web nhưng không có ai truy cập? việc gửi trang web của bạn lên các công cụ tìm kiếm có thể làm tăng đáng kể doanh số bán hàng trực tuyến của bạn. Nếu bạn đầu tư thời gian và tiền bạc vào trang web của mình, bạn chỉ cần gửi trang web của mình trực tuyến, nếu không nó sẽ trở nên vô hình, điều đó có nghĩa là nỗ lực bỏ ra vô ích. nếu bạn muốn mọi người biết về trang web của mình và tăng doanh thu, cách duy nhất để làm điều đó là làm cho trang web của bạn hiển thị ở những",1,,,,,,ambiguous,commercial_offer,review,low,,,translated_dataset_mixed_positive
data_vi:659,data_vi,,,,Chủ đề: đang tìm một loại thuốc cụ thể? Cho chúng tôi biết những gì bạn cần ! sống lành mạnh cho cuộc sống hàng ngày. chúng ta hiếm khi tâm sự với những người giỏi hơn chúng ta. Lời nói soi sáng tâm hồn quý hơn châu báu. bỏ qua những khoảng thời gian khủng khiếp và tập trung vào những khoảng thời gian tốt đẹp. con người tự do trong trí tưởng tượng của mình nhưng bị ràng buộc bởi lý trí của mình.,1,,,,,,ambiguous,product_service_solicitation,review,low,,,translated_dataset_mixed_positive
data_vi:661,data_vi,,,,"Chủ đề: Có tất cả các phần mềm đồ họa, phiên bản OEM giá rẻ. chào buổi sáng, chúng tôi cung cấp các gói OEM mới nhất của tất cả phần mềm đồ họa và xuất bản từ corei, macromedia, adobe và các phần mềm khác. adobe photoshop8 giá 80$ . 0 / cs $140 macromedia studio mx 2004 $120 adobe acrobat 7 . 0 chuyên nghiệp $ 150 adobe Premier pro 1 . 5 $ 90 corei Designer 10 $ 90 quickbooks 2004 phiên bản chuyên nghiệp $ 75 adobe paqemaker 7 . 0 $70 xara x vl . 1 buổi thử giọng adobe $ 75 1 . 5 $ 90 kín đáo 3 ",1,,,,,,ambiguous,product_service_solicitation,review,low,,,translated_dataset_mixed_positive
data_vi:662,data_vi,,,,"Chủ đề: thế chấp cho những chi tiết zwzm tín dụng tồi tệ nhất muốn tái cấp vốn ? hãy điền vào biểu mẫu nhanh này của chúng tôi và ngay lập tức có các công ty thế chấp cạnh tranh để giành quyền kinh doanh cho bạn. bạn sẽ được cung cấp mức lãi suất tái cấp vốn tuyệt đối, tốt nhất hiện có! tín dụng của bạn không thành vấn đề , thậm chí đừng lo lắng về các vấn đề tín dụng trong quá khứ , chúng tôi có thể tái cấp vốn cho bất kỳ ai ! hãy để chúng tôi dùng chuyên môn của mình để phục vụ bạn! hoặc xóa t",1,,,,,,ambiguous,,review,low,,,translated_dataset_mixed_positive
data_vi:665,data_vi,,,,"Chủ đề: thư bị trả lại: xem bản ghi để biết chi tiết thư gốc được nhận vào thứ ba, ngày 19 tháng 7 năm 2005 12 : 59 : 25 + 0200 từ [ 222 . 89 . 79 . 217 ] - - - - - các địa chỉ sau có lỗi nghiêm trọng vĩnh viễn - - - - - - - - - - bản ghi của phiên sau - - - - - 554 5 . 0 . 0 tên người dùng hoặc bí danh không xác định 550 5 . 1 . 1 . . . người dùng không xác định",1,,,,,,ambiguous,,review,low,,,translated_dataset_mixed_positive
data_vi:666,data_vi,,,,Chủ đề: thông tin miễn phí. bắt đầu công việc kinh doanh tư vấn internet của riêng bạn ntsj bạn có biết 4 trong số 10 người giàu nhất đất nước chưa bao giờ tốt nghiệp đại học không? họ có can đảm để mơ ước và có sự khôn ngoan để tận dụng các cơ hội. Bạn có đủ can đảm và khôn ngoan để thay đổi cuộc đời mình không? bạn xứng đáng thành công! việc xem trang web này là miễn phí và nó có thể mang lại lợi ích dưới dạng một lối sống được cải thiện đáng kể cho bạn và những người thân yêu của bạn. bạn sẽ ,1,,,,,,ambiguous,,review,low,,,translated_dataset_mixed_positive
data_vi:669,data_vi,,,,Chủ đề: thông báo trạng thái gửi ( thất bại ) thông báo sau đây không thể gửi được . nguyên nhân của vấn đề : 5 . 1 . 0 - lỗi địa chỉ không xác định 550 - '5. 1 . 1 bí danh không xác định hoặc bất hợp pháp: gkoppmal @ elp. rr . com ',1,,,,,,ambiguous,,review,low,,,translated_dataset_mixed_positive
data_vi:670,data_vi,,,,Chủ đề: tiết kiệm đáng tin cậy cho thuốc theo toa. bây giờ bạn có thể đa dạng hóa các hoạt động trong phòng ngủ của mình! nền tảng của mọi bang là giáo dục cho thế hệ trẻ. mọi người ghét tôi vì tôi được cả thế giới yêu mến . lòng biết ơn thầm lặng không có ích gì nhiều cho bất cứ ai.,1,,,,,,ambiguous,product_service_solicitation,review,low,,,translated_dataset_mixed_positive
data_vi:673,data_vi,,,,"Chủ đề: fca offrr xin chào, chào mừng bạn đến tăng cường bước nhảy siêu nhiên của pharmonline - một trong những cửa hàng dược phẩm hàng đầu trên Wheatstone iine sesterce v seadog g lộn xộn al cá sấu sẽ l gắn một r roadster ac fusible l catenae isv calo a u fasten m vàmanyother. - tiết kiệm hơn 5 chiếc tã 0 % - đặt trước trên toàn thế giới - tổng số phô mai đầu tự tin - và hơn 5 triệu khách hàng ở 130 quốc gia chúc một ngày tốt lành!",1,,,,,,ambiguous,,review,low,,,translated_dataset_mixed_positive
data_vi:677,data_vi,,,,"Chủ đề: bạn có cần medz không? xin chào , chào mừng bạn đến với pharmonlin tuy nhiên e sho crossly p - một trong những cửa hàng dược phẩm phụ trợ quảng cáo oniine thuận cả hai tay v bẩn thỉu g một trích dẫn ll linh sam l tuyệt vời la không kiềm chế ra nghi lễ cli anh em sv từ chối một um và nhiều người khác . - Tỷ lệ không thể diễn tả được trên 50 % - hlpplng đang tăng tốc trên toàn thế giới - nhận dạng tổng thể về sự xấu xa - trên 5 triệu địa hình iiiion khách hàng ở 130 quốc gia đã có một ngày",1,,,,,,ambiguous,marketing_language,review,low,,,translated_dataset_mixed_positive
data_vi:678,data_vi,,,,"Chủ đề: phần mềm được bản địa hóa, có sẵn tất cả các ngôn ngữ. xin chào, chúng tôi muốn cung cấp các phiên bản phần mềm được bản địa hóa (qerman, tiếng Pháp, tiếng Tây Ban Nha, tiếng Anh và nhiều phiên bản khác). tất cả phần mềm được liệt kê đều có sẵn để tải xuống ngay lập tức! không cần phải đợi 2 - 3 tuần để nhận được cd! chỉ một vài bài kiểm tra: - norton internet security pro 2005 - $ 29. 95 - windows xp professional với phiên bản sp 2 fuil - $59 . Bộ đồ họa vẽ 95-corei 12 - $49. 95 - dream",1,,,,,,ambiguous,product_service_solicitation;urgent_security_action,review,low,,,translated_dataset_mixed_positive
data_vi:68,data_vi,,,,"Chủ đề: đơn vị lớn trong vòng vài ngày, bạn sẽ nhận thấy kích thước cương cứng tăng lên ngay lập tức, hãy quên đi việc đối tác của bạn giả vờ đạt cực khoái hoặc không thể làm hài lòng cô ấy. bạn sẽ có thể thâm nhập sâu hơn để bạn tình của bạn có được nhiều khoái cảm hơn cũng như đạt được nhiều cực khoái khi quan hệ tình dục. 86% phụ nữ được khảo sát nói rằng họ muốn bạn tình của mình 'đầy đủ' hơn về mặt tình dục. hãy xem công thức tăng cường sinh lý nam duy nhất với một đĩa DVD miễn phí, bạn gái",1,,,,,,ambiguous,,review,low,,,translated_dataset_mixed_positive
data_vi:680,data_vi,,,,"Chủ đề: quan trọng: $97438 chủ nhà thân mến, bạn đã được chấp thuận trước cho khoản vay $300,000 với lãi suất cố định thấp. ưu đãi này được gia hạn cho bạn vô điều kiện và tín dụng của bạn không phải là một yếu tố. để tận dụng cơ hội thời gian có hạn này, chúng tôi yêu cầu bạn truy cập trang web của chúng tôi và hoàn thành biểu mẫu phê duyệt bài đăng. http://www. kxxjn . com / i / lzevaw 5 8 zymg 5 rodger pereiraru patrick tập đoàn tài chính - - - - - - - - - - - - - - - - - - - - - 9 : fadzilah",1,,,,,,ambiguous,,review,low,,,translated_dataset_mixed_positive
data_vi:682,data_vi,,,,Chủ đề: medz của chúng tôi làm thế nào để tiết kiệm chi phí điều trị cho tuổi trẻ của bạn trên 70 %. Cattlepen pharmshop - thành công và là cách đã được chứng minh để tiết kiệm sự phân tán của bạn. nghiện ma túy và một kết nối g cam kết tất cả l l đúng giờ u hình xăm l r trang trí hình bán cầu l i búa sva mất trí nhớ lỏng lẻo m và nhiều thứ khác. tốt nhất p rlces vĩ mô. trên toàn thế giới sh newgate lpplng. hình thức đặt hàng dễ dàng. tổng số c chủ nghĩa thần bí về tính xác thực. 250.000 s aphro,1,,,,,,ambiguous,commercial_offer,review,low,,,translated_dataset_mixed_positive
data_vi:685,data_vi,,,,"Chủ đề: re : vấn đề tiền bạc ygr sửa chữa tín dụng của bạn trực tuyến ! đó là bước đột phá về tín dụng trực tuyến mà bạn đã chờ đợi! trong vòng chưa đầy 5 phút , trực tiếp từ sự thoải mái + tiện lợi của máy tính của bạn , yp 5 a 9 d 3 tsj 53 xfocwg 6 oflwjwsonnkigarhp 91 8 qyfvkpfqgknfbạn có thể sửa chữa tín dụng của mình ! bạn có thể xem các cập nhật theo thời gian thực hàng ngày, khi bạn khắc phục sự cố, nhận thông tin bạn cần một cách nhanh chóng và hiệu quả để xóa các mục tín dụng tiêu cực k",1,,,,,,ambiguous,,review,low,,,translated_dataset_mixed_positive
data_vi:688,data_vi,,,,"Chủ đề: tự do tài chính có làm bạn quan tâm không? dễ dàng hoàn lại 30 - 50%? tìm hiểu cách bạn có thể nhận được séc hàng tháng với lãi suất 3, 4 hoặc 5% mỗi tháng cho đến khi khoản đầu tư ban đầu của bạn được thanh toán hết. . . sau đó là séc hàng tháng với lãi suất hơn 4% mỗi tháng trong nhiều năm tới. . . chúng tôi biết điều đó nghe có vẻ không thể thực hiện được, nhưng nó đang diễn ra ngày nay. để biết thông tin đầy đủ về ngành công nghiệp trị giá hàng nghìn tỷ đô la này: http://market. pako",1,,,,,,ambiguous,,review,low,,,translated_dataset_mixed_positive
data_vi:689,data_vi,,,,"Chủ đề: muốn trở nên đàn ông hơn? hãy kiểm tra miếng dán tăng cường dương vật này, bác sĩ đã phê duyệt và khuyên dùng. http://www. siratu . com / ss / không nằm trong tầm cơn thịnh nộ của tôi . sự nhiệt tình trong tình yêu của một người phụ nữ thậm chí còn vượt xa cả người viết tiểu sử. im lặng là biểu hiện hoàn hảo nhất của sự khinh miệt. sự ngờ vực và thận trọng là cha mẹ của sự an toàn. Chỉ sau khi chúng ta đã mất tất cả thì chúng ta mới có thể tự do làm bất cứ điều gì.",1,,,,,,ambiguous,,review,low,,,translated_dataset_mixed_positive
data_vi:69,data_vi,,,,"Chủ đề: doanh nghiệp của bạn có phụ thuộc vào sự thành công trực tuyến của trang web của bạn không? việc gửi trang web của bạn lên các công cụ tìm kiếm có thể làm tăng đáng kể doanh số bán hàng trực tuyến của bạn. nếu bạn đầu tư thời gian và tiền bạc vào trang web của mình, bạn chỉ cần gửi trang web của mình trực tuyến nếu không nó sẽ hầu như vô hình, điều đó có nghĩa là nỗ lực bỏ ra vô ích. nếu bạn muốn mọi người biết về trang web của mình và tăng doanh thu, cách duy nhất để làm điều đó là làm ",1,,,,,,ambiguous,commercial_offer,review,low,,,translated_dataset_mixed_positive
data_vi:691,data_vi,,,,"Chủ đề: Tôi có thể thấy bạn đang quay số, bạn khỏe không, nếu bạn là người dùng quay số, bạn biết việc lướt web hoặc tải xuống bất cứ thứ gì có thể chậm đến mức nào. turbonet pro là giải pháp của bạn! turbonet pro có công nghệ ""g 3"" (thế hệ thứ 3) tăng tốc độ quay số, với thời gian cài đặt chưa đến 1 phút và thường tăng tốc độ quay số lên 5 lần! ai nói bạn cần cáp / dsl để có được tốc độ cao? lấy mẫu ở đây: bấm vào 4 express. com ttyl , faris d . Marianne, jr projecthoneypot @ projecthoneypot. o",1,,,,,,ambiguous,,review,low,,,translated_dataset_mixed_positive
data_vi:692,data_vi,,,,Chủ đề: chúng tôi sẽ hướng dẫn bạn tất cả các câu trả lời cho câu hỏi của bạn về điều chỉnh thị lực bằng laser. rất có thể bạn sẽ vứt kính và kính áp tròng của mình đi . thông tin cho bạn bây giờ. flhdzgxo,1,,,,,,ambiguous,,review,low,,,translated_dataset_mixed_positive
data_vi:693,data_vi,,,,"Chủ đề: chúng ta hãy chấm dứt sự điên rồ của mlm ! Bạn vẫn tin rằng bạn có thể kiếm được 100.000 USD nhanh chóng bằng MLM? thực tế ! hãy tải emm , một hệ thống hoàn toàn mới thay thế MLM bằng một hệ thống hoạt động được ! bắt đầu kiếm 1.000 ngay bây giờ! lên tới 10.000 USD mỗi tuần khi thực hiện các công việc trực tuyến đơn giản. thông tin miễn phí - breakfree@luxmail. com - gõ ""gửi thông tin emm"" vào hộp chủ đề. tin nhắn này được gửi tuân theo mục 301 của dự luật được đề xuất. theo mục 301 , đo",1,,,,,,ambiguous,large_fund_bait,review,low,,,translated_dataset_mixed_positive
data_vi:694,data_vi,,,,Chủ đề: xin hãy giúp tôi cách tiết kiệm hơn 70% chi phí điều trị kéo dài của bạn. ph snaggy armshop - cách thành công và đã được chứng minh để tiết kiệm tiền nhanh chóng của bạn. yên ngựa và hình khuyên g a vận chuyển l mười ba lu sống sót l r nghi lễ một tâm lý cli khả năng không vận được phủ lên val collie m và nhiều thứ khác. có vẻ như đang vượt rào. trên toàn thế giới shlpp gossamer lng . dễ dàng hoặc có hình thức phản đòn. Tổng thống bí mật y . 250.000 đáp ứng cho khách hàng thuê hầm. đặt h,1,,,,,,ambiguous,commercial_offer,review,low,,,translated_dataset_mixed_positive
data_vi:697,data_vi,,,,"Chủ đề: truyền hình miễn phí - 100 % hợp pháp chúc ông một ngày tốt lành, không bao giờ trả tiền cho các kênh thể thao, phim, kênh người lớn ppv, theo yêu cầu, không bao giờ nữa! hãy trang bị cho mình một bộ lọc cáp 54 MHz cho thiết bị của bạn. v. sau đó bắt đầu tiết kiệm hóa đơn truyền hình cáp của bạn! nó sẽ tự thanh toán bằng hóa đơn tiếp theo của bạn! xem trang của chúng tôi bên dưới trang của chúng tôi : nhấp vào 2 ra . xin trân trọng , thaddeus adams no : c l i c k 2 o u t . c o m / r",1,,,,,,ambiguous,,review,low,,,translated_dataset_mixed_positive
data_vi:7,data_vi,,,,"Chủ đề: tin tức tuyệt vời xin chào, chào mừng bạn đến với medzonline sh groundel op, chúng tôi xin hân hạnh giới thiệu mình là một trong những cửa hàng phar felicitation maceuticai trực tuyến đang phát triển. giúp đỡ và gỡ bỏ ra một người quốc tế sẽ vỉ l l ban cho ac tosher l là người trợ giúp và người bạn tâm tình và nhiều người khác. - sav inexpiable e trên 75 % - tổng số tâm sự thư giãn - hlpplng lịch sự trên toàn thế giới - ov ám chỉ er 5 triệu khách hàng ở 150 quốc gia đã mang lại sức sống ",1,,,,,,ambiguous,,review,low,,,translated_dataset_mixed_positive
data_vi:70,data_vi,,,,"Chủ đề: thông báo bảo mật trực tuyến ion thành viên ngân hàng lasalle thân mến, để ngăn chặn truy cập trái phép vào tài khoản ngân hàng trực tuyến lasalle của bạn, chúng tôi đã giới hạn số lần đăng nhập thất bại. bạn đã vượt quá số lần thử này. như một biện pháp bảo mật bổ sung, quyền truy cập của bạn vào ngân hàng trực tuyến đã bị hạn chế. quyền truy cập của bạn vào máy atm và hoạt động bán hàng tài chính và ngân hàng 24 giờ của bạn không bị ảnh hưởng. để khôi phục quyền truy cập tài khoản của ",1,,,,,,ambiguous,commercial_offer;password_or_login;organization_impersonation;financial_information_request,review,low,,,translated_dataset_mixed_positive
data_vi:701,data_vi,,,,"Chủ đề: e-mail của bạn tới anvasetc - 1111@groups. msn . com không thể gửi được bạn đã gửi tin nhắn bên dưới tới một nhóm không được nhận dạng: anvasetc - 1111 @groups. msn . com để kiểm tra địa chỉ e-mail chính xác của nhóm bạn là thành viên : 1 . đi tới trang "" có gì mới "" của nhóm . 2 . nhấp vào ""cài đặt e-mail của tôi"" trong vùng công cụ ở phía trên bên phải của trang. để tìm hiểu thêm về các nhóm msn hoặc để được hỗ trợ thêm, vui lòng xem khu vực trợ giúp của chúng tôi. cảm ơn các nhóm msn",1,,,,,,ambiguous,,review,low,,,translated_dataset_mixed_positive
data_vi:705,data_vi,,,,"Chủ đề: người đàn ông của Stteel xin chào , chào mừng đến với medzonlin hướng e - dược phẩm trực tuyến sho Feverfew p . v thoát khỏi một con chim chích ừm sự thừa thãi vi bất tỉnh ra nửa tỉnh nửa mê ci rít lên là l sự trừng phạt tôi tranh giành ag a cringle l và nhiều thứ khác . Bạn sẽ có được cửa hàng của chúng tôi - máy đo độ sáng tốt nhất, dịch vụ đo độ vàng tuyệt vời fa Humidor st vận chuyển vòng mang thai trực tuyến tư nhân, chúc một ngày tốt lành.",1,,,,,,ambiguous,product_service_solicitation,review,low,,,translated_dataset_mixed_positive
data_vi:706,data_vi,,,,Chủ đề: phần mềm giá rẻ http :/ / neonate . setupmefree . com / ? a = 3107,1,,,,,,ambiguous,product_service_solicitation,review,low,,,translated_dataset_mixed_positive
data_vi:707,data_vi,,,,"Chủ đề: Tăng thêm 1 - 4 inch tạo nên sự khác biệt to lớn Bạn gái tôi rất thích kết quả này, nhưng cô ấy không biết tôi làm gì. cô ấy nghĩ điều đó là tự nhiên - thomas, tôi đã sử dụng sản phẩm của bạn được 4 tháng rồi. tôi đã tăng chiều dài của mình từ 2 lên gần 6. sản phẩm của bạn đã cứu đời sống tình dục của tôi. - matt, fl làm hài lòng đối tác của bạn mọi lúc với một đơn vị lớn hơn, dài hơn, mạnh hơn thực tế nhanh chóng trở thành một kẻ gây áp lực ở đây, những người tatar hét lên vui vẻ khi ch",1,,,,,,ambiguous,product_service_solicitation,review,low,,,translated_dataset_mixed_positive
data_vi:708,data_vi,,,,"Chủ đề: câu trả lời khẩn cấp thưa ông / bà, ông có thể ngạc nhiên khi nhận được lá thư này từ tôi, vì ông không biết cá nhân tôi. tôi là bà Maria da costa vợ của bác sĩ . John da Costa, người vừa bị sát hại trong vụ tranh chấp đất đai ở Zimbabwe, tôi đã liên lạc được với anh qua mạng lưới trực tuyến để tìm kiếm một người đáng tin cậy và có uy tín để xử lý một giao dịch rất bí mật liên quan đến việc chuyển tiền sang tài khoản nước ngoài và tôi quyết định viết cho bạn Người chồng quá cố của tôi nằ",1,,,,,,ambiguous,commercial_offer;inheritance_or_deceased,review,low,,,translated_dataset_mixed_positive
data_vi:71,data_vi,,,,"Chủ đề: quelqu ' un t ' aime en secret quelqu ' un t ' aime en secret et nous a charge? de te pr?venir , devine qui a flash? cho tôi và người kháng cáo le 08 99 701 123 * _ _ _ _ _ _ _ _ _ _ _ _ _ _ _ _ _ _ _ _ _ _ _ _ _ _ _ _ _ _ _ _ _ * 1 . 12? / phút pour ne plus recevoir de message , rpondez avec l ' objet stop .",1,,,,,,ambiguous,,review,low,,,translated_dataset_mixed_positive
data_vi:710,data_vi,,,,"Chủ đề: viagra - bước đã được chứng minh để bắt đầu lại mọi thứ. đang tìm kiếm một loại thuốc cụ thể? Cho chúng tôi biết những gì bạn cần ! có tiếng vỗ tay vang dội hơn tiếng vỗ tay của đám đông : của chính mình . chiến thắng không phải là tất cả, nó là điều duy nhất. Chiến tranh là sự tiếp tục của chính trị bằng các phương tiện khác . chúng ta sống động nhất khi chúng ta đang yêu .",1,,,,,,ambiguous,product_service_solicitation,review,low,,,translated_dataset_mixed_positive
data_vi:711,data_vi,,,,"Chủ đề: Bạn muốn đưa website của mình lên các công cụ tìm kiếm nhưng chưa biết thực hiện như thế nào? việc gửi trang web của bạn lên các công cụ tìm kiếm có thể làm tăng đáng kể doanh số bán hàng trực tuyến của bạn. nếu bạn đầu tư thời gian và tiền bạc vào trang web của mình, bạn chỉ cần gửi trang web của mình trực tuyến nếu không nó sẽ vô hình, có nghĩa là nỗ lực bỏ ra vô ích. Nếu bạn muốn mọi người biết về trang web của mình và tăng doanh thu, cách duy nhất để làm điều đó là làm cho trang web ",1,,,,,,ambiguous,commercial_offer,review,low,,,translated_dataset_mixed_positive
data_vi:712,data_vi,,,,"Chủ đề: antico . , TNHH ( bangkok ) antico . , TNHH ( bangkok ) 731 7 th p . tôi. tháp asoke - dindaeng , bangkok , 10320 thái lan tel : + 66 2 6429856 - 7 fax : + 66 26429889 t . Một . t. giấy phép số. Trang web 11/3364: www. khách sạn thai 4u. com email : info @ thaihotel 4 u . com , antilbkk @ yahoo . com thưa ông/bà, đây là lời chào nồng nhiệt nhất từ ​​Antil co. , TNHH , một trong những công ty du lịch lớn ở Thái Lan . chúng tôi tận tâm quảng bá ngành công nghiệp lớn nhất Thái Lan - du lịch",1,,,,,,ambiguous,commercial_offer,review,low,,,translated_dataset_mixed_positive
data_vi:713,data_vi,,,,"Chủ đề: điều này sẽ ảnh hưởng như thế nào đến cơ quan báo cáo đối với từng tài khoản bạn hủy . tại sao phải dồn vào một nghĩa vụ lớn hơn hoặc tuyên bố phá sản khi bạn có thể về mặt pháp lý, dù sao đi nữa, bạn đã tránh được cơn đói khát trong một thời gian, vì vậy tôi có thể để bạn có lương tâm trong sáng. không cần chần chừ nữa , anh ta vặn đèn báo của cỗ máy du lịch và lao lên không trung , để mặc gã Thổ Nhĩ Kỳ ngồi trên những tảng đá và nhìn chằm chằm theo sau anh ta với vẻ bối rối hài hước 15",1,,,,,,ambiguous,,review,low,,,translated_dataset_mixed_positive
data_vi:716,data_vi,,,,Chủ đề: cần tuyển đại diện tại nhà - câu hỏi tuyển dụng Fortune 500 comp? bạn có muốn một công việc khác không? Bạn có muốn làm chủ chính mình ? bạn có cần thêm thu nhập không? bạn có cần bắt đầu một cuộc sống mới không? công việc hiện tại của bạn dường như chẳng đi đến đâu? nếu bạn trả lời có cho những câu hỏi này thì đây là giải pháp của bạn. chúng tôi là một công ty nằm trong top 500 đang tìm kiếm những cá nhân năng động đang tìm kiếm thu nhập đáng kể khi làm việc tại nhà. hàng nghìn cá nhân ,1,,,,,,ambiguous,,review,low,,,translated_dataset_mixed_positive
data_vi:717,data_vi,,,,"Chủ đề: khoản thế chấp tốt nhất có thể, việc tìm kiếm thế chấp của bạn có khiến bạn thất vọng không? bạn có thất vọng và bối rối với tất cả các thuật ngữ và dấu ngoặc kép khác nhau không? không biết ai đang nói sự thật với bạn? chúng tôi có thể giải quyết mọi vấn đề của bạn. hãy truy cập trang web của chúng tôi ngay hôm nay và trong hai phút, bạn có thể nhờ chúng tôi tìm kiếm hàng nghìn chương trình và người cho vay cho bạn. hiểu sự thật , hiểu sự thật , có tất cả các lựa chọn của bạn chỉ trong ",1,,,,,,ambiguous,,review,low,,,translated_dataset_mixed_positive
data_vi:718,data_vi,,,,"Chủ đề: Có tất cả các phần mềm đồ họa, phiên bản OEM giá rẻ. chào buổi sáng, chúng tôi cung cấp các gói OEM mới nhất của tất cả các phần mềm đồ họa và Publishinq từ corel, macromedia, adobe và các phần mềm khác. adobe photoshop8 giá 80$ . 0 / cs $140 macromedia studio mx 2004 $120 adobe acrobat 7 . 0 chuyên nghiệp $ 150 adobe Premier pro 1 . 5 $ 90 corel desiqner 10 $ 90 quickbooks 2004 phiên bản chuyên nghiệp $ 75 adobe pagemaker 7 . 0 $70 xara x vl . 1 buổi thử giọng adobe $ 75 1 . 5 $ 90 kín ",1,,,,,,ambiguous,product_service_solicitation,review,low,,,translated_dataset_mixed_positive
data_vi:72,data_vi,,,,"Chủ đề: thanh toán hóa đơn tã lót cho con bạn trong một năm. gia đình bạn chắc chắn có thể sử dụng cái này, bây giờ hãy đi. mjirartt",1,,,,,,ambiguous,,review,low,,,translated_dataset_mixed_positive
data_vi:725,data_vi,,,,"Chủ đề: đây là số tiền chúng tôi nợ bạn người nộp đơn thân mến, sau khi xem xét thêm khi nhận được đơn đăng ký của bạn, khoản thế chấp hiện tại của bạn đủ điều kiện cho 4. Tỷ lệ 75. khoản thanh toán hàng tháng mới của bạn sẽ ở mức thấp nhất là $340/tháng cho khoản vay $200.000. vui lòng xác nhận thông tin của bạn để chúng tôi hoàn tất khoản vay của bạn hoặc bạn cũng có thể đăng ký một khoản vay mới. hoàn tất các bước cuối cùng bằng cách truy cập : http : / / www . thế chấp - newx . mạng / chỉ số",1,,,,,,ambiguous,,review,low,,,translated_dataset_mixed_positive
data_vi:726,data_vi,,,,Chủ đề: người mua hãy cẩn thận - miếng dán dương vật ! miếng dán tăng kích thước dương vật có tác dụng! ! ! http://www. gretan . com / ss / một mùi rất cổ xưa và giống mùi cá . Không có bạn bè không bằng mình . người khôn ngoan là người biết giá trị tương đối của mọi thứ. lòng can đảm đi trước nỗi sợ hãi một bước. nhàn rỗi là không làm gì cả. nhàn rỗi là được tự do làm bất cứ điều gì.,1,,,,,,ambiguous,commercial_offer,review,low,,,translated_dataset_mixed_positive
data_vi:729,data_vi,,,,"Chủ đề: cơ hội tài chính [ eew 58 ] có nhiều cơ hội tài chính hơn bao giờ hết. phần lớn những người thành công không tuân theo các quy tắc , họ bẻ cong chúng , tránh né chúng hoặc đi vòng quanh chúng . tự do 55 là dành cho những kẻ ngu ngốc. bạn không cần phải làm việc 40 đến 60 giờ một tuần trong suốt 40 năm mới có thể giúp người khác trở nên giàu có. chúng tôi có cách tốt hơn! bạn có quan tâm đến việc tạo ra sự giàu có ngay lập tức không? bạn đã cân nhắc việc cải thiện chất lượng cuộc sống của",1,,,,,,ambiguous,,review,low,,,translated_dataset_mixed_positive
data_vi:73,data_vi,,,,Chủ đề: là một bài viết về các ứng dụng tự động hóa linux nhúng thời gian thực. gji tin tức linux công nghiệp: số tháng sáu của tạp chí isa's intech có một bài viết thú vị về cách các ứng dụng linux mở thực sự có thể hạ thấp chi phí phát triển và tăng hiệu suất cũng như độ tin cậy của tự động hóa công nghiệp. bản sao của bài viết có thể được tìm thấy tại: http: // www. sixnet - io . com/html _files/web_bài viết/linux_bài viết_thông tin. htm bản cập nhật tin tức linux này mang đến cho bạn bởi : w,1,,,,,,ambiguous,marketing_language,review,low,,,translated_dataset_mixed_positive
data_vi:730,data_vi,,,,"Chủ đề: thông tin cam của julies xin chào . . . . Tên tôi là Julie . tôi là học sinh cuối cấp trung học ở houston, tx. Tôi đã tạo một trang cá nhân mới có webcam vì tôi thích gặp gỡ những người mới và tôi cũng thích khoe thân hình nóng bỏng của mình. tôi nghĩ bạn có thể muốn kiểm tra nó. nó hoàn toàn miễn phí http : / / magnetslip . com / ju 43 / trân trọng Julie",1,,,,,,ambiguous,,review,low,,,translated_dataset_mixed_positive
data_vi:734,data_vi,,,,Chủ đề: re [ 4 ] : terra điều tra tình trạng mất điện tôi tự hỏi nếu . . . tiệm sơncũng có một cửa hàng sơn tupac sharuk,1,,,,,,ambiguous,,review,low,,,translated_dataset_mixed_positive
data_vi:735,data_vi,,,,"Chủ đề: bạn không biết cách vào kết quả của công cụ tìm kiếm? việc gửi trang web của bạn lên các công cụ tìm kiếm có thể làm tăng đáng kể doanh số bán hàng trực tuyến của bạn. Nếu bạn đầu tư thời gian và tiền bạc vào trang web của mình, bạn chỉ cần gửi trang web của mình trực tuyến nếu không nó sẽ trở nên vô hình, điều đó có nghĩa là nỗ lực bỏ ra vô ích. Nếu bạn muốn mọi người biết đến trang web của mình và tăng doanh thu, cách duy nhất để làm điều đó là làm cho trang web của bạn hiển thị ở nhữn",1,,,,,,ambiguous,commercial_offer,review,low,,,translated_dataset_mixed_positive
data_vi:736,data_vi,,,,"Chủ đề: lấy lại sự tự tin của bạn viagra trực tuyến nguồn đáng tin cậy của bạn về thuốc theo toa. Những nỗi sợ hãi nhỏ nhặt và những niềm vui vụn vặt chỉ là cái bóng của hiện thực. quy tắc vàng là không có quy tắc vàng nào cả. trọng lực là một thói quen khó bỏ. Tôi không thất bại, tôi chỉ tìm ra 10.000 cách không hiệu quả.",1,,,,,,ambiguous,product_service_solicitation,review,low,,,translated_dataset_mixed_positive
data_vi:737,data_vi,,,,"Chủ đề: bạn có được liệt kê trong các công cụ tìm kiếm lớn không? việc gửi trang web của bạn lên các công cụ tìm kiếm có thể làm tăng đáng kể doanh số bán hàng trực tuyến của bạn. nếu bạn đầu tư thời gian và tiền bạc vào trang web của mình, bạn chỉ cần gửi trang web của mình trực tuyến nếu không nó sẽ hầu như vô hình, điều đó có nghĩa là nỗ lực bỏ ra vô ích. nếu bạn muốn mọi người biết về trang web của mình và tăng doanh thu, cách duy nhất để làm điều đó là làm cho trang web của bạn hiển thị ở n",1,,,,,,ambiguous,commercial_offer,review,low,,,translated_dataset_mixed_positive
data_vi:738,data_vi,,,,Chủ đề: thông báo trạng thái giao hàng ( thất bại ) đây là thông báo trạng thái giao hàng được tạo tự động . Giao hàng đến người nhận sau thất bại . thông tin @ereksononline. com,1,,,,,,ambiguous,,review,low,,,translated_dataset_mixed_positive
data_vi:739,data_vi,,,,Chủ đề: lại [ 21 ] hãy bình tĩnh ! vào năm 1827 sims việt nam warit 'sẽ tốt hơn tôi có,1,,,,,,ambiguous,,review,low,,,translated_dataset_mixed_positive
data_vi:74,data_vi,,,,"Chủ đề: phần mềm được bản địa hóa, có sẵn tất cả các ngôn ngữ. xin chào, chúng tôi muốn cung cấp các phiên bản phần mềm được bản địa hóa (qerman, tiếng Pháp, tiếng Tây Ban Nha, tiếng Anh và nhiều phiên bản khác). tất cả phần mềm iisted đều có sẵn để tải xuống ngay lập tức! không cần phải đợi 2 - 3 tuần để nhận được cd! chỉ một vài ví dụ: - norton lnternet security pro 2005 - $ 29. 95 - windows xp professional với phiên bản sp 2 fuil - $59 . 95 - bộ đồ họa corel draw 12 - $49 . 95 - dreamweaver m",1,,,,,,ambiguous,product_service_solicitation;urgent_security_action,review,low,,,translated_dataset_mixed_positive
data_vi:742,data_vi,,,,"Chủ đề: những khuôn mặt dính nhất từng có! ! ! ! bắn bụi của bạn khắp mặt cô ấy . những cô gái này thích bú cặc và thật may mắn cho bạn, họ thích bú cặc trong khi máy quay của chúng tôi đang quay. "" chúng tôi có những con điếm hút tinh bẩn thỉu nhất ở bất cứ đâu ! "" bấm vào đây bạn phải ít nhất 18 tuổi mới được vào ! để được xóa khỏi danh sách gửi thư "" nội bộ "" của chúng tôi hãy nhấp vào đây và bạn sẽ tự động bị xóa khỏi các lần gửi thư trong tương lai . bạn đã nhận được email này bằng cách yêu",1,,,,,,ambiguous,promotional_call_to_action,review,low,,,translated_dataset_mixed_positive
data_vi:743,data_vi,,,,"Chủ đề: thư bị trả lại: xem bản ghi để biết chi tiết thư gốc được nhận vào thứ ba, ngày 19 tháng 7 năm 2005 07 : 01 : 27 - 0400 từ [ 219 . 157 . 114 . 86 ] - - - - - các địa chỉ sau có lỗi nghiêm trọng vĩnh viễn - - - - - ( lý do : 550 5 . 1 . 1 . . người dùng không xác định ) - - - - - bản ghi của phiên tiếp theo - - - - - . . . trong khi nói chuyện với intmail. hcm . hitachi . com . : > > > dữ liệu . . . người dùng chưa biết 550 5 . 1 . 1 . . . người dùng chưa biết < < < 503 5 . 0 . 0 cần RCpt",1,,,,,,ambiguous,,review,low,,,translated_dataset_mixed_positive
data_vi:745,data_vi,,,,"Chủ đề: cần có trợ lý dự kiến ​​của bạn. tôi là ông. ike ejo . Giám đốc ngân hàng của ngân hàng kim cương Nigeria, chi nhánh Lagos. tôi có đề nghị kinh doanh khẩn cấp và rất bí mật dành cho bạn. vào ngày 6 tháng 6 năm 1999 một nhà tư vấn/nhà thầu dầu khí nước ngoài của Bộ hàng không liên bang. Barry Kelly đã đặt cọc theo kỳ hạn ( cố định ) trong mười hai tháng dương lịch , trị giá 25.000.000 đô la Mỹ . 00 ( hai mươi lăm triệu đô la ) tại chi nhánh của tôi . Khi đáo hạn, tôi gửi thông báo định kỳ",1,,,,,,ambiguous,product_service_solicitation;large_fund_bait,review,low,,,translated_dataset_mixed_positive
data_vi:747,data_vi,,,,"Chủ đề: cuộc sống mới của tôi xin chào , chào mừng đến với thuốc kích thích pharmonli ne sh thân ái op - một trong những công ty dược phẩm oniine hàng đầu sho untrodden ps derring v protoplasmic g a infante l l just l công thái học la r sobriquet ac phân bón l i tappet sv chiến thuật một chiếc khăn rửa chén um vànhiều thứ khác . - tiết kiệm nhượng quyền hơn 50 % - pplng phòng sau shl trên toàn thế giới - tổng số người tự tin - và đã có 5 triệu khách hàng ở 130 quốc gia có một ngày tốt lành!",1,,,,,,ambiguous,product_service_solicitation,review,low,,,translated_dataset_mixed_positive
data_vi:748,data_vi,,,,"Chủ đề: kiểm tra những mức giá giảm tuyệt vời này. về thuốc của chúng tôi. chọn giá dễ dàng trên các mặt hàng chất lượng. bạn đã kiểm tra chương trình đặc biệt hàng tuần hiện tại chưa? internetpharmacy dẫn đầu các biện pháp khắc phục phù hợp để giảm bớt cơn đau dữ dội , rối loạn giấc ngủ , sưng tấy , căng thẳng nghiêm trọng và giảm căng thẳng . http://jkm 6 . wc . iyigloo . com / 2 v 7 / chúng tôi có quan hệ khá thân thiết , bạn biết đấy ; và cả ông Elliot nữa , về nỗi đau mà ông đã gây ra . khô",1,,,,,,ambiguous,product_service_solicitation,review,low,,,translated_dataset_mixed_positive
data_vi:749,data_vi,,,,"Chủ đề: thư bị trả lại : xem bản ghi để biết chi tiết thư gốc được nhận vào thứ ba , ngày 19 tháng 7 năm 2005 10 : 58 : 37 gmt từ [ 211 . 245 . 27 . 66 ] - - - - - các địa chỉ sau có lỗi nghiêm trọng vĩnh viễn - - - - - ( lý do : 550 5 . 1 . 1 người dùng không xác định ) - - - - - bản ghi của phiên tiếp theo - - - - - . . . trong khi nói chuyện với localhost : > > > data . . . người dùng chưa biết < < < 503 5 . 5 . 1 không có người nhận",1,,,,,,ambiguous,,review,low,,,translated_dataset_mixed_positive
data_vi:751,data_vi,,,,Chủ đề: nhận thẻ quà tặng Home Depot trị giá 1000 USD miễn phí. yêu cầu thẻ quà tặng Home Depot của bạn - trị giá $1000 . chúng tôi chắc chắn rằng bạn có thể tìm thấy cách sử dụng thẻ quà tặng này ở khu vực của mình. ( ) . bởi phần thưởng độc quyền dbdbkewi,1,,,,,,ambiguous,,review,low,,,translated_dataset_mixed_positive
data_vi:752,data_vi,,,,"Chủ đề: báo cáo giao dịch ngoại tệ khối lượng trên 1 . 2 nghìn tỷ đô la mỗi ngày khai thác cơ hội thu nhập cao ở thị trường tài chính lớn nhất thế giới. thị trường ngoại tệ khám phá cách: 20.000 USD ""được định vị đúng"" trong đồng euro so với . đồng đô la Mỹ, vào ngày 13/12/00 có thể kiếm được 70.000 đô la vào ngày 03/01/01, tìm hiểu cách các nhà giao dịch chuyên nghiệp thành công hỗ trợ bạn có thể đạt được lợi nhuận hàng tháng hai chữ số từ 10 - 30% trở lên! bấm vào đây để nhận bản tin giao dịch",1,,,,,,ambiguous,marketing_language;large_fund_bait,review,low,,,translated_dataset_mixed_positive
data_vi:755,data_vi,,,,"Chủ đề: giá cả phải chăng - cách sử dụng thuốc nếu đời sống tình dục của bạn tốt . . . sau đó làm cho nó tuyệt vời! thanh kiếm công lý không có vỏ. Thiên Chúa không quan tâm về những khó khăn toán học của chúng tôi . ông tích hợp theo kinh nghiệm. mỗi khi chúng ta nói , hãy có ! dưới bất kỳ hình thức nào, điều gì đó sẽ xảy ra. một người hoàn thiện là một người nhàm chán.",1,,,,,,ambiguous,product_service_solicitation,review,low,,,translated_dataset_mixed_positive
data_vi:756,data_vi,,,,"Chủ đề: nâng cấp trọn đời cho freeq 4 hoặc 6 p 8 dưới đây là kết quả từ mẫu phản hồi của bạn. nó được gửi bởi ( Blowdamovie @ atlas . cz ) vào thứ Hai, ngày 22 tháng 7 năm 2002 lúc 12: 37: 15: tại sao phải chi tới 4000 đô la cho một ổ ghi DVD khi chúng tôi sẽ chỉ cho bạn một giải pháp thay thế sẽ thực hiện điều tương tự cho chỉ là một phần nhỏ của chi phí? sao chép đĩa DVD của bạn ngay bây giờ. giá tốt nhất trên mạng. bấm vào đây : http : // 010 @ www . dvdcopyxp . com/cgi - bin/enter . cgi ? ma",1,,,,,,ambiguous,,review,low,,,translated_dataset_mixed_positive
data_vi:757,data_vi,,,,"Chủ đề: không phải là một điều tồi tệ nữa xin chào, chào mừng bạn đến với dược phẩm cạnh tranh nline s guttural hop - một trong những khoản thấu chi quảng cáo cho các cửa hàng dược phẩm Buckram v vestured g swatch al driftage ll l ecumenical một intrude rac đẹp như tranh vẽ và nhiều thứ khác. - s trapeze ave over 50 % - tấm gỗ nhỏ trên toàn thế giới - tổng số eleusinian iaiity tự tin - hơn 5 triệu khách hàng răng nanh ở 130 quốc gia có một cuộc hẹn hò tuyệt vời!",1,,,,,,ambiguous,marketing_language,review,low,,,translated_dataset_mixed_positive
data_vi:758,data_vi,,,,"Chủ đề: được coi là email hàng loạt không được yêu cầu từ bạn, tin nhắn của bạn tới : -> distmora @ agrocom . com . ar được coi là e-mail số lượng lớn không được yêu cầu ( ube ). chủ đề : chỉ với cô ấy . . . return - path : việc gửi email đã bị dừng !",1,,,,,,ambiguous,,review,low,,,translated_dataset_mixed_positive
data_vi:764,data_vi,,,,"Chủ đề: phần mềm được bản địa hóa, có sẵn tất cả các ngôn ngữ. xin chào, chúng tôi muốn cung cấp các phiên bản phần mềm được bản địa hóa (tiếng Đức, tiếng Pháp, tiếng Tây Ban Nha, tiếng Anh và nhiều phiên bản khác). chỉ một vài ví dụ: - Norton Internet Security Pro 2005 - 29$. 95 - windows xp professional với phiên bản sp 2 fuii - $59 . Bộ đồ họa vẽ 95-corei 12 - $49. 95 - dreamweaver mx 2004 ( bao gồm homesite 5 . 5 ) - $39 . 95 - macromedia studio mx 2004 - $119 . 95 chỉ cần duyệt qua trang we",1,,,,,,ambiguous,product_service_solicitation,review,low,,,translated_dataset_mixed_positive
data_vi:766,data_vi,,,,Chủ thể: ) . chủ đề tin nhắn của bạn : chỉ dành cho cô ấy . . . đã không được giao tới : Bastide . laurent @ Bastide . thông tin vì: số phận không phải là duy nhất. le carnet d 'địa chỉ các cộng đồng người đăng ký phóng viên ? laurent ( laurent @ bastide ) .,1,,,,,,ambiguous,,review,low,,,translated_dataset_mixed_positive
data_vi:767,data_vi,,,,"Chủ đề: phần mềm được bản địa hóa, có sẵn tất cả các ngôn ngữ. xin chào, chúng tôi muốn cung cấp các phiên bản phần mềm được bản địa hóa (qerman, tiếng Pháp, tiếng Tây Ban Nha, tiếng Anh và nhiều phiên bản khác). phần mềm được liệt kê đều có sẵn để tải xuống ngay lập tức! không cần phải đợi 2 - 3 tuần để nhận được cd! chỉ một vài bài kiểm tra : - norton lnternet security pro 2005 - $ 29 . 95 - windows xp professionalai với phiên bản sp 2 fuii - $59 . 95 - bộ đồ họa corel draw 12 - $49 . 95 - dre",1,,,,,,ambiguous,product_service_solicitation;urgent_security_action,review,low,,,translated_dataset_mixed_positive
data_vi:769,data_vi,,,,"Chủ đề: bạn không biết cách vào kết quả của công cụ tìm kiếm? việc gửi trang web của bạn lên các công cụ tìm kiếm có thể làm tăng đáng kể doanh số bán hàng trực tuyến của bạn. nếu bạn đầu tư thời gian và tiền bạc vào trang web của mình, bạn chỉ cần gửi trang web của mình trực tuyến nếu không nó sẽ hầu như bị vô hình, điều đó có nghĩa là nỗ lực bỏ ra vô ích. Nếu bạn muốn mọi người biết về trang web của mình và tăng doanh thu, cách duy nhất để làm điều đó là làm cho trang web của bạn hiển thị ở nh",1,,,,,,ambiguous,commercial_offer,review,low,,,translated_dataset_mixed_positive
data_vi:77,data_vi,,,,"Chủ đề: chương trình sức khỏe Cơ đốc giáo mà chúng tôi cung cấp về thị lực, nha khoa, y tế và nhiều hơn thế nữa! làm việc với những người tốt tại trung tâm y tế christian. các giá trị của chúng tôi khiến chúng tôi trở nên khác biệt . bấm vào bên dưới : http : / / www . . com finish Solutions 9600 la ciencnega inglewood, ca 90301 thư điện tử này là một quảng cáo và/hoặc chào mời.",1,,,,,,ambiguous,marketing_language,review,low,,,translated_dataset_mixed_positive
data_vi:770,data_vi,,,,"Chủ đề: re: bạn có hút thuốc không? noscv lookln 4 giá cả phải chăng thuốc lá? đến đây đi! tấm chắn bùn đó hay có thể xoay được có thể là humboldt giovanni ? tôi có thể chấp nhận được, không nhai điên cuồng không tạo ra mảng bám có thể thương lượng lại được. nếu croon berlin thì rem . yêu tôi",1,,,,,,ambiguous,product_service_solicitation,review,low,,,translated_dataset_mixed_positive
data_vi:771,data_vi,,,,"Chủ đề: Có tất cả các phần mềm đồ họa, phiên bản OEM giá rẻ. chào buổi sáng, chúng tôi cung cấp các gói OEM mới nhất của tất cả phần mềm đồ họa và xuất bản từ corei, macromedia, adobe và các phần mềm khác. adobe photoshop8 giá 80$ . 0 / cs $140 macromedia studio mx 2004 $120 adobe acrobat 7 . 0 chuyên nghiệp $ 150 adobe Premier pro 1 . 5 $ 90 corei Designer 10 $ 90 quickbooks 2004 phiên bản professionalai $ 75 adobe paqemaker 7 . 0 $70 xara x vl . 1 buổi thử giọng adobe $ 75 1 . 5 $ 90 kín đáo 3",1,,,,,,ambiguous,product_service_solicitation,review,low,,,translated_dataset_mixed_positive
data_vi:773,data_vi,,,,"Chủ đề: sử dụng công cụ tính lãi suất tiện dụng này để nhận thông tin lãi suất hiện tại. kbrte sử dụng công cụ tính lãi suất tiện dụng này để nhận dữ liệu hiện có về lãi suất mà không đưa ra bất kỳ thông tin riêng tư hoặc cá nhân nào. cái này đã được gửi cho bạn bởi một nhóm truyền thông cho Smartmortgageusa. nếu bạn có bất kỳ thắc mắc nào , bạn có thể liên hệ với sm - usa tại : Offer Up , attn : Smartmortgageusa , p . ồ. hộp 78361, san francisco, ca 94107 - 8361. nếu bạn muốn loại mình khỏi các",1,,,,,,ambiguous,,review,low,,,translated_dataset_mixed_positive
data_vi:774,data_vi,,,,Chủ đề: * * tin nhắn bạn gửi bị chặn bởi bộ lọc email hàng loạt của chúng tôi * * tin nhắn của bạn tới : Ponddr @ nalu . net đã bị chặn bởi tường lửa thư rác của chúng tôi. email bạn gửi với chủ đề sau chưa được gửi: chủ đề: chỉ gửi cho cô ấy. . .,1,,,,,,ambiguous,,review,low,,,translated_dataset_mixed_positive
data_vi:776,data_vi,,,,"Chủ đề: bạn đã sẵn sàng để có được nó chưa? Xin chào ! viagra là loại thuốc số 1 giúp điều trị chứng rối loạn cương dương ở nam giới . như người ta nói đùa, nó đủ mạnh đối với đàn ông nhưng lại dành cho phụ nữ; - ) orderinq viagra oniine là một cách rất thuận tiện , nhanh chóng và an toàn ! hàng triệu người làm điều đó hàng ngày để bảo vệ quyền riêng tư và lệnh chuyển tiền của họ ở đây. . .",1,,,,,,ambiguous,product_service_solicitation,review,low,,,translated_dataset_mixed_positive
data_vi:777,data_vi,,,,"Chủ đề: Có tất cả các phần mềm đồ họa, phiên bản OEM giá rẻ. chào buổi sáng, chúng tôi cung cấp các gói OEM mới nhất của tất cả phần mềm đồ họa và xuất bản từ corei, macromedia, adobe và các phần mềm khác. adobe photoshop8 giá 80$ . 0 / cs $140 macromedia studio mx 2004 $120 adobe acrobat 7 . 0 chuyên nghiệp $ 150 adobe Premier pro 1 . 5 $ 90 corei Designer 10 $ 90 quickbooks 2004 phiên bản professionalai $ 75 adobe paqemaker 7 . 0 $70 xara x vl . 1 buổi thử giọng adobe $ 75 1 . 5 $ 90 kín đáo 3",1,,,,,,ambiguous,product_service_solicitation,review,low,,,translated_dataset_mixed_positive
data_vi:779,data_vi,,,,"Chủ đề: tin nóng về cáp chúc một ngày tốt lành thưa ngài, ngài có thích xem truyền hình cáp không. v. ? ppv: thể thao, phim ảnh, kênh người lớn, hbo, rạp chiếu phim, starz, ondemand, ect. và điều tuyệt vời nhất là bạn có thể có tất cả các kênh này với sản phẩm của chúng tôi! trang web của chúng tôi: filterppv. com nếu bạn không muốn điều này nữa , hãy thêm / r vào miền trên để truy cập trang xóa của chúng tôi . liên hệ lại với bạn sau, elvin c. Simon , v projecthoneypot @ projecthoneypot . tổ ch",1,,,,,,ambiguous,product_service_solicitation,review,low,,,translated_dataset_mixed_positive
data_vi:781,data_vi,,,,"Chủ đề: tuổi thọ banner được nâng cấp lên + + có hiệu lực từ ngày 8 tháng 2 năm 2002 banner mở rộng đặc quyền chuyển đổi trên thuật ngữ optterm và potomac. chuyển đổi trên các sản phẩm này hiện có sẵn trong khoảng thời gian bảo hiểm mức bảo hiểm hoặc cho đến khi đạt đến 70 tuổi, tùy điều kiện nào đến trước. (điều này bao gồm optterm 30!) 2 thay đổi tích cực này làm cho banner life trở thành công ty dẫn đầu ngành trên thị trường thuật ngữ. nếu bạn muốn tận mắt chứng kiến ​​mức độ cạnh tranh của h",1,,,,,,ambiguous,product_service_solicitation,review,low,,,translated_dataset_mixed_positive
data_vi:783,data_vi,,,,Chủ đề: tiết kiệm tiền mua thứ này ở đây bạn chưa thử cials à? bạn thậm chí không thể tưởng tượng được cảm giác trở thành một người đàn ông thực sự trên giường là như thế nào! vấn đề là một lỗi tuyệt vời sẽ được cung cấp cho bạn một cách chính xác khi bạn muốn. cialls có nhiều ưu điểm hơn viaqra - tác dụng kéo dài 36 giờ! - bạn đã sẵn sàng bắt đầu chỉ trong vòng 10 phút! - bạn có thể trộn nó với rượu aicohol! chúng tôi gửi đến bất kỳ nước nào! có được nó ngay bây giờ! .,1,,,,,,ambiguous,commercial_offer,review,low,,,translated_dataset_mixed_positive
data_vi:784,data_vi,,,,"Chủ đề: một giải pháp thay thế cho mlm có tác dụng xin chào ! bạn nhận được lá thư này vì bạn đã bày tỏ sự quan tâm đến việc nhận thông tin về các cơ hội kinh doanh trực tuyến. nếu điều này là sai sót thì xin hãy chấp nhận lời xin lỗi chân thành nhất của tôi. đây là thư chỉ được gửi một lần nên không cần phải gỡ bỏ. nếu bạn đã bị đốt cháy, phản bội và bị đâm sau lưng bởi tiếp thị đa cấp, MLM, thì hãy đọc lá thư này. nó có thể là email quan trọng nhất từng có trong hộp thư đến của bạn . tiếp thị ",1,,,,,,ambiguous,marketing_language,review,low,,,translated_dataset_mixed_positive
data_vi:785,data_vi,,,,"Chủ đề: v. Tôi . Một . g. r. a - giá rẻ nhất bạn vẫn cảm nhận được sức mạnh? cảm giác dễ chịu đang đến gần! tăng cường khả năng cương cứng của bạn http : // buychepmeds . com / ? cid = viftxtol trân trọng, rose craig điện thoại: 111 - 428 - 9548 di động: 762 - 346 - 1987 email: uclcyhsfvposuw @ iccas. com n . v ^ r http : // buychepmeds . com / emover . php",1,,,,,,ambiguous,,review,low,,,translated_dataset_mixed_positive
data_vi:786,data_vi,,,,Tiêu đề: lại [ 15 ] : tôi sẽ cho bạn . . Những câu chuyện tình yêu của Microsoft Xbox hãy tiếp tục nhé. thực đơn . s . dịch vụ bưu chính,1,,,,,,ambiguous,product_service_solicitation,review,low,,,translated_dataset_mixed_positive
data_vi:789,data_vi,,,,Chủ đề: thông báo trạng thái gửi - những người nhận thư của bạn đã được xử lý bởi máy chủ thư: antonioacm @ zipmail. com . anh ; thất bại ; 5 . 2 . 2 (hộp thư đầy),1,,,,,,ambiguous,,review,low,,,translated_dataset_mixed_positive
data_vi:79,data_vi,,,,"Chủ đề: bạn chỉ nghĩ bạn là bạn. s . công dân ! ! 8403 zmsx 2 - 110 - 12 bạn chỉ nghĩ bạn là bạn . s . công dân ! ! nếu bạn sinh ra ở Washington d. c . , Puerto Rico , Guam , Quần đảo Virgin hoặc một số nước khác. s . chiếm hữu ; bạn đúng còn tôi sai. nhưng - - nếu bạn sinh ra ở một trong 50 bang thống nhất của Mỹ thì bạn không phải là bạn. s . công dân . đúng hơn, bạn là công dân của Idaho, Ohio, Maine, v.v. ; tình trạng liên bang nơi bạn sinh ra ! thực tế đơn giản này mang lại lợi ích nghiêm t",1,,,,,,ambiguous,,review,low,,,translated_dataset_mixed_positive
data_vi:792,data_vi,,,,"Chủ đề: tìm hiểu bí quyết đầu tư bất động sản ngay hôm nay ! bạn bè và người cố vấn cá nhân của bạn, lou vukas, bạn nhận được email này vì bạn đã yêu cầu nhận thông tin và cập nhật qua email. để hủy đăng ký , hãy trả lời email này với chủ đề "" hủy đăng ký "" hoặc chỉ cần nhấp vào liên kết sau : hủy đăng ký",1,,,,,,ambiguous,marketing_language,review,low,,,translated_dataset_mixed_positive
data_vi:793,data_vi,,,,"Chủ đề: à, bạn có cần nó không? xin chào , chào mừng bạn đến với pharmon unfavored line s lightage hop - một trong những cửa hàng dược phẩm hàng đầu trên thế giới chơi đàn organ tình cờ nghe được v lãng phí g một nền tảng sóng ngắn l calomel la r bandar ac insurrectional l i nheo mắt s matchlock và plainness um andmanyother . - sav cleancut e trên 50 % - cung cấp lpplng trên toàn thế giới - toàn bộ cơn ác mộng đáng tin cậy - hơn 5 triệu khách hàng ở 130 quốc gia chúc một ngày tốt lành!",1,,,,,,ambiguous,,review,low,,,translated_dataset_mixed_positive
data_vi:794,data_vi,,,,"Chủ đề: tài chính và cho thuê thiết bị, hãy liên hệ với chúng tôi ngay hôm nay để được tư vấn miễn phí về nhiều lựa chọn có sẵn cho công ty của bạn: chuyên gia cho thuê và cho thuê thiết bị www . . com reuben adams ra @ . com ( 800 ) 539 - 5327 ext 209 keystone Capital 2100 main st . , ste . 104 irvine, ca 92614 thư điện tử này là một quảng cáo và/hoặc chào mời.",1,,,,,,ambiguous,marketing_language,review,low,,,translated_dataset_mixed_positive
data_vi:798,data_vi,,,,"Chủ đề: chúng tôi nợ bạn rất nhiều tiền, người nộp đơn thân mến, sau khi xem xét thêm khi nhận được đơn đăng ký của bạn, khoản thế chấp hiện tại của bạn đủ điều kiện cho 4. Tỷ lệ 75. khoản thanh toán hàng tháng mới của bạn sẽ ở mức thấp nhất là $340/tháng cho khoản vay $200.000. vui lòng xác nhận thông tin của bạn để chúng tôi hoàn tất khoản vay của bạn hoặc bạn cũng có thể đăng ký một khoản vay mới. hoàn tất các bước cuối cùng bằng cách truy cập : http : / / www . wsrefi . mạng lưới / ? id = j ",1,,,,,,ambiguous,,review,low,,,translated_dataset_mixed_positive
data_vi:799,data_vi,,,,"Chủ đề: được coi là email hàng loạt không được yêu cầu từ bạn, tin nhắn của bạn tới : -> distmatu @ agrocom . com . ar được coi là e-mail số lượng lớn không được yêu cầu ( ube ). chủ đề : chỉ với cô ấy . . . return - path : việc gửi email đã bị dừng !",1,,,,,,ambiguous,,review,low,,,translated_dataset_mixed_positive
data_vi:801,data_vi,,,,Chủ đề: đọc sách cho trẻ em đã được chứng minh là giúp tăng vốn từ vựng obum * tin nhắn này được chuyển bằng phiên bản dùng thử của communigate ( tm ) pro * bỏ lỡ tất cả tin tức cuối tuần này ? có phải bạn quá bận đối xử với những người mẹ đặc biệt trong đời mình như những nữ thần không? cũng tốt cho bạn! bây giờ hãy theo liên kết để xem những gì bạn có thể đã bỏ lỡ vào cuối tuần này! bấm vào đây để xem thông báo quan trọng này đã mở cửa cho ưu đãi tuyệt vời này. chỉ cần kiểm tra nó ra. chúng tô,1,,,,,,ambiguous,marketing_language;account_verification,review,low,,,translated_dataset_mixed_positive
data_vi:803,data_vi,,,,"Chủ đề: phần mềm được bản địa hóa, có sẵn tất cả các ngôn ngữ. xin chào, chúng tôi muốn cung cấp các phiên bản phần mềm được bản địa hóa (qerman, tiếng Pháp, tiếng Tây Ban Nha, tiếng Anh và nhiều phiên bản khác). tất cả phần mềm iisted đều có sẵn để tải xuống ngay lập tức! không cần phải đợi 2 - 3 tuần để nhận được cd! chỉ một vài ví dụ: - norton lnternet security pro 2005 - $ 29. 95 - windows xp professional với phiên bản sp 2 fuii - $59 . 95 - bộ đồ họa corel draw 12 - $49 . 95 - dreamweaver m",1,,,,,,ambiguous,product_service_solicitation;urgent_security_action,review,low,,,translated_dataset_mixed_positive
data_vi:805,data_vi,,,,"Chủ đề: cải thiện cơ thể của bạn Tôi đã sử dụng sản phẩm của bạn được 4 tháng rồi. tôi đã tăng chiều dài của mình từ 2 lên gần 6. sản phẩm của bạn đã cứu đời sống tình dục của tôi. - Matt , fl Bạn gái tôi thích kết quả , nhưng cô ấy không biết tôi làm gì . cô ấy nghĩ đó là điều tự nhiên - thomas , ca làm hài lòng đối tác của bạn mọi lúc với một đơn vị lớn hơn , dài hơn , mạnh hơn thực tế sẽ nhanh chóng trở thành một người báo chí ở đây nếu vậy thì có lẽ bạn nợ sự tồn tại của mình nhờ những luật ",1,,,,,,ambiguous,product_service_solicitation,review,low,,,translated_dataset_mixed_positive
data_vi:806,data_vi,,,,"Chủ đề: dowlnoadable 70 + xxx vldeos với diễn viên khiêu dâm - x 936 chúng tôi có các bức ảnh và video hấp dẫn nhất về diễn viên khiêu dâm bên trong . hàng nghìn bức ảnh và clip mới, bao gồm cả phim của các ngôi sao khiêu dâm. xem video khiêu dâm nóng bỏng ngay bây giờ! bấm vào đây để xem http : // đen . thông tin . babyhom . thông tin / hình ảnh thú vị và video clip và phim dvd - - - - - - - - - - - - - - - bantus anther candy agnomen binge bushnell chigger xung đột âm thanh hợp tác nén có thể ",1,,,,,,ambiguous,,review,low,,,translated_dataset_mixed_positive
data_vi:807,data_vi,,,,Chủ đề: tải phần mềm bạn cần ngay bây giờ! mềm mại với mức giá cực kỳ thấp định nghĩa sâu sắc nhất về tuổi trẻ là cuộc sống chưa bị ảnh hưởng bởi bi kịch . loài người không thể chịu đựng được thực tế quá nhiều.,1,,,,,,ambiguous,product_service_solicitation,review,low,,,translated_dataset_mixed_positive
data_vi:808,data_vi,,,,"Chủ đề: bạn đã nhận được lời chào từ một thành viên trong gia đình! d > bạn vừa nhận được một tấm bưu thiếp ảo từ một thành viên trong gia đình ! . bạn có thể nhận bưu thiếp của mình tại địa chỉ web sau: . . Nếu bạn không thể bấm vào địa chỉ web trên, bạn cũng có thể truy cập 1001 bưu thiếp tại http: // www. những tấm bưu thiếp. org / bưu thiếp / và nhập mã nhận hàng của bạn , đó là : a 91 - valets - cloud - mad . (bưu thiếp của bạn sẽ có sẵn trong 60 ngày.). ồ - - và nếu bạn muốn trả lời bằng b",1,,,,,,ambiguous,,review,low,,,translated_dataset_mixed_positive
data_vi:809,data_vi,,,,"Chủ đề: phần mềm được bản địa hóa, có sẵn tất cả các ngôn ngữ. xin chào, chúng tôi muốn cung cấp các phiên bản phần mềm được bản địa hóa (qerman, tiếng Pháp, tiếng Tây Ban Nha, tiếng Anh và nhiều phiên bản khác). tất cả phần mềm được liệt kê đều có sẵn để tải xuống ngay lập tức! không cần phải đợi 2 - 3 tuần để nhận được cd! chỉ một vài bài kiểm tra : - norton lnternet security pro 2005 - $ 29 . 95 - windows xp professionalai với phiên bản sp 2 Fuli - $59 . 95 - bộ đồ họa corel draw 12 - $49 . 9",1,,,,,,ambiguous,product_service_solicitation;urgent_security_action,review,low,,,translated_dataset_mixed_positive
data_vi:81,data_vi,,,,Chủ đề: tham gia các nhóm tập trung để kiếm tiền khi tuyển dụng các nghiên cứu viên cho các nhóm tập trung trên toàn quốc. các nhóm tập trung là một cách dễ dàng để kiếm thêm tiền chỉ trong vài giờ của bạn. mỗi nhóm chỉ nhằm mục đích tìm hiểu ý kiến ​​của bạn. bạn có thể yên tâm rằng sẽ không có buổi thuyết trình bán hàng nào và bạn sẽ không bị yêu cầu mua bất cứ thứ gì. mọi thứ được đề cập sẽ được giữ bí mật tuyệt đối. các nhóm tập trung cho phép bạn bày tỏ ý kiến ​​của mình về bất kỳ chủ đề nà,1,,,,,,ambiguous,commercial_offer,review,low,,,translated_dataset_mixed_positive
data_vi:810,data_vi,,,,"Chủ đề: Có tất cả các phần mềm đồ họa, phiên bản OEM giá rẻ. chào buổi sáng, chúng tôi cung cấp các gói OEM mới nhất của tất cả các phần mềm đồ họa và Publishinq từ corel, macromedia, adobe và các phần mềm khác. adobe photoshop8 giá 80$ . 0 / cs $140 macromedia studio mx 2004 $120 adobe acrobat 7 . 0 chuyên nghiệp $ 150 adobe Premier pro 1 . 5 $90 corel thiết kế 10 $90 quickbooks 2004 phiên bản chuyên nghiệp $75 adobe paqemaker 7 . 0 $70 xara x vl . 1 buổi thử giọng adobe $ 75 1 . 5 $ 90 kín đáo",1,,,,,,ambiguous,product_service_solicitation,review,low,,,translated_dataset_mixed_positive
data_vi:811,data_vi,,,,"Chủ đề: Có tất cả các phần mềm đồ họa, phiên bản OEM giá rẻ. chào buổi sáng, chúng tôi cung cấp các gói OEM mới nhất của tất cả phần mềm đồ họa và xuất bản từ corei, macromedia, adobe và các phần mềm khác. adobe photoshop8 giá 80$ . 0 / cs $140 macromedia studio mx 2004 $120 adobe acrobat 7 . 0 chuyên nghiệp $ 150 adobe Premier pro 1 . 5 $ 90 corei Designer 10 $ 90 quickbooks 2004 phiên bản chuyên nghiệp $ 75 adobe paqemaker 7 . 0 $70 xara x vl . 1 buổi thử giọng adobe $ 75 1 . 5 $ 90 kín đáo 3 ",1,,,,,,ambiguous,product_service_solicitation,review,low,,,translated_dataset_mixed_positive
data_vi:815,data_vi,,,,"Chủ đề: Bạn muốn đưa website của mình lên các công cụ tìm kiếm nhưng chưa biết thực hiện như thế nào? việc gửi trang web của bạn lên các công cụ tìm kiếm có thể làm tăng đáng kể doanh số bán hàng trực tuyến của bạn. Nếu bạn đầu tư thời gian và tiền bạc vào trang web của mình, bạn chỉ cần gửi trang web của mình trực tuyến, nếu không nó sẽ hầu như bị vô hiệu hóa, điều đó có nghĩa là nỗ lực bỏ ra vô ích. nếu bạn muốn mọi người biết về trang web của mình và tăng doanh thu, cách duy nhất để làm điều ",1,,,,,,ambiguous,commercial_offer,review,low,,,translated_dataset_mixed_positive
data_vi:816,data_vi,,,,"Chủ đề: kiếm thêm thu nhập * * muốn kiếm một triệu đô la trong năm nay ? tôi cũng vậy nhưng có lẽ điều đó sẽ không xảy ra! tuy nhiên nếu bạn đang tìm kiếm cơ hội kiếm vài nghìn mỗi tuần khi làm việc tại nhà với máy tính, chúng ta cần nói chuyện. nếu bạn trên 18 tuổi và là cư dân Hoa Kỳ, chỉ cần nhấp vào trả lời, gửi cho tôi tên, tiểu bang, số điện thoại đầy đủ và thời gian tốt nhất để liên hệ với bạn. cá nhân tôi sẽ nói chuyện với bạn trong vòng 48 giờ. Có một ngày tuyệt vời ! hướng dẫn xóa : * ",1,,,,,,ambiguous,large_fund_bait,review,low,,,translated_dataset_mixed_positive
data_vi:82,data_vi,,,,"Chủ đề: cập nhật thông tin tài khoản của bạn thưa khách hàng của ngân hàng lasalle, bộ phận dịch vụ kỹ thuật của ngân hàng lasalle đang tiến hành nâng cấp phần mềm theo kế hoạch. chúng tôi tha thiết yêu cầu bạn truy cập liên kết sau để bắt đầu thủ tục xác nhận dữ liệu khách hàng. để bắt đầu , vui lòng nhấp vào liên kết bên dưới : hướng dẫn này đã được gửi tới tất cả khách hàng của ngân hàng và bắt buộc phải bỏ qua . cảm ơn dịch vụ hỗ trợ khách hàng của ngân hàng lasalle.",1,,,,,,ambiguous,product_service_solicitation,review,low,,,translated_dataset_mixed_positive
data_vi:821,data_vi,,,,"Chủ đề: xin chúc mừng 6 người đăng ký mới của bạn, chúng tôi đảm bảo cho bạn đăng ký miễn phí trước khi bạn phải trả một xu ! chúng tôi sẽ cho bạn xem tiền trước khi bạn rút ví ra. đăng ký miễn phí và lái thử hệ thống của chúng tôi. không có ràng buộc gì cả. không giới hạn thời gian lái thử. hệ thống của chúng tôi mạnh đến mức hệ thống đã tuyển hơn 400 người vào tuyến dưới của tôi trong tuần đầu tiên . để đăng ký miễn phí và lái thử hãy nhấp vào liên kết : sự chú ý của cả nước đối với chương trì",1,,,,,,ambiguous,,review,low,,,translated_dataset_mixed_positive
data_vi:822,data_vi,,,,Chủ đề: nhận thẻ quà tặng Home Depot trị giá 1000 USD miễn phí. yêu cầu thẻ quà tặng Home Depot của bạn - trị giá $1000 . chúng tôi chắc chắn rằng bạn có thể tìm thấy cách sử dụng thẻ quà tặng này ở khu vực của mình. ( ) . bởi độc quyền ystyxapg,1,,,,,,ambiguous,,review,low,,,translated_dataset_mixed_positive
data_vi:825,data_vi,,,,"Chủ đề: (không có chủ đề) muốn xem phim khiêu dâm hạng nặng? trang web của chúng tôi được bình chọn là trang phim trực tuyến băng thông rộng số 1 ! nhấp vào liên kết này để xem hoạt động hấp dẫn của chúng tôi : để hủy đăng ký khỏi danh sách của chúng tôi, hãy nhập email của bạn vào đây : http : / / www . ếch . com / câu lạc bộ / xóa / [ jk 9 ^ "" : } h & * tgobk 5 nkiys 5 ] http : / / xent . com / mailman / listinfo / fork",1,,,,,,ambiguous,marketing_language,review,low,,,translated_dataset_mixed_positive
data_vi:827,data_vi,,,,"Chủ đề: xin chúc mừng 6 người đăng ký mới của bạn, chúng tôi đảm bảo với bạn rằng họ sẽ đăng ký trước khi bạn phải trả một xu nào! chúng tôi sẽ cho bạn xem màu xanh lá cây trước khi bạn rút ví ra. đăng ký miễn phí và lái thử hệ thống của chúng tôi. không có ràng buộc gì cả. không giới hạn thời gian lái thử. hệ thống của chúng tôi mạnh đến mức hệ thống đã tuyển hơn 400 người vào tuyến dưới của tôi trong tuần đầu tiên . để đăng ký miễn phí và lái thử, hãy sử dụng liên kết: hãy nhớ yêu cầu thông ti",1,,,,,,ambiguous,,review,low,,,translated_dataset_mixed_positive
data_vi:828,data_vi,,,,"Chủ đề: thư bị trả lại: lỗi phản hồi thư gốc được nhận vào thứ ba, 19 tháng 7 năm 2005 11 : 57 : 45 + 0100 - - - - - các địa chỉ sau có lỗi nghiêm trọng vĩnh viễn - - - - - - - - - - bản ghi phiên theo sau - - - - - . . . trong khi nói chuyện với mailin - 02 . mx . ồ . com > > > dữ liệu < < < 554 giao dịch không thành công",1,,,,,,ambiguous,,review,low,,,translated_dataset_mixed_positive
data_vi:83,data_vi,,,,"Chủ đề: thông báo gửi cho đây là thông báo trạng thái gửi, được tạo tự động bởi mta ironmail. telesal . net vào thứ ba, 19 tháng 7, 2005 05: 01: 07 - 0600 về (các) người nhận: antonioantoniomc @ telesal. trạng thái phân phối mạng: không thành công. tin nhắn không thể gửi tới miền - telesal . mạng lưới . không thể chấp nhận người nhận. Phản hồi mta : 550 tiêu đề thư gốc được đính kèm dưới dạng tệp đính kèm .",1,,,,,,ambiguous,,review,low,,,translated_dataset_mixed_positive
data_vi:830,data_vi,,,,"Chủ đề: re : [ 3 ] đây sẽ là nỗ lực cuối cùng của chúng tôi, chúng tôi muốn nói chuyện với bạn về nhiều khả năng và chúng tôi đang chờ phản hồi của bạn ngay bây giờ ! tình trạng khoản vay hiện tại của bạn chứng nhận cho bạn tối đa 3 . Tỷ lệ thấp hơn 60%. tuy nhiên , vì những nỗ lực trước đây của chúng tôi để nói chuyện với bạn đã thất bại , đây sẽ là thông báo cuối cùng của chúng tôi về việc chốt mức giá thấp hơn cho bạn . vui lòng kết thúc bước cuối cùng này ngay khi nhận được thông báo này và ",1,,,,,,ambiguous,,review,low,,,translated_dataset_mixed_positive
data_vi:832,data_vi,,,,"Chủ đề: cửa hàng tab tình yêu mới. hãy ghé thăm cửa hàng kéo trực tuyến được cấp phép của chúng tôi để có những chiếc kéo tình yêu rẻ tiền nhất! viagra , cialis , softtabs và nhiều chất tăng cường tình yêu khác đều có trong một ! hỗ trợ hoạt động, vận chuyển nhanh chóng, xử lý thanh toán an toàn và bảo mật đối tác! bấm vào đây để tìm thấy bạn đã được bbb xác minh và được visa iove pil 1 phê duyệt!",1,,,,,,ambiguous,product_service_solicitation,review,low,,,translated_dataset_mixed_positive
data_vi:833,data_vi,,,,"Chủ đề: này! Hãy nói với bạn bè của bạn hãy liên hệ với tôi, xin chào, tôi đã tìm thấy một trang web thú vị, có rất nhiều chương trình và tất cả chúng đều có giá rất rẻ! đó là một url http : / / www . softforfast . info / và bạn có thể tải chúng xuống ngay sau khi mua! bạn sẽ không cần phải đợi 2 - 3 tuần để nhận đĩa CD. - - - - - - - - - - - - - bellum babbitt ngụ ngôn atchison",1,,,,,,ambiguous,commercial_offer,review,low,,,translated_dataset_mixed_positive
data_vi:835,data_vi,,,,"Chủ đề: kiếm thêm tiền nhanh chóng đọc xem nó thực sự đơn giản như thế nào ở đây tôi cũng hoàn toàn nghiêm túc trên msn : bắt đầu trò chuyện với musicihouse homeitry trực tuyến hẹn hò tử vi hàng ngày để ngừng nhận e-mail này hoặc thay đổi tần suất nó đến, hãy truy cập e - của bạn cài đặt thư. cần giúp đỡ ? nếu bạn quên mật khẩu, vui lòng truy cập dịch vụ thành viên hộ chiếu. nếu có câu hỏi hoặc phản hồi khác, hãy truy cập trang liên hệ với chúng tôi. nếu bạn không muốn nhận e-mail trong tương la",1,,,,,,ambiguous,product_service_solicitation;password_or_login,review,low,,,translated_dataset_mixed_positive
data_vi:836,data_vi,,,,Chủ đề: [ ilug ] sự hỗ trợ từ : col . Michael Bundu. Cộng hòa dân chủ Congo. số điện thoại: quốc tế của bạn. mã truy cập + 8821652098236 email: mikebundu @ rediffmail. com thưa ông / bà đang tìm kiếm sự giúp đỡ ngay lập tức của bạn. xin vui lòng cho phép tôi làm quen với bạn theo cách thân mật nhất. điều này là cần thiết bởi nhu cầu cấp thiết của tôi là tiếp cận một đối tác nước ngoài xứng đáng và đáng tin cậy. Yêu cầu này có vẻ kỳ lạ và không được yêu cầu nhưng tôi khao khát sự tha thứ của bạn ,1,,,,,,ambiguous,commercial_offer,review,low,,,translated_dataset_mixed_positive
data_vi:838,data_vi,,,,"Chủ đề: đó là Mariah từ dịch vụ hẹn hò, tôi là Mariah, cô gái hàng xóm. tôi đang tìm ai đó ở bên tôi. tôi đang tìm kiếm một chàng trai nóng bỏng để trò chuyện cùng. đôi khi tôi cảm thấy thực sự cô đơn. tôi đọc trên mạng và quyết định hỏi xung quanh xem có ai muốn trò chuyện trực tuyến không. nếu bạn quan tâm đến webcam của tôi để xem tôi trông như thế nào, vui lòng ghé thăm tôi. http : // Lastmansitting . com / mc 26 /",1,,,,,,ambiguous,product_service_solicitation,review,low,,,translated_dataset_mixed_positive
data_vi:839,data_vi,,,,Tiêu đề: bản án tư pháp - bản án tiền cấp dưỡng nuôi con được thám tử cấp dưỡng con lên hàng đầu. xác định lịch làm việc của bạn từ bất cứ nơi nào . các cộng sự hiện tại kiếm được từ 5.000 đến 12.000 chúng tôi mỗi tháng. lợi nhuận lớn khi xử lý các phán quyết về tiền bạc. đào tạo và hỗ trợ ấn tượng. http://n. 1 c 24 . Greatitemsweblines . com/b/thông tin chi tiết hoặc ngừng nhận hoặc xem địa chỉ của chúng tôi. nếu phe của chúng tôi thắng tôi có thể có cơ hội lấy lại một số tài sản của mình. Tất ,1,,,,,,ambiguous,,review,low,,,translated_dataset_mixed_positive
data_vi:84,data_vi,,,,Chủ đề: luật tín dụng đứng về phía bạn jm ! nhận được tín dụng hoàn hảo ngay bây giờ! tôi sẽ chỉ cho bạn cách bạn có thể nhanh chóng và dễ dàng cải thiện tín dụng của mình lên mức xếp hạng hoàn hảo! bấm vào đây ngay bây giờ để biết chi tiết đầy đủ miễn phí!,1,,,,,,ambiguous,,review,low,,,translated_dataset_mixed_positive
data_vi:841,data_vi,,,,"Chủ đề: tín dụng không phải là yếu tố mọi chuyện diễn ra như thế nào , visioson @ hpp . za . mạng lưới ? chúng tôi đã cố gắng liên hệ với bạn về tỷ lệ lãi suất thấp của bạn. bạn đã đủ điều kiện để nhận được mức giá thấp nhất trong nhiều năm. trạng thái hiện tại của bạn: $345,000 với giá $227 một tháng. tín dụng của bạn đã được xem xét/phê duyệt. vui lòng xem thông tin chi tiết của bạn tại trang web của chúng tôi dưới đây: Anyhgh. xin chào tạm biệt , anastasia labovitz edwards : . . . nhiều cuộc ",1,,,,,,ambiguous,,review,low,,,translated_dataset_mixed_positive
data_vi:845,data_vi,,,,Chủ đề: adobe + macromedia + os vv tất cả trong cd dưới $ 99 adobe + macromedia + os vv tất cả trong cd dưới $ 99 tốt hơn trượt chân hơn lưỡi . may mắn là những gì bạn còn lại sau khi bạn cống hiến 100%.,1,,,,,,ambiguous,,review,low,,,translated_dataset_mixed_positive
data_vi:846,data_vi,,,,"Chủ đề: likee a rock xin chào , chào mừng đến với phar philosophize monline sho orrery p - một trong những cửa hàng dược phẩm hàng đầu về tính đồng bộ và từ tượng thanh g ủy viên al đổ nát ll có trách nhiệm la cutglass rac phi chính trị l khó khăn là tổ tiên và cao cả um vànhiều thứ khác . - tiết kiệm tzigane hơn 50 % - đèn treo tường toàn cầu - tổng số thịt được bảo mật - hơn 5 mii khách hàng của prolocutor iion ở 130 quốc gia chúc một ngày tốt lành!",1,,,,,,ambiguous,,review,low,,,translated_dataset_mixed_positive
data_vi:848,data_vi,,,,Chủ đề: hãy trở thành một trong những người tham gia khảo sát của chúng tôi và chúng tôi sẽ gửi cho bạn một máy tính xách tay miễn phí. nhóm khảo sát máy tính cần người thực hiện khảo sát trong khu vực của bạn ngay bây giờ. chúng tôi muốn gửi cho bạn một máy tính xách tay miễn phí ngay bây giờ để giúp đỡ chúng tôi. ( ) laayaww,1,,,,,,ambiguous,,review,low,,,translated_dataset_mixed_positive
data_vi:849,data_vi,,,,Chủ đề: phụ nữ có tinh trùng trên mặt ! ! ! bấm vào đây để được gỡ bỏ,1,,,,,,ambiguous,,review,low,,,translated_dataset_mixed_positive
data_vi:850,data_vi,,,,"Chủ đề: đơn vị lớn tôi đã sử dụng sản phẩm của bạn được 4 tháng rồi. tôi đã tăng chiều dài của mình từ 2 lên gần 6. sản phẩm của bạn đã cứu đời sống tình dục của tôi. - Matt , fl Bạn gái tôi thích kết quả , nhưng cô ấy không biết tôi làm gì . cô ấy nghĩ đó là điều tự nhiên - thomas , ca làm hài lòng đối tác của bạn mọi lúc với một bộ phận lớn hơn , dài hơn , mạnh hơn thực tế sẽ nhanh chóng trở thành một điểm nhấn ở đây khi mặc bộ quần áo này bạn sẽ thấy không cần thiết phải sử dụng ống điện ngoạ",1,,,,,,ambiguous,product_service_solicitation,review,low,,,translated_dataset_mixed_positive
data_vi:851,data_vi,,,,Chủ đề: mang đến phần mềm tốt nhất. . . với giá cả hợp lý nhất! giá phần mềm tốt nhất tại sao họ không thể phát minh ra thứ gì đó để chúng ta kết hôn thay vì phụ nữ? Ah ! đồng hồ luôn chậm; nó muộn hơn bạn nghĩ.,1,,,,,,ambiguous,product_service_solicitation,review,low,,,translated_dataset_mixed_positive
data_vi:852,data_vi,,,,"Chủ đề: bạn là giấc mơ của tôi trở thành hiện thực 0 xin chào niềm hy vọng của tôi ! Tôi không chắc bạn nhận được tin nhắn này nhưng nếu bạn nhận được thì tôi muốn bạn biết rằng tôi muốn đến đất nước của bạn để làm việc trong hai tuần nữa và tôi chỉ muốn gặp đúng người. Tôi sống ở Nga và mục tiêu của tôi là rời khỏi đất nước này vì người phụ nữ trẻ xinh đẹp không thể sống ở đây. nếu bạn chưa có vợ hoặc bạn gái, chúng ta có thể thử gặp nhau được không? Tôi là Tayana, tôi 25 tuổi, vui lòng viết th",1,,,,,,ambiguous,,review,low,,,translated_dataset_mixed_positive
data_vi:853,data_vi,,,,"Chủ đề: trả lời khẩn cấp. từ bàn làm việc của : barr arisman shonikon Chambers & cộng sự số 56 b . Đường aba , port - harcourt nigeria địa chỉ email riêng (@shymail . com ) tôi chân thành xin lỗi vì đã xâm phạm quyền riêng tư của bạn, đặc biệt là khi liên hệ với bạn qua phương tiện này cho một giao dịch kinh doanh tầm cỡ này, nhưng do tính chất nghiêm trọng và khẩn cấp của nó nên nó đã trở thành cần thiết để tôi tìm kiếm sự giúp đỡ của bạn. tôi là barr. Arisman Shonikon, luật sư riêng của ông qu",1,,,,,,ambiguous,product_service_solicitation;organization_impersonation;inheritance_or_deceased,review,low,,,translated_dataset_mixed_positive
data_vi:854,data_vi,,,,Chủ đề: vấn đề đã được giải quyết làm thế nào để tiết kiệm hơn 60% chi phí cho máy phát điện medl của bạn. Cửa hàng dược phẩm cây tầm ma zmail - cách thành công và đã được chứng minh để bảo vệ Tombola và chiếc băng đô của bạn. phong phú và một phương pháp luận mềm dẻo sẽ là sợi tóc của chủ nghĩa xét lại lr welshman một giai cấp không đúng sự thật không phù hợp với sự căm ghét đối với hàng không hàng không m và nhiều thứ khác . * bes sandstorm t prlces * wor lông ldwide shlpplng * tota truyền cảm,1,,,,,,ambiguous,,review,low,,,translated_dataset_mixed_positive
data_vi:855,data_vi,,,,"Chủ đề: đang tìm việc làm mới? chuyên nghiệp . hiệu quả . Đảm bảo 100%. ghé thăm chúng tôi tại: www. ngừng kết thúc. Net Career Controls, Inc. P . ồ. box 42108 cincinnati, oh 45242 tin nhắn e-mail này là một quảng cáo và/hoặc chào mời.",1,,,,,,ambiguous,marketing_language,review,low,,,translated_dataset_mixed_positive
data_vi:858,data_vi,,,,"Chủ đề: thư chưa gửi được trả lại cho người gửi đây là chương trình postfix tại máy chủ backupmail . mittwaldmedien . de . tôi rất tiếc phải thông báo với bạn rằng tin nhắn gửi lại bên dưới không thể được gửi tới một hoặc nhiều địa điểm. để được hỗ trợ thêm, vui lòng gửi thư tới nếu bạn làm như vậy, vui lòng gửi kèm báo cáo sự cố này. bạn có thể xóa văn bản của chính mình khỏi tin nhắn được trả về bên dưới. chương trình postfix: thư lưu trữ. edv - stangl . com [ 62 . 216 . 178 . 13] đã nói: 550:",1,,,,,,ambiguous,,review,low,,,translated_dataset_mixed_positive
data_vi:86,data_vi,,,,"Chủ đề: bạn đã sẵn sàng để có được nó chưa? Xin chào ! viagra là loại thuốc số 1 giúp điều trị chứng rối loạn cương dương ở nam giới . như người ta nói đùa, nó đủ mạnh mẽ cho đàn ông nhưng lại dành cho phụ nữ; - ) orderinq viagra oniine là một cách rất thuận tiện , nhanh chóng và an toàn ! hàng triệu người làm điều đó hàng ngày để bảo vệ quyền riêng tư và lệnh chuyển tiền của họ ở đây. . .",1,,,,,,ambiguous,product_service_solicitation,review,low,,,translated_dataset_mixed_positive
data_vi:861,data_vi,,,,"Chủ đề: sự hiểu biết về phần mềm OEM gửi tình yêu về nhà bằng một album ảnh trực tuyến sự vắng mặt làm tình yêu trở nên sắc bén, sự hiện diện củng cố nó. vẽ tranh chỉ là một cách khác để ghi nhật ký.",1,,,,,,ambiguous,product_service_solicitation,review,low,,,translated_dataset_mixed_positive
data_vi:863,data_vi,,,,"Chủ đề: đừng để bị gạt ! những điều cần chú ý : đừng để bị lừa ! mánh lới quảng cáo cần chú ý : máy bơm chân không : đắt tiền hầu hết đàn ông sẽ không đợi cả năm để có được 1 "" ! ! ! ! hoặc làm đúng cách , thay vào đó họ nghĩ rằng họ càng bơm nhiều thì kết quả càng nhanh sai rồi ! một máy bơm chân không sẽ làm tổn thương dương vật của bạn trước khi nó làm dài dương vật của bạn một cách nhanh chóng và tự nhiên ! làm nó dày lên , đồng thời làm giảm cảm giác khi giao hợp và trên hết , nó tạo ra nhữ",1,,,,,,ambiguous,marketing_language,review,low,,,translated_dataset_mixed_positive
data_vi:864,data_vi,,,,Tiêu đề: kho phần mềm http://infinity. realoemsale . com / ? a = 3107,1,,,,,,ambiguous,product_service_solicitation,review,low,,,translated_dataset_mixed_positive
data_vi:865,data_vi,,,,Chủ đề: re [ 7 ] : chủ đề nói chuyện về những viên thuốc của anh ấy spu m r - the ewe an an toàn twa ph macy en st dthe es yof ar inc eyo xualdes spe umeby % reas irse ireand rmvol 500 100 uraland deeff - incon khăn wnbra % nat nosi ects tras l - kno nds . expe cethr eslon gas rien eetim geror ms wor deshi gwit hou ldwi ppin hin 24 rs t to wel wn bra % nat no si ects tras l - kno nds . expe thr es lon gas rien ee tim ger or ms wor de shi g wit hou ld wi ppin hin 24 rs sp - m ur the we and saf wa,1,,,,,,ambiguous,product_service_solicitation,review,low,,,translated_dataset_mixed_positive
data_vi:867,data_vi,,,,"Chủ đề: bạn không biết cách thu hút khách hàng vào website của mình? việc gửi trang web của bạn lên các công cụ tìm kiếm có thể làm tăng đáng kể doanh số bán hàng trực tuyến của bạn. Nếu bạn đầu tư thời gian và tiền bạc vào trang web của mình, bạn chỉ cần gửi trang web của mình trực tuyến, nếu không nó sẽ bị vô hiệu hóa, có nghĩa là nỗ lực bỏ ra vô ích. nếu bạn muốn mọi người biết về trang web của mình và tăng doanh thu, cách duy nhất để làm điều đó là làm cho trang web của bạn hiển thị ở những ",1,,,,,,ambiguous,commercial_offer,review,low,,,translated_dataset_mixed_positive
data_vi:869,data_vi,,,,"Chủ đề: công ty Fortune 500 tuyển dụng, đại diện tại nhà. cần giúp đỡ . chúng tôi là một công ty 500 năm tuổi, đang phát triển với tốc độ chóng mặt. chúng tôi đang tìm kiếm những cá nhân muốn làm việc tại nhà. đây là cơ hội để kiếm được thu nhập tuyệt vời. không cần kinh nghiệm. chúng tôi sẽ đào tạo bạn. vì vậy nếu bạn đang muốn tìm việc làm tại nhà với một nghề nghiệp có nhiều cơ hội thì hãy truy cập: http://www. basetel . com / Wealthnow chúng tôi đang tìm kiếm những người năng động và năng độ",1,,,,,,ambiguous,,review,low,,,translated_dataset_mixed_positive
data_vi:871,data_vi,,,,"Chủ đề: doanh nghiệp của bạn có phụ thuộc vào sự thành công trực tuyến của trang web của bạn không? việc gửi trang web của bạn lên các công cụ tìm kiếm có thể làm tăng đáng kể doanh số bán hàng trực tuyến của bạn. nếu bạn đầu tư thời gian và tiền bạc vào trang web của mình, bạn chỉ cần gửi trang web của mình trực tuyến nếu không nó sẽ hầu như bị vô hình, điều đó có nghĩa là nỗ lực bỏ ra vô ích. nếu bạn muốn mọi người biết về trang web của mình và tăng doanh thu, cách duy nhất để làm điều đó là l",1,,,,,,ambiguous,commercial_offer,review,low,,,translated_dataset_mixed_positive
data_vi:872,data_vi,,,,"Chủ đề: nó hoạt động rất tốt, xin chào, chào mừng bạn đến với cửa hàng medzonli moonbeam ne, chúng tôi xin hân hạnh giới thiệu mình là một trong những cửa hàng ph pandemonium armaceuticai trực tuyến đang phát triển. vành nhật hoa và thảm họa ra một tỷ lệ l đau khổ ll hình thoi lag một chamfer cl là haycock và u furiosity m và nhiều thứ khác. - tiết kiệm cho huấn luyện viên er 75 % - tổng số xác nhận xoa dịu nha khoa - dịch vụ ngữ âm trên toàn thế giới - trên 5 triệu khách hàng ở 150 quốc gia có ",1,,,,,,ambiguous,product_service_solicitation,review,low,,,translated_dataset_mixed_positive
data_vi:873,data_vi,,,,Chủ đề: phần mềm megastore http://grimaldi. mainoemstore . com / ? a = 3107,1,,,,,,ambiguous,product_service_solicitation,review,low,,,translated_dataset_mixed_positive
data_vi:874,data_vi,,,,Chủ đề: thuốc gốc theo toa tốt nhất 4 ít hơn . bây giờ người phụ nữ của bạn sẽ thực sự hạnh phúc với cuộc sống thân mật của bạn! những người chỉ trích chúng ta là bạn bè của chúng ta; họ chỉ cho chúng tôi thấy lỗi lầm của chúng tôi các phi hành gia đồng nghiệp của tôi. . . một khi họ là đàn ông. bây giờ chúng là cua đất. vẻ đẹp tàn phai; ngu ngốc là mãi mãi.,1,,,,,,ambiguous,product_service_solicitation,review,low,,,translated_dataset_mixed_positive
data_vi:875,data_vi,,,,"Chủ đề: chúng tôi đã và đang giúp hàng nghìn nam giới nâng cao khả năng sinh lý nam với những ưu đãi tốt nhất về tất cả các loại thuốc thay thế viagra và cialis chung với mức giá thấp nhất được đảm bảo, hãy để mắt đến các vì sao và đôi chân của bạn trên mặt đất. thế giới bây giờ quá nhỏ bé cho bất cứ điều gì ngoại trừ tình anh em. không ai bàn tán về những đức tính thầm kín của người khác . tôi đã học được cách dùng no như một loại vitamin.",1,,,,,,ambiguous,product_service_solicitation,review,low,,,translated_dataset_mixed_positive
data_vi:876,data_vi,,,,"Chủ đề: = ? iso-8859-1 ? q? clausura _ curso _ ni = dlos _ y _ adolescentes . ? = ngày 5 tháng 7 năm 2005 lic Monica Ramos Rodriguez . jefa de notificationas de tv 9 kênh de oaxaca la truyền hình los oaxaque?os . ước tính giấy phép : reciba un thân mật saludo và al mismo tiempo mi geekud para que un reporto y un camarografo nos haga el favorite de tomar la rese?a de la clauura del curso de "" prevencion de adicciones "" para menores oaxaque?os . bạn có muốn truyền đạt không? ngày 4 tháng 7 năm 200",1,,,,,,ambiguous,,review,low,,,translated_dataset_mixed_positive
data_vi:878,data_vi,,,,"Chủ đề: ở trung tâm doanh nghiệp của bạn! Hình ảnh công ty có thể nói lên rất nhiều điều về công ty của bạn. nhịp sống hiện đại quá năng động. đôi khi chỉ mất vài giây để công ty của bạn được nhớ đến hoặc bị bỏ xa so với các đối thủ cạnh tranh. hoàn thành ioqo, văn phòng phẩm hoặc trang web của bạn ngay bây giờ! quay vòng nhanh: bạn sẽ thấy nhiều biến thể ioqo trong ba ngày làm việc. đảm bảo sự hài lòng: chúng tôi cung cấp số lượng thay đổi không giới hạn; bạn có thể chắc chắn: nó sẽ đáp ứng nhu",1,,,,,,ambiguous,promotion_discount,review,low,,,translated_dataset_mixed_positive
data_vi:88,data_vi,,,,"Chủ đề: 00971 50 2443308 kevin liên hệ với tôi xin chào, mọi người trong gia đình bạn thế nào rồi? tôi tin rằng bạn sẽ có điều kiện tốt hơn để hợp tác với tôi do đó bạn có kiến ​​thức sâu rộng trong lĩnh vực giao dịch và đầu tư quốc tế. Tôi đang tìm kiếm một người đáng tin cậy, hiểu biết về đạo đức đầu tư để tham gia hợp tác liên doanh trong các lĩnh vực sinh lợi ở nước bạn. tên tôi là ông. luma, dù không phải tên đầy đủ của tôi, con trai của một trong những thủ lĩnh phiến quân nổi tiếng ở Sierr",1,,,,,,ambiguous,large_fund_bait,review,low,,,translated_dataset_mixed_positive
data_vi:881,data_vi,,,,"Chủ đề: thư chưa gửi được trả lại cho người gửi đây là chương trình postfix tại máy chủ correio. nhanh . com . anh . tôi rất tiếc phải thông báo với bạn rằng tin nhắn gửi lại bên dưới không thể được gửi tới một hoặc nhiều địa điểm. để được hỗ trợ thêm, vui lòng gửi thư tới nếu bạn làm như vậy, vui lòng gửi kèm báo cáo sự cố này. bạn có thể xóa văn bản của chính mình khỏi tin nhắn được trả về bên dưới. chương trình postfix : người dùng chưa biết . đầu ra lệnh: người dùng chỉ định không hợp lệ.",1,,,,,,ambiguous,,review,low,,,translated_dataset_mixed_positive
data_vi:882,data_vi,,,,"Chủ đề: thư bị trả lại: xem bản ghi để biết chi tiết thư gốc được nhận vào thứ ba, ngày 19 tháng 7 năm 2005 03 : 57 : 51 - 0700 từ [ 222 . 217 . 202 . 51 ] - - - - - các địa chỉ sau có lỗi nghiêm trọng vĩnh viễn - - - - - ( lý do: 550 - không xác định hộp thư. hoặc không có hộp thư nào liên quan đến điều này ) - - - - - bản ghi của phiên tiếp theo - - - - - . . . trong khi nói chuyện với localhost : > > > data . . . người dùng chưa biết < < < 503 5 . 5 . 1 không có người nhận",1,,,,,,ambiguous,,review,low,,,translated_dataset_mixed_positive
data_vi:885,data_vi,,,,"Chủ đề: khả năng kết nối internet vượt trội về giá cả và chất lượng của các ông lớn ! trả giá cao cho kết nối quay số. . . ! chỉ có 6$. 95 * mỗi tháng - - - > hầu hết chúng ta đều cần kết nối internet quay số vào một lúc nào đó. có thể như một bản sao lưu cho kết nối tốc độ cao hiện tại của chúng tôi. có thể khi chúng ta đi du lịch hoặc có thể để sử dụng hàng ngày . nhưng cũng giống như nhiều người trong chúng ta , việc trả từ 21 đến 31 đô la một tháng ngày càng trở nên quá nhiều . đặc biệt nếu ",1,,,,,,ambiguous,product_service_solicitation,review,low,,,translated_dataset_mixed_positive
data_vi:887,data_vi,,,,"Chủ đề: thông báo trạng thái gửi - những người nhận thư của bạn đã được xử lý bởi máy chủ thư: lucaballiano @ aliceposta. Nó ; thất bại ; 5 . 7 . 1 ( giao hàng không được ủy quyền , tin nhắn bị từ chối ) mbertozzi @ aliceposta . Nó ; thất bại ; 5 . 7 . 1 (giao hàng không được ủy quyền, tin nhắn bị từ chối)",1,,,,,,ambiguous,,review,low,,,translated_dataset_mixed_positive
data_vi:888,data_vi,,,,"Chủ đề: tiết kiệm 84% cho tín chỉ ce không có phí ẩn trên 16.000 tín chỉ trên 300 khóa học 90% các khóa học chất lượng cao dựa trên internet quyền truy cập không giới hạn, hãy hoàn thành biểu mẫu này để nhận bản demo miễn phí cho khách! tên : e - mail : điện thoại : thành phố : tiểu bang : chúng tôi không muốn bất cứ ai nhận được thư của chúng tôi mà không muốn nhận chúng . để bị xóa khỏi danh sách gửi thư này, đừng trả lời tin nhắn này. thay vào đó, hãy vào đây: http: / / www. bảo hiểmiq . com ",1,,,,,,ambiguous,marketing_language,review,low,,,translated_dataset_mixed_positive
data_vi:889,data_vi,,,,"Chủ đề: chúng tôi là một trong những nguồn pháp lý hàng đầu thế giới về phương pháp điều trị chứng bất lực ở nam giới, hướng dẫn trực tuyến của bạn trong thế giới thuốc. Phúc thay ai có thể cho mà không nhớ và nhận mà không quên. vẻ đẹp của sự vật tồn tại trong tâm trí chiêm ngưỡng chúng. đôi khi thật thú vị khi đóng vai người điên.",1,,,,,,ambiguous,product_service_solicitation,review,low,,,translated_dataset_mixed_positive
data_vi:89,data_vi,,,,"Chủ đề: thư được trả lại: máy chủ không xác định ( máy chủ tên: - - - - - - . net: không tìm thấy máy chủ ) thư ban đầu được nhận vào thứ ba, ngày 19 tháng 7 năm 2005 05 : 56 : 17 - 0500 từ yahoobb 218135092134 . bbtec . mạng [ 218 . 135 . 92 . 134 ] - - - - - các địa chỉ sau có lỗi nghiêm trọng vĩnh viễn - - - - - - - - - - bản ghi của phiên sau - - - - - 550 . . . máy chủ không xác định ( tên máy chủ : - - - - - - . net : không tìm thấy máy chủ )",1,,,,,,ambiguous,,review,low,,,translated_dataset_mixed_positive
data_vi:892,data_vi,,,,"Chủ đề: bạn không biết cách vào kết quả của công cụ tìm kiếm? việc gửi trang web của bạn lên các công cụ tìm kiếm có thể làm tăng đáng kể doanh số bán hàng trực tuyến của bạn. nếu bạn đầu tư thời gian và tiền bạc vào trang web của mình, bạn chỉ cần gửi trang web của mình trực tuyến nếu không nó sẽ bị vô hiệu hóa, điều đó có nghĩa là nỗ lực bỏ ra vô ích. Nếu bạn muốn mọi người biết về trang web của mình và tăng doanh thu, cách duy nhất để làm điều đó là làm cho trang web của bạn hiển thị ở những ",1,,,,,,ambiguous,commercial_offer,review,low,,,translated_dataset_mixed_positive
data_vi:894,data_vi,,,,"Chủ đề: proteja su negocio ! ! cctv , báo động , kiểm soát truy cập báo động cctv kiểm soát truy cập su satisfacci?n y seguridad son nuestro hiệu trưởng objetivo . ? cotizaci?n tội thỏa hiệp ! tiếp?ctenos và le atenderemos con gusto . atenci?n cá nhân : gregory taylor seguridad @ intec . com . mx 3000 - 2800 máy lẻ. 132 s?lo m?xico d . f. y ?rea đô thị",1,,,,,,ambiguous,,review,low,,,translated_dataset_mixed_positive
data_vi:895,data_vi,,,,"Chủ đề: này aro aro ; ) projecthoneypot @ projecthoneypot . org, hãy tham gia mạng lưới của tôi lúc 5 giờ! bây giờ tôi có hơn 548 người bạn trong mạng lưới của mình! bạn có thể gặp tất cả họ, cùng với hơn 12 triệu thành viên hi 5 khác! khi bạn tham gia, bạn sẽ ngay lập tức được kết nối với tất cả những người trong vòng bạn bè của tôi. hi 5 là một dịch vụ trực tuyến cho phép bạn gặp gỡ những người mới, xem ảnh, duyệt hồ sơ và trò chuyện với bạn bè. tôi sẽ gặp bạn ở bên trong, donaji đã có hơn 12 ",1,,,,,,ambiguous,product_service_solicitation,review,low,,,translated_dataset_mixed_positive
data_vi:896,data_vi,,,,"Chủ đề: chào mừng bạn đến với phần mềm chất lượng vip. os - adobe - macromedia v.v. tất cả các cd có giá dưới 15 - 99 đô la nghèo đói là vũ khí hủy diệt hàng loạt . nếu bạn có một kế hoạch dự phòng, bạn sẽ thất bại.",1,,,,,,ambiguous,product_service_solicitation,review,low,,,translated_dataset_mixed_positive
data_vi:897,data_vi,,,,Chủ đề: phần mềm rẻ tiền đang tìm kiếm phần mềm chất lượng cao rẻ tiền ? chúng tôi có thể có đúng thứ bạn cần. windows xp professional với phiên bản đầy đủ sp 2 : u$79 . 95 office 2003 professional: 89$. 95 adobe photoshop cs với imageready cs : u$99 . 95 macromedia dreamwaver mx 2004 + flash mx 2004 : u$109 . Bộ đồ họa corel draw 95 11: 59$. 95 và nhiều ưu đãi khác. . .,1,,,,,,ambiguous,product_service_solicitation,review,low,,,translated_dataset_mixed_positive
data_vi:899,data_vi,,,,"Chủ đề: chúc một ngày tốt lành bạn thân mến, tên tôi là Salim Ibrahim, một thương gia ở Dubai, Hoa Kỳ. Một . đ. Theo các chuyên gia y tế, tôi đã được chẩn đoán mắc bệnh ung thư thực quản, nó đã làm ô uế mọi phương pháp điều trị y tế, và hiện tại tôi chỉ còn sống được vài tháng nữa. Tôi đã không sống cuộc sống của mình một cách đặc biệt tốt như vậy , vì tôi chưa bao giờ thực sự quan tâm đến bất cứ ai ( kể cả bản thân mình ) ngoài công việc kinh doanh của mình . Mặc dù tôi rất giàu nhưng tôi không",1,,,,,,ambiguous,,review,low,,,translated_dataset_mixed_positive
data_vi:900,data_vi,,,,"Chủ đề: dẫn đầu về chăm sóc sức khỏe giá cả phải chăng. . . Chúng tôi quan tâm đến bạn ! nguồn đáng tin cậy của bạn cho thuốc theo toa. mọi người đều có ngày của mình và một số ngày kéo dài hơn những ngày khác. một cái chết là một bi kịch, một triệu cái chết là một thống kê. mỗi người chúng ta đều phải gánh chịu địa ngục của riêng mình. tôi đã nhìn thấy tương lai và nó không hoạt động.",1,,,,,,ambiguous,product_service_solicitation,review,low,,,translated_dataset_mixed_positive
data_vi:901,data_vi,,,,"Chủ đề: hệ thống amnis chứng khoán lớn chơi , inc . ( otcbb : amnm ) thông báo hợp đồng và bản tin khổng lồ trong tuần này cho amnm ! ! ! amnm thứ năm này sẽ được một số bản tin lớn tóm tắt. sẽ có khối lượng lớn và giá tăng mạnh trong vài ngày. đây cũng chính là những bản tin đã giới thiệu về CLks hai tuần trước. họ đã mang về clk từ 1 đô la. 50 đến 4 đô la. 35 trong mười ngày. chúng tôi biết chắc chắn rằng các nhóm tương tự sẽ lập hồ sơ amnm bắt đầu từ thứ năm. chúng tôi rất tự hào rằng chúng t",1,,,,,,ambiguous,marketing_language,review,low,,,translated_dataset_mixed_positive
data_vi:902,data_vi,,,,"Chủ đề: anh trai của bạn có cần vay chủ nhà không - bạn có tín dụng ít hơn - hoàn hảo không * chúng tôi sẽ nhanh chóng kết nối bạn với người b . nhà cung cấp est dựa trên nhu cầu của bạn. cho dù đó là khoản vay mua nhà hay khoản tái cấp vốn lãi suất thấp, chúng tôi chuyên về tín dụng * chưa hoàn hảo . chúng tôi sẽ giúp bạn có được sự đồng ý! bạn xứng đáng . e' n * o, u, g * h: http: // hình thái. loanxid . com / r . php",1,,,,,,ambiguous,commercial_offer,review,low,,,translated_dataset_mixed_positive
data_vi:909,data_vi,,,,Chủ đề: gửi thiệp chúc mừng bằng giấy thật trực tuyến ! ngày kỷ niệm sinh nhật sớm khỏe lại nghĩ về bạn xin chúc mừng sự thông cảm đính hôn chúc may mắn em bé mới nhà mới tình yêu và sự lãng mạn tình bạn nghỉ hưu tốt nghiệp cảm ơn bạn ngày lễ tình nhân ( tháng 2 ) lễ vượt qua ( tháng 4 ) lễ phục sinh ( tháng 4 ) ngày của mẹ ( tháng 5 ) ngày của cha ngày ( tháng sáu ) lễ rosh hashana ( tháng chín ) halloween ( tháng mười ) lễ tạ ơn ( tháng mười một ) giáng sinh ( tháng mười hai ) chúc mừng năm mớ,1,,,,,,ambiguous,marketing_language,review,low,,,translated_dataset_mixed_positive
data_vi:91,data_vi,,,,"Chủ đề: tôi nghĩ bạn có thể quan tâm xin chào, tôi vừa tìm thấy một trang web tên là granand. com - một nơi miễn phí và an toàn trên internet để đặt các quảng cáo rao vặt. tôi nghĩ tôi nên mời bạn xem thử. Trân trọng, walkerczesc, wlasnie znalazlam stronke w internecie graand. com - miejsce w internecie , gdzie mozesz dawac darmowe ogloszenia . pomyslalam , ze cie to zainteresuje . pozdrawiam, walker",1,,,,,,ambiguous,marketing_language,review,low,,,translated_dataset_mixed_positive
data_vi:913,data_vi,,,,"Chủ đề: [ ilug ] chủ đề giao dịch : xin vui lòng quan tâm khẩn cấp . tôi là một nhân viên nghiêm túc của một trong những chi nhánh chính của ngân hàng Citi, bộ phận ngân hàng tiêu dùng. mặc dù cho đến nay chúng tôi chưa hề có thư từ trước đó. tuy nhiên, dựa trên vị trí giá trị tiêu chuẩn của mọi thứ về bạn, tôi tin rằng chúng ta có thể thảo luận, phân tích và thực hiện giao dịch này. Giao dịch như sau: tôi là một khách hàng giàu có, một công dân Mỹ đã cư trú ở Tây Phi hàng chục năm nay, anh ta đ",1,,,,,,ambiguous,inheritance_or_deceased,review,low,,,translated_dataset_mixed_positive
data_vi:914,data_vi,,,,"Chủ đề: bạn khỏe không? này, dạo này bạn thế nào? lâu rồi không gặp .",1,,,,,,ambiguous,,review,low,,,translated_dataset_mixed_positive
data_vi:916,data_vi,,,,"Chủ đề: tìm giá thấp nhất cho viagra trực tuyến với khoản tiết kiệm lớn đối với thuốc chính hiệu. bổn phận là của chúng ta, kết quả là của Chúa. sự thiếu hiểu biết về một số chủ đề nhất định là một phần tuyệt vời của sự khôn ngoan. Kiến thức dồi dào không dạy con người trở nên khôn ngoan. mạng sống ? đừng nói với tôi về cuộc sống!",1,,,,,,ambiguous,product_service_solicitation,review,low,,,translated_dataset_mixed_positive
data_vi:917,data_vi,,,,Chủ đề: đòi nợ sau lưng - thời gian : 5 : 38 : 50 am chủ nợ có đang làm phiền bạn về khoản nợ của bạn không ? chúng tôi là một tổ chức phi lợi nhuận có thể giúp bạn giảm số tiền thanh toán hàng tháng. tư vấn của chúng tôi là miễn phí. . các cố vấn nợ của chúng tôi sẽ tìm ra một phương pháp dễ dàng và thuận tiện để giải quyết các khoản nợ của bạn mà không bị phá sản. hãy liên hệ với chúng tôi ngay bây giờ và giảm bớt gánh nặng cho tâm trí của bạn. - http://deb-freee. com / 9 tôi / ? sid = 106 ( k,1,,,,,,ambiguous,promotional_call_to_action,review,low,,,translated_dataset_mixed_positive
data_vi:919,data_vi,,,,"Chủ đề: dịch vụ medzz xin chào , chào mừng bạn đến với dự báo thời tiết của ph brevet armonline hop - một trong những cửa hàng dược phẩm oniine p underfoot hàng đầu washday v dreadnought g a lucky l leniency ll l coronach a r ban giám đốc một ngoại lệ cli thiết yếu s không tốn kém và tổng hợp um và nhiều thứ khác . - tiết kiệm hơn 50% giá trị - sự sụt giảm nghiêm trọng trên toàn thế giới - tổng số thủ lĩnh tự tin - hơn 5 triệu khách hàng tại 130 quốc gia đã có một ngày tốt lành !",1,,,,,,ambiguous,product_service_solicitation,review,low,,,translated_dataset_mixed_positive
data_vi:92,data_vi,,,,"Chủ đề: đề xuất đầu tư / hợp tác thưa ông, tôi là ông. femi olugbade, một giám đốc ngân hàng. tôi đang gửi tin nhắn này cho bạn một cách tự tin. Tôi nhờ bạn giúp đỡ trong việc chuyển một số tiền của một ông Barry Kelly (đã qua đời) mà chúng tôi không hề biết về cái chết của ông ấy cho đến khi chúng tôi không còn nhận được phản hồi thông báo thường lệ tới địa chỉ chuyển tiếp của ông ấy nữa. Tuy nhiên, chúng tôi được người chủ của anh ấy cho biết rằng anh ấy đã chết vì một vụ tai nạn ô tô. bây giờ",1,,,,,,ambiguous,inheritance_or_deceased,review,low,,,translated_dataset_mixed_positive
data_vi:920,data_vi,,,,Chủ đề: tiết kiệm tiền mua thứ này ở đây bạn chưa thử cials à? bạn thậm chí không thể tưởng tượng được cảm giác trở thành một người đàn ông thực sự trên giường là như thế nào! vấn đề là một lỗi tuyệt vời sẽ được cung cấp cho bạn một cách chính xác khi bạn muốn. cialls có nhiều ưu điểm hơn viaqra - hiệu quả kéo dài 36 giờ! - bạn đã sẵn sàng bắt đầu chỉ trong vòng 10 phút! - bạn có thể trộn nó với rượu aicohol! chúng tôi gửi đến bất kỳ nước nào! hiểu ngay bây giờ! .,1,,,,,,ambiguous,commercial_offer,review,low,,,translated_dataset_mixed_positive
data_vi:921,data_vi,,,,"Chủ đề: khởi động ham muốn ở cả nam và nữ 7893 vbvfl - 278 zkcc 8 - 17 mùa xuân xả hàng tình dục tuyệt vời trong chai dành cho nam và nữ đảm bảo khôi phục lại ham muốn ! và tăng cường niềm vui và sức khỏe! hai với giá một, loại trừ chính bạn , johnl 95615221 @ yahoo . com",1,,,,,,ambiguous,,review,low,,,translated_dataset_mixed_positive
data_vi:926,data_vi,,,,"Tiêu đề: cần đại diện doanh nghiệp nước ngoài mr. Zhongxun Zheng An Huy Guofeng ngành công nghiệp nhựa co. , ltd tian zhi đường hợp phì , anh 230088 china . trang web: www. quốc phong . com thưa ông/bà, tôi là ông. Zhongxun Zheng, giám đốc hội đồng quản trị, ngành nhựa An Huy Guofeng. chúng tôi là một công ty kinh doanh nhựa, giá đựng nến, chuông gió, khung ảnh, tấm che nắng, đèn ngủ, đèn tiffany và các đồ trang trí khác. chúng tôi xuất khẩu sang Hoa Kỳ, Canada và một phần của châu Âu. chúng tôi",1,,,,,,ambiguous,product_service_solicitation,review,low,,,translated_dataset_mixed_positive
data_vi:927,data_vi,,,,"Chủ đề: truy cập internet thị trường - không cần đầu tư truy cập internet thị trường không cần đầu tư truy cập internet cao cấp chỉ với $ 14 . 95 mỗi tháng hoặc ít hơn! kiếm được $1 cho mỗi người đăng ký mỗi tháng, hãy truy cập: http: // new. isp . 50 meg. com / 1918 bqhx 5 - 227 cpamo 598 cjwr 2 - 912 ymjg 32 l 34",1,,,,,,ambiguous,,review,low,,,translated_dataset_mixed_positive
data_vi:928,data_vi,,,,"Chủ đề: kinh doanh liên doanh có lẽ bạn đã biết, chúng tôi giúp các công ty ""lên sàn"". Chủ tịch công ty chúng tôi là một luật sư chứng khoán và doanh nghiệp. vui lòng truy cập trang web của chúng tôi để nhận thông tin về cách bất kỳ công ty nào có thể phát hành cổ phiếu ra công chúng. chúng tôi có sẵn một số báo cáo nghiên cứu về chủ đề này. nếu bạn biết một công ty có thể phù hợp với việc này, vui lòng cho chúng tôi biết. chúng tôi rất vui khi bạn được khen thưởng xứng đáng vì sự giúp đỡ của bạ",1,,,,,,ambiguous,marketing_language,review,low,,,translated_dataset_mixed_positive
data_vi:929,data_vi,,,,"Chủ đề: Julie mời bạn đến với webcam miễn phí của cô ấy, chào bạn. đó là Julie Cutey, từ dịch vụ cá nhân. tôi đã nghe tất cả về bạn và tôi chỉ muốn chào bạn thôi . tôi muốn bạn xem trang web của tôi và đọc tất cả về tôi. Giọng miền Nam của tôi sẽ khiến bạn phát cuồng khi nhìn thấy những khoảnh khắc thân mật nhất trong cuộc đời tôi. Tôi rất nóng lòng được nghe tin từ bạn, cưng à. ttys , http : // ownerboon . com / tháng 4 43 /",1,,,,,,ambiguous,product_service_solicitation,review,low,,,translated_dataset_mixed_positive
data_vi:93,data_vi,,,,"Chủ đề: sử dụng công cụ tính lãi suất tiện dụng này để nhận thông tin về tỷ giá hiện tại. yommc sử dụng công cụ tính lãi suất tiện dụng này để lấy dữ liệu về tỷ giá hiện tại mà không đưa ra bất kỳ thông tin cá nhân hoặc riêng tư nào. cái này đã được gửi cho bạn bởi một nhóm truyền thông cho Smartmortgageusa. nếu bạn có bất kỳ thắc mắc nào , bạn có thể liên hệ với sm - usa tại : Offer Up , attn : Smartmortgageusa , p . ồ. hộp 78361, san francisco, ca 94107 - 8361. nếu bạn muốn loại mình khỏi các ",1,,,,,,ambiguous,,review,low,,,translated_dataset_mixed_positive
data_vi:930,data_vi,,,,Chủ đề: nguồn thông tin sức khỏe tại nhà bạn nhớ đến cuộc ân ái tuyệt vời nhất ? muốn lặp lại? tận dụng ưu đãi của chúng tôi! sự giàu có nhất là sự giàu có của tâm hồn. lời nói không có hành động là sát thủ của chủ nghĩa lý tưởng. nguyên tắc chung không nên dựa vào những trường hợp ngoại lệ.,1,,,,,,ambiguous,,review,low,,,translated_dataset_mixed_positive
data_vi:931,data_vi,,,,"Chủ đề: điểm viagrra ! xin chào, chào mừng bạn đến với pharmonlin puritanical e s profanation hop - một trong những quán buffet hàng đầu về các cửa hàng dược phẩm oniine tàn bạo v về phía bắc g tự tử và ngột ngạt sẽ l lảo đảo a r radiolocator ac desultory l i picket sv trượt tuyết và nhiều hành tinh khác. - sav sierra e hơn 50 % - shlpp thở ra lng trên toàn thế giới - tổng số người tự tin - hơn 5 triệu người yêu thích kịch nghệ ở 130 quốc gia có một ngày tự thực hiện tốt đẹp !",1,,,,,,ambiguous,,review,low,,,translated_dataset_mixed_positive
data_vi:933,data_vi,,,,"+ CT: đôi khi, không phải luôn luôn, tôi thích ý tưởng về một cô gái. . . với một con ngựa. . . chết tiệt thật tự do! đây là điều điên rồ nhất mà tôi từng thấy! ! bạn sẽ không tin vào mắt mình. . và điều tuyệt vời nhất là được tham gia miễn phí mãi mãi! ! chỉ cần vào trang web và nhập email của bạn là xong! nhanh lên họ sẽ không làm điều này mãi mãi! ! ! tài liệu rất đồ họa - chỉ dành cho khán giả trưởng thành! bạn phải ít nhất 18 tuổi mới được vào! email này được gửi cho bạn vì địa chỉ email củ",1,,,,,,ambiguous,,review,low,,,translated_dataset_mixed_positive
data_vi:934,data_vi,,,,"Chủ đề: xác nhận kết quả đơn đăng ký tái cấp vốn [ n ] ce của bạn, chúng tôi đã cố gắng liên hệ với bạn vào tuần trước về việc tái cấp vốn cho ngôi nhà của bạn với lãi suất thấp hơn. tôi muốn thông báo cho bạn biết rằng bạn đã được phê duyệt trước. đây là kết quả : * id tài khoản : [ 933 - 327 ] * số tiền thương lượng : $ 127 , 931 đến $ 651 , 433 * tỷ lệ : 3 . 52 % - 5 . 31% vui lòng điền vào mẫu đơn nhanh này và chúng tôi sẽ cử nhân viên môi giới liên hệ với bạn trong thời gian sớm nhất. http:",1,,,,,,ambiguous,,review,low,,,translated_dataset_mixed_positive
data_vi:935,data_vi,,,,"Chủ đề: hãy đến cửa hàng của chúng tôi để biết mọi nhu cầu về đơn thuốc của bạn. 10 phút trước khi quan hệ, kéo dài 24 - 36 giờ. Những bộ óc vĩ đại có suy nghĩ giống nhau, và những kẻ ngốc hiếm khi khác nhau. mô hình sẽ được sử dụng, không được tin tưởng. nỗi đau nhẹ có thể cần đến lời khuyên . một màn hình rộng chỉ khiến một bộ phim dở tệ gấp đôi mà thôi.",1,,,,,,ambiguous,product_service_solicitation,review,low,,,translated_dataset_mixed_positive
data_vi:936,data_vi,,,,Chủ đề: kỷ nguyên mới của chăm sóc y tế trực tuyến. bây giờ bạn có thể quan hệ tình dục khi bạn muốn nhiều lần! bất cứ khi nào bạn có một chính phủ hiệu quả thì bạn có một chế độ độc tài. tôi hát đủ thể loại chỉ theo đức tin là theo một cách mù quáng.,1,,,,,,ambiguous,,review,low,,,translated_dataset_mixed_positive
data_vi:937,data_vi,,,,Chủ đề: greeat medz làm thế nào để tiết kiệm chi phí điều trị của bạn hơn 70% theo phương pháp Anh giáo. pharmsh rehouse op - thành công và đã được chứng minh là bạn đã thức tỉnh để cứu lấy mối thù phong kiến ​​của mình. ảnh hưởng đến việc phá sản và ngừng hoạt động l l sự phụ thuộc của bạn vào quầy thanh toán l powwow ra truyền hình cl cung cấp isva kim tự tháp l tiểu học và nhiều thứ khác . lces thông cảm PR tốt nhất. shlpplng trên toàn thế giới thứ bảy. dễ dàng hoặc dạng thứ tự hình elip. sự ,1,,,,,,ambiguous,commercial_offer,review,low,,,translated_dataset_mixed_positive
data_vi:938,data_vi,,,,"Chủ đề: sẵn sàng đi trong 15 phút nữa xin chào, chào mừng bạn đến với p Đạt được Harmonline Sho tiêm chủng p - một trong những cửa hàng dược phẩm oniine hàng đầu pother v bodyless g a tỷ l l aquarius l Augmentative la r người lao động ac quadrigae l sám hối isv unspent a hoài nghi um andmanyother . - sav cao su e trên 50 % - giải trí toàn cầu - nhận dạng toàn diện về trí tuệ - hơn 5 triệu khách hàng ở 13 khu vực tập trung 0 quốc gia có một ngày bình chọn vui vẻ !",1,,,,,,ambiguous,,review,low,,,translated_dataset_mixed_positive
data_vi:939,data_vi,,,,"Chủ đề: re : những người dân địa phương khó ưa trong khu vực của bạn pdi s - e - x - y những người độc thân địa phương bên trong ! Payne là một người tuyệt vọng nhưng trang điểm không khác biệt. ở đây Theseus France có thể cười khúc khích và Eastman Hecate, opera không hoàn toàn như vậy. tôi muốn ra ngoài",1,,,,,,ambiguous,,review,low,,,translated_dataset_mixed_positive
data_vi:941,data_vi,,,,"Chủ đề: hgh miễn phí - trẻ ra 10 tuổi sau 3 tuần! ! ! hmuprzd cung cấp miễn phí 30 ngày hgh 1000 : trông trẻ hơn và giảm cân sau 3 tuần ! ! ! ! như đã thấy trên nbc , cbs , cnn và oprah ! khám phá về sức khỏe thực sự làm đảo ngược quá trình lão hóa trong khi đốt cháy chất béo mà không cần ăn kiêng hay tập thể dục ! khám phá đã được chứng minh này đã được tạp chí y học New England công bố. quên đi tuổi già và ăn kiêng mãi mãi! và nó được đảm bảo! bạn có muốn giảm cân trong khi ngủ không? không ăn",1,,,,,,ambiguous,promotional_call_to_action,review,low,,,translated_dataset_mixed_positive
data_vi:942,data_vi,,,,"Chủ đề: cửa hàng tab tình yêu mới. hãy ghé thăm cửa hàng kéo trực tuyến được cấp phép của chúng tôi để có những chiếc kéo tình yêu rẻ tiền nhất! viagra, ciaiis, softtabs và nhiều chất tăng cường tình yêu khác aii trong một! hỗ trợ hoạt động, vận chuyển nhanh chóng, xử lý thanh toán an toàn và bảo mật hoàn toàn! ciick vào đây để tìm xác nhận của bạn bởi bbb và được chấp thuận bởi visa love pil 1 !",1,,,,,,ambiguous,product_service_solicitation,review,low,,,translated_dataset_mixed_positive
data_vi:943,data_vi,,,,Chủ đề: đừng trở thành kẻ ngu xuẩn. . . sử dụng phần mềm mọi người đang sử dụng. . . gửi tình yêu về nhà bằng một album ảnh trực tuyến mà chúng tôi đã bị cướp ! sao tôi có thể thua một tên ngốc như vậy được?,1,,,,,,ambiguous,product_service_solicitation,review,low,,,translated_dataset_mixed_positive
data_vi:944,data_vi,,,,"Chủ đề: thông báo báo cáo hàng quý trung tâm bảo mật gần đây chúng tôi nhận thấy một nỗ lực đăng nhập vào tài khoản paypal của bạn từ một địa chỉ IP nước ngoài và chúng tôi có lý do để tin rằng tài khoản của bạn đã bị bên thứ ba sử dụng mà không có sự cho phép của bạn. nếu gần đây bạn đã truy cập vào tài khoản của mình khi đang đi du lịch thì những nỗ lực đăng nhập bất thường có thể do bạn thực hiện. do đó, nếu bạn là chủ tài khoản hợp pháp, hãy nhấp vào liên kết bên dưới để đăng nhập vào tài kh",1,,,,,,ambiguous,password_or_login;organization_impersonation,review,low,,,translated_dataset_mixed_positive
data_vi:945,data_vi,,,,"Chủ đề: xin chào từ = seko moshood mobutu tel = 234 - 1 - 776 - 2397 bạn thân mến, tôi là con trai đầu lòng của cố mobutu sese seko, cựu tổng thống của nước cộng hòa congo. tôi hiện đang được bảo vệ ở Nigeria với tư cách là người tị nạn chính trị. tôi đã nhận được liên hệ của bạn qua internet trong quá trình tìm kiếm một người lạ có thể hợp tác với tôi trong giao dịch chung này. Tôi chọn lựa chọn này vì gia đình bạn bè và cộng sự của tôi không còn đáng tin cậy nữa vì họ đã góp phần vào tình trạn",1,,,,,,ambiguous,large_fund_bait,review,low,,,translated_dataset_mixed_positive
data_vi:946,data_vi,,,,"Chủ đề: logo độc đáo / sự công nhận của khách hàng ( 74436558 ) 140 nhóm nghệ thuật của chúng tôi tạo ra một logo tùy chỉnh cho bạn , dựa trên nhu cầu của bạn . nhiều năm kinh nghiệm đã dạy chúng tôi cách tạo một biểu tượng thể hiện tuyên ngôn độc đáo của riêng bạn . theo cách chuyên nghiệp, chúng tôi tìm hiểu về hình ảnh của bạn và cách bạn muốn thế giới nhìn nhận về bạn và công ty của bạn. với thông tin này, chúng tôi sẽ tạo ra một logo không chỉ độc đáo mà còn phản ánh mục đích của bạn và côn",1,,,,,,ambiguous,product_service_solicitation,review,low,,,translated_dataset_mixed_positive
data_vi:947,data_vi,,,,"Chủ đề: bóng chuyền tự tin hướng dẫn các cầu thủ tự tin thi đấu để thống trị cuộc thi. . . tinh thần . chiến thắng - bóng chuyền biến những cầu thủ nghi ngờ thành những đối thủ tự tin. đi đến trạng thái chiến thắng. com người chơi học cách chiến đấu thành công với những thăng trầm tự nhiên của sự bất an và nghi ngờ bản thân; họ học cách tập trung tâm trí vào việc tin tưởng vào khả năng thể chất của mình; cuối cùng , họ học được cách làm việc dưới áp lực . ? steve Knight ( tác giả ) gói ưu tiên đ",1,,,,,,ambiguous,,review,low,,,translated_dataset_mixed_positive
data_vi:950,data_vi,,,,"Chủ đề: bây giờ bạn có thể tìm hiểu những khoảnh khắc thú vị nhất của tình dục ! bạn có thể quyết định ngay bây giờ để phát triển ham muốn tình dục tương tự. [định nghĩa của gut là gì? ] ân sủng dưới áp lực . cuộc đời của mỗi người là một câu chuyện cổ tích được viết bởi bàn tay của Chúa . và bạn , đồ vũ phu !",1,,,,,,ambiguous,,review,low,,,translated_dataset_mixed_positive
data_vi:953,data_vi,,,,"Chủ đề: hơn 70 phim khiêu dâm tuyệt vời về tình dục ! tải xuống tất cả bộ sưu tập của chúng tôi! - x 646 kiêm chứng kiến ​​những thành tựu tình dục cực đoan nhất từng được tìm thấy trên mạng! chúng tôi có rất nhiều bức ảnh và video độc quyền chưa từng thấy về các diễn viên khiêu dâm yêu thích của bạn đang thực hiện chính xác những gì bạn mơ ước! bạn có nghĩ mình có đủ tố chất để đánh bại một trong những kỷ lục của chúng tôi không? chúng tôi hoan nghênh tất cả các thành viên tham gia, hãy xem liệ",1,,,,,,ambiguous,,review,low,,,translated_dataset_mixed_positive
data_vi:954,data_vi,,,,Chủ đề: hơn 70 phim khiêu dâm tuyệt vời về tình dục ! tải xuống tất cả bộ sưu tập của chúng tôi! - x 853 hãy đến khám phá studio người lớn lớn nhất thế giới ! xem tất cả những tên tuổi lớn nhất trong lĩnh vực khiêu dâm trong các bộ phim xxx hạng nặng độc quyền. Vivid có những ngôi sao khiêu dâm nóng bỏng nhất! http : // armful . biz . babylom . thông tin / - - - - - - - - - - - - - - chú thích xưởng thuyền cấu hình Connecticut khinh thường catskill Brady nữ nhà thờ Cannon corpora bahama byzantin,1,,,,,,ambiguous,,review,low,,,translated_dataset_mixed_positive
data_vi:956,data_vi,,,,Chủ đề: fw : [ 5 ] dạo này bạn thế nào rồi? tôi có tin tức rất thú vị! cuối cùng chúng tôi đã có thể tiết kiệm thêm 450 USD mỗi tháng . chúng tôi đã hoàn trả khoản thế chấp của mình với số tiền 3 . Tỷ lệ thấp hơn 75 % và việc đóng cửa diễn ra nhanh chóng ! ứng dụng này miễn phí và chúng tôi đã nhận được một số báo giá lãi suất thấp trong vòng vài ngày. Hãy truy cập liên kết này và kiểm tra nó! thời gian để tiết kiệm. nếu bạn muốn thoát khỏi ưu đãi tuyệt vời này thì đây sẽ giúp bạn làm điều đó.,1,,,,,,ambiguous,commercial_offer,review,low,,,translated_dataset_mixed_positive
data_vi:960,data_vi,,,,"Chủ đề: này anh bạn, đừng vứt bỏ miếng dán tăng kích thước dương vật có hiệu quả bằng tiền của bạn nữa nhé! ! ! http://www. siratu . com / ss / sắc đẹp có giá trị hơn vàng . vinh quang được xây dựng trên những nguyên tắc ích kỷ là sự xấu hổ và tội lỗi. chừng mực trong mọi việc. những người ném những nụ hôn là lười biếng vô vọng. chúng ta không được để những người cai trị chất lên chúng ta những khoản nợ vĩnh viễn.",1,,,,,,ambiguous,,review,low,,,translated_dataset_mixed_positive
data_vi:963,data_vi,,,,"Chủ đề: moore medz xin chào, chào mừng bạn đến với medzonline sho apiculture p, chúng tôi xin hân hạnh giới thiệu mình là một trong những cửa hàng dược phẩm trực tuyến đang phát triển. sự hoài nghi và vật kỷ niệm ra một xác chết l l Barnstormer l la oral g ac augural l cực kỳ giá trị hàng năm và nhiều thứ khác . - tiết kiệm hơn 7 không dính 5 % - tổng số khách hàng đáng tin cậy - kính thiên văn shlpp trên toàn thế giới lng - hơn 5 triệu khách hàng ở 150 quốc gia đã có một ngày tốt lành !",1,,,,,,ambiguous,,review,low,,,translated_dataset_mixed_positive
data_vi:970,data_vi,,,,"Chủ đề: tôi nghĩ bạn có thể quan tâm xin chào, tôi vừa tìm thấy một trang web tên là granand. com - một nơi miễn phí và an toàn trên internet để đặt các quảng cáo rao vặt. tôi nghĩ tôi nên mời bạn xem thử. Trân trọng, walker",1,,,,,,ambiguous,marketing_language,review,low,,,translated_dataset_mixed_positive
data_vi:971,data_vi,,,,Chủ đề: macromedia studio mx 2004 ( 1 cd ) $ 55 http : / / kỳ lạ . mainoemstore . com / ? a = 3107,1,,,,,,ambiguous,,review,low,,,translated_dataset_mixed_positive
data_vi:974,data_vi,,,,"Chủ đề: tất cả phần mềm bạn sẽ cần để kiếm tiền trực tuyến thành công ! hiểu phần mềm OEM thì không thể nói đúng ý tôi! trên hết , hãy thử cái gì đó .",1,,,,,,ambiguous,product_service_solicitation,review,low,,,translated_dataset_mixed_positive
data_vi:976,data_vi,,,,"Chủ đề: đơn đăng ký của bạn ở bên dưới. hết hạn vào ngày 27 tháng 7 Đơn xin trợ cấp của bạn ở bên dưới. Hãy nhớ rằng, vì loại trợ cấp này nên bạn sẽ không bao giờ cần phải hoàn trả! > > thời gian có hạn. bạn phải đặt hàng trước nửa đêm, thứ bảy ngày 27 tháng 7 năm 2002 để đảm bảo có một chỗ trong các chương trình này. quá nhiều người có thể đủ điều kiện tham gia chương trình này, vì vậy hãy hạn chế những người đăng ký ban đầu ở những cá nhân nghiêm túc, chân thành và trung thực nhất. nó sẽ đảm b",1,,,,,,ambiguous,commercial_offer;large_fund_bait,review,low,,,translated_dataset_mixed_positive
data_vi:98,data_vi,,,,"Chủ đề: bạn chỉ cần 15 phút để chuẩn bị cho đêm tình ái. thuốc generic ed trực tiếp từ nhà sản xuất. các vị thần thăm viếng tội lỗi của người cha đối với con cái. một số lời hứa tốt hơn hết là đừng nói, tôi là một người vô thần bẩm sinh . cuộc sống dạy chúng ta chúng ta là ai.",1,,,,,,ambiguous,product_service_solicitation,review,low,,,translated_dataset_mixed_positive
data_vi:983,data_vi,,,,Chủ đề: khảo sát toàn quốc về bánh quy oreo - giành được nguồn cung cấp quặng oreo trong một năm. khảo sát của oreo - thẻ quà tặng trị giá $50 miễn phí hoặc một năm cung cấp bánh quy oreo. upwhyvkg,1,,,,,,ambiguous,,review,low,,,translated_dataset_mixed_positive
data_vi:985,data_vi,,,,"Chủ đề: cần tìm gì đó? để được xóa khỏi danh sách này, hãy nhấp vào đây.",1,,,,,,ambiguous,promotional_call_to_action,review,low,,,translated_dataset_mixed_positive
data_vi:987,data_vi,,,,"Chủ đề: chúng tôi đã được đánh giá là hiệu thuốc trực tuyến một cửa số 1 . uống thuốc và tận hưởng tình dục tuyệt vời, phạm tội và trái đất được làm bằng thủy tinh. sự sáng tạo là sức mạnh để kết nối những thứ dường như không được kết nối. thực sự , adv . rõ ràng .",1,,,,,,ambiguous,product_service_solicitation,review,low,,,translated_dataset_mixed_positive
data_vi:988,data_vi,,,,"Chủ đề: thông báo lỗi xin chào. đây là chương trình gửi qmail qua mail. lưu trữ toàn cầu . com . tôi e rằng tôi không thể gửi tin nhắn của bạn đến các địa chỉ sau. Đây là một lỗi vĩnh viễn ; Tôi đã bỏ cuộc . xin lỗi nó đã không thành công : xin lỗi , ở đây không có hộp thư nào có tên đó . vpopmail ( #5 . 1 . 1 ) - - - kèm theo là tiêu đề gốc của thư . nội dung - loại : tin nhắn / rfc 822 return - path : đã nhận : ( qmail 93914 được gọi bởi uid 399 ) ; 19 tháng 7 năm 2005 11 : 18 : 55 - 0000 đã n",1,,,,,,ambiguous,,review,low,,,translated_dataset_mixed_positive
data_vi:99,data_vi,,,,Chủ đề: tôi có yêu cầu luật sư sử dụng hệ thống này và xóa hồ sơ cuộc gọi của tôi về các khoản thanh toán trễ đã bị ngừng hoạt động không? chúng tôi đã đi tiên phong trong một hệ thống tiên tiến gồm các chiến lược đã được chứng minh sẽ giúp các chủ nợ và người đòi nợ tránh xa bạn một cách tốt đẹp. Chương trình chấm dứt nợ của chúng tôi đã ngăn chặn việc thu hồi khoản nợ trị giá hàng triệu đô la một cách hợp pháp. hãy xem chương trình loại trừ của chúng tôi tại đây http : / / bxr . km . những món,1,,,,,,ambiguous,large_fund_bait,review,low,,,translated_dataset_mixed_positive
data_vi:990,data_vi,,,,"Chủ đề: thư bị trả lại: xem bản ghi để biết chi tiết thư gốc được nhận vào thứ ba, ngày 19 tháng 7 năm 2005 11 : 59 : 52 + 0100 từ s 3 . uklinux . mạng [ 80 . 84 . 64 . 13 ] - - - - - các địa chỉ sau có lỗi nghiêm trọng vĩnh viễn - - - - - (lý do: không thể tạo (người dùng) tệp đầu ra) - - - - - bản ghi của phiên tiếp theo - - - - - procmail: vượt quá hạn ngạch trong khi viết "" /var / spool / mail / exegesis "" 550 5 . 0 . 0 . . . không thể tạo đầu ra",1,,,,,,ambiguous,,review,low,,,translated_dataset_mixed_positive
data_vi:991,data_vi,,,,"Chủ đề: đối với thông tin của bạn, đây sẽ là thông báo tuyệt đối của chúng tôi, chúng tôi đã cố gắng liên lạc với bạn rất nhiều lần và bây giờ là lúc để phản hồi! Khoản vay mua nhà hiện tại của bạn cho phép bạn trả tới 3 . Tỷ lệ thấp hơn 60%. tuy nhiên , dựa trên thực tế là những nỗ lực trước đây của chúng tôi để liên lạc với bạn đã không thành công , đây sẽ là thông báo cuối cùng của chúng tôi để mang lại cho bạn mức giá thấp hơn . vui lòng hoàn tất bước cuối cùng này khi nhận được thông báo nà",1,,,,,,ambiguous,commercial_offer,review,low,,,translated_dataset_mixed_positive
data_vi:993,data_vi,,,,"Chủ đề: xin chào, tin vui xin chào, chào mừng bạn đến với cửa hàng dòng sản phẩm chăn nuôi medzon, chúng tôi xin hân hạnh giới thiệu mình là một trong những cửa hàng dược phẩm trực tuyến đang phát triển. lampholder v arboretum r tư vấn tất cả l hợp nhất l l sự nhanh nhẹn ag a sự hòa giải cl isv lifebelt a dorking um và nhiều thứ khác . - tiết kiệm vòng quay hơn 75 % - tổng số người tự tin conchoid - độ nổi tiếng của shlppl trên toàn thế giới - hơn 5 triệu khách hàng ở 150 quốc gia đã có một ngày",1,,,,,,ambiguous,product_service_solicitation,review,low,,,translated_dataset_mixed_positive
data_vi:994,data_vi,,,,"Chủ đề: tôi không có bất cứ điều gì chống lại bạn của chúng tôi: cbn / go / 0 xol 2/05 ngày: 21 tháng 7 năm 2005 tel: 234 - 1 - 470 - 7915 địa chỉ email: mallamyusuf @ centbanks. org người bạn tốt thân mến sau khi suy nghĩ nghiêm túc, tôi quyết định liên hệ trực tiếp và cá nhân với bạn vì tôi không có bất cứ điều gì chống lại bạn, ngoại trừ các đối tác Nigeria của bạn. tôi là giám đốc bộ phận chuyển khoản / telex của ngân hàng trung ương Nigeria, trước đây, đối tác Nigeria của bạn đã tiếp cận tô",1,,,,,,ambiguous,large_fund_bait,review,low,,,translated_dataset_mixed_positive
data_vi:995,data_vi,,,,"Chủ đề: Thưa bà, người đàn ông của bạn có làm bạn hài lòng không, mọi chuyện diễn ra vào thứ tư như thế nào? cảm giác dễ chịu đang đến gần! bấm vào ngay bây giờ và nhận thêm sức mạnh http : / / buychepmeds . com / ? cid = viftxtol lời chúc tốt đẹp nhất, lelia harrison điện thoại: 617 - 187 - 5914 di động: 433 - 121 - 3695 email: ehprsawv @ dbzmail. com r . ừm. o ^ v ^ e http : / / buychepmeds . com / emover . php",1,,,,,,ambiguous,,review,low,,,translated_dataset_mixed_positive
data_vi:100,data_vi,,,,"Chủ đề: logo công ty chất lượng cao giá cả phải chăng hình ảnh công ty có thể nói lên rất nhiều điều về công ty của bạn. nhịp sống hiện đại quá năng động. đôi khi phải mất vài giây để công ty của bạn được nhớ đến hoặc bị lạc giữa các đối thủ cạnh tranh. hoàn thiện logo, văn phòng phẩm hoặc trang web của bạn ngay bây giờ! quay vòng nhanh : bạn sẽ thấy một số biến thể loqo trong ba ngày làm việc . đảm bảo sự hài lòng: chúng tôi cung cấp số lượng thay đổi không giới hạn; bạn có thể chắc chắn: nó sẽ",1,,,,,,commercial_spam,commercial_offer;promotion_discount;product_service_solicitation,spam,medium,,,translated_dataset_mixed_positive
data_vi:1000,data_vi,,,,Chủ đề: tiết kiệm tiền mua thứ này ở đây bạn chưa thử cials à? bạn thậm chí không thể tưởng tượng được cảm giác trở thành một người đàn ông thực sự trên giường là như thế nào! vấn đề là một lỗi tuyệt vời sẽ được cung cấp cho bạn chính xác khi bạn muốn. ciiis có nhiều ưu điểm hơn viagra - tác dụng kéo dài 36 giờ! - bạn đã sẵn sàng bắt đầu chỉ trong vòng 10 phút! - bạn có thể trộn nó với rượu! chúng tôi gửi đến bất kỳ nước nào! hiểu ngay bây giờ! .,1,,,,,,commercial_spam,commercial_offer;product_service_solicitation,spam,medium,,,translated_dataset_mixed_positive
data_vi:1001,data_vi,,,,"Chủ đề: Giảm 70% bảo hiểm nhân thọ của bạn, nhận báo giá miễn phí ngay lập tức. câu hỏi: bạn có phải trả quá nhiều cho bảo hiểm nhân thọ không? rất có thể câu trả lời là có! đây là lý do tại sao . sự thật . . . khốc liệt , không có tù nhân , cuộc chiến về giá trong ngành bảo hiểm đã khiến phí bảo hiểm giảm xuống - 30 - 40 - 50 - thậm chí 70 % so với thời điểm cách đây không lâu ! đó là lý do tại sao công ty bảo hiểm của bạn không muốn bạn đọc cái này. . . họ sẽ tiếp tục thu tiền của bạn với mức ",1,,,,,,commercial_spam,commercial_offer;marketing_language;product_service_solicitation;promotional_call_to_action,spam,medium,,,translated_dataset_mixed_positive
data_vi:1003,data_vi,,,,"Chủ đề: giảm 20 pound trong 10 ngày 27540 giảm cân nhanh chóng , không cần ăn kiêng đặc biệt hay đồ ăn đắt tiền thì đừng bỏ đói bản thân ! nếu bạn cảm thấy mệt mỏi với chế độ ăn kiêng nhịn đói, quấn cơ thể, chế độ ăn kiêng theo mốt, tập thể dục mệt mỏi hoặc thôi miên để giảm cân thì bạn vừa đưa ra lựa chọn tốt nhất cho cuộc đời mình bằng cách đọc email này! chúng tôi không đùa đâu, và như bạn sẽ thấy, chúng tôi hỗ trợ điều đó bằng chính sách đảm bảo hoàn tiền trọn đời! mới ! sức mạnh cực độ cộng",1,,,,,,commercial_spam,commercial_offer;promotion_discount;marketing_language;promotional_call_to_action,spam,medium,,,translated_dataset_mixed_positive
data_vi:1005,data_vi,,,,"Chủ đề: bạn đã sẵn sàng để có được nó chưa? Xin chào ! viagra là loại thuốc số 1 giúp điều trị chứng rối loạn cương dương ở nam giới . như người ta nói đùa, nó đủ mạnh đối với đàn ông nhưng lại dành cho phụ nữ; - ) đặt mua viagra trực tuyến là một cách rất thuận tiện , nhanh chóng và an toàn ! rất nhiều người làm điều đó hàng ngày để bảo vệ quyền riêng tư và lệnh chuyển tiền của họ ở đây. . .",1,,,,,,commercial_spam,commercial_offer;product_service_solicitation,spam,medium,,,translated_dataset_mixed_positive
data_vi:1006,data_vi,,,,Chủ đề: mua phần mềm? bây giờ bằng ngôn ngữ và tiền tệ của bạn! Phần mềm Microsoft và IBM OEM chỉ để đóng gói và các phần mềm liên quan khác. cách làm Chúa cười : kể cho ngài nghe kế hoạch tương lai của bạn . trải nghiệm bao gồm việc trải nghiệm điều mà người ta không mong muốn trải nghiệm,1,,,,,,commercial_spam,commercial_offer;product_service_solicitation,spam,medium,,,translated_dataset_mixed_positive
data_vi:1007,data_vi,,,,"Chủ đề: hình ảnh ngoạn mục của công ty bạn hiện đang làm việc trên hình ảnh công ty của bạn ? bắt đầu bằng hình ảnh nhận dạng, chìa khóa tạo nên ấn tượng tốt đầu tiên. Chúng tôi đang ở đây để giúp bạn ! chúng tôi sẽ tham gia vào việc xây dựng hình ảnh tích cực về công ty của bạn bằng cách tạo ra một logo nổi bật, các mặt hàng văn phòng phẩm hiện đại và trang web chuyên nghiệp. những công cụ tiếp thị này sẽ đóng góp đáng kể vào sự thành công của doanh nghiệp bạn. hãy xem các mẫu công việc của chú",1,,,,,,commercial_spam,marketing_language;product_service_solicitation,spam,medium,,,translated_dataset_mixed_positive
data_vi:1010,data_vi,,,,"Chủ đề: tính phí 1 lần, thêm tài sản / dịch vụ của bạn không có phí thành viên hàng năm bổ sung vào hướng dẫn kỳ nghỉ của chúng tôi. Yêu cầu kỳ nghỉ của chúng tôi đã tăng lên trong khu vực của bạn. chúng tôi đang cung cấp tư cách thành viên đặc biệt này. phí thiết lập 1 lần không tính thêm phí hàng năm. tư cách thành viên của bạn bao gồm tất cả những điều này. truy cập tên người dùng và mật khẩu để chỉnh sửa văn bản và hình ảnh không giới hạn. hình ảnh 4 màu. liên kết email trực tiếp, url trang ",1,,,,,,commercial_spam,marketing_language;product_service_solicitation;password_or_login,spam,medium,,,translated_dataset_mixed_positive
data_vi:1016,data_vi,,,,"Chủ đề: hội thảo mcle bấm vào đây để được xóa khỏi danh sách email của chúng tôi. Ngày 6 - 7 tháng 7 năm 2002 chi phí : $ 795 * tổ chức tại làng hilton waikola , Hawaii đăng ký và thanh toán trước ngày 31 tháng 5 và được giảm giá 10 % ! ($ 715,50) * không bao gồm máy bay, khách sạn và các hoạt động. Phần trình bày cực kỳ nhiều thông tin và thú vị. Niềm vui cho cả gia đình . . . một lý do tuyệt vời để đi nghỉ! * * * * số giờ có sẵn có hạn * * * * giờ bao gồm 12 giờ. 5 giờ tham gia : 6 . 0 đạo đức",1,,,,,,commercial_spam,promotion_discount;bulk_distribution,spam,medium,,,translated_dataset_mixed_positive
data_vi:1019,data_vi,,,,"Chủ đề: (không có chủ đề) hãy sao chép bất kỳ phim DVD nào bằng ổ ghi CD của bạn ngay bây giờ! sao chép dvd bây giờ có thể sao chép dvd vào cd-r bằng cách sử dụng ổ ghi cd của máy tính. bây giờ bạn có thể sao chép phim DVD chỉ bằng một cú nhấp chuột. chúng tôi cung cấp phương pháp mới nhất và dễ dàng nhất giúp loại bỏ việc sử dụng các thiết bị sao chép DVD thông thường trong quá trình ghi đĩa DVD. phương pháp này sử dụng các trình trích xuất DVD tiên tiến. sao chép phim dvd sang cd-r, mã hóa dvd",1,,,,,,commercial_spam,commercial_offer;product_service_solicitation;promotional_call_to_action;financial_information_request,spam,medium,,,translated_dataset_mixed_positive
data_vi:1036,data_vi,,,,"Chủ đề: cơ sở dữ liệu mà Bill Gates không muốn bạn biết đến! ! ! ! ! thông báo quan trọng: liên quan đến tên miền của bạn * nếu bạn sở hữu tên miền . com / . mạng lưới / . org, bạn nên đăng ký . ws "" trang web "" trước khi người khác chiếm nó mãi mãi . * các tập đoàn lớn như yahoo , att & intel , đều đã đăng ký tên miền . ws "" trang web "" tên miền cho tên công ty cũng như tất cả thương hiệu của họ , để bảo vệ chúng mãi mãi . * . Các miền "" trang web "" của ws có mặt ở hơn 180 quốc gia trên toàn th",1,,,,,,commercial_spam,commercial_offer;promotion_discount;large_fund_bait,spam,medium,,,translated_dataset_mixed_positive
data_vi:1038,data_vi,,,,"Chủ đề: bộ ký tự cộng đồng thành viên của bạn = iso - 8859 - 1 cộng đồng thành viên của bạn & bình luận ( ngày 3 tháng 8 năm 2001 ) tất cả đều là về việc kiếm tiền thông tin để cung cấp cho bạn những cách tuyệt đối tốt nhất với chi phí thấp và miễn phí để cung cấp lưu lượng truy cập cho trang web của bạn , giúp bạn tận dụng sức mạnh và tiềm năng mà web mang lại cho mọi doanh nghiệp mạng. - - - số này có chứa các trang web sẽ trao đổi liên kết với bạn ! - - - - - - - - - - - - - - trong số này - ",1,,,,,,commercial_spam,commercial_offer;promotion_discount;marketing_language;product_service_solicitation;promotional_call_to_action,spam,medium,,,translated_dataset_mixed_positive
data_vi:104,data_vi,,,,"Chủ đề: re: bản tin phần mềm OEM bán mùa hè về hệ điều hành hợp pháp chúng tôi cung cấp các phiên bản OEM giá rẻ của phần mềm iar phổ biến nhất của bạn. OEM hoàn toàn hợp pháp - điều đó có nghĩa là bạn mua một bản sao đã được đăng ký, chỉ không có bao bì và sách hướng dẫn in sẵn. xin vui lòng xem các sản phẩm đặc biệt sau đây chúng tôi có : 1 . phần mềm đồ họa chỉ với giá 80$ 2 . phần mềm văn phòng chỉ với 100$3. hệ điều hành chỉ với giá 50 USD, bảng giá đầy đủ của chúng tôi có thể được tìm thấy",1,,,,,,commercial_spam,commercial_offer;marketing_language;product_service_solicitation,spam,medium,,,translated_dataset_mixed_positive
data_vi:1043,data_vi,,,,"Chủ đề: miếng dán tăng trưởng dương vật đây rồi! . . . xin chào buổi sáng tốt lành, thưa ông, hãy xem các chương trình giảm giá mà những người này đang cung cấp cho các bản vá phóng to! gói thép : 10 miếng vá reg $ 79 . 95 bây giờ là 49$. 95 ! miễn phí vận chuyển quá! gói bạc : 25 miếng dán reg $ 129 . 95, bây giờ là 99 đô la. 95 ! miễn phí vận chuyển và bao gồm hướng dẫn tập thể dục miễn phí! gói vàng : 40 bản vá reg $ 189 . 95, bây giờ là 149 USD. 95 ! miễn phí vận chuyển và bao gồm hướng dẫn ",1,,,,,,commercial_spam,promotion_discount;product_service_solicitation,spam,medium,,,translated_dataset_mixed_positive
data_vi:1046,data_vi,,,,"Chủ đề: fbi màu : 003399 ; cỡ chữ : 14 px ; phông chữ - đậm: in đậm; trang trí văn bản : không có ; } các giao dịch tuyệt vời về tài sản bị tịch thu và không có người nhận mà chính phủ đấu giá cho công chúng . ô tô từ 100 USD , bất động sản , đồ trang sức , tài sản cá nhân , đồ sưu tầm , đồ cổ và nhiều thứ khác . bấm vào đây bạn sẽ nhận được thư này vì bạn là thành viên của sendgreatoffers. com và đăng ký với tên: jm @ netnoteinc. com để hủy đăng ký hãy nhấp vào đây hoặc trả lời email này với dò",1,,,,,,commercial_spam,marketing_language;product_service_solicitation;promotional_call_to_action,spam,medium,,,translated_dataset_mixed_positive
data_vi:1049,data_vi,,,,"Chủ đề: không cần áo ngực nâng hay nâng đỡ nữa! 1903 đảm bảo sẽ tăng, nâng và làm săn chắc ngực của bạn sau 60 ngày nếu không bạn sẽ được hoàn lại tiền ! ! 100% thảo dược và thiên nhiên. công thức đã được chứng minh từ năm 1996. tăng vòng ngực của bạn lên từ 1 đến 3 cỡ trong vòng 30 - 60 ngày và hoàn toàn tự nhiên . bấm vào đây: hoàn toàn không có tác dụng phụ! tự tin hơn nhé! thoải mái hơn trên giường! không cần phải nâng hoặc nâng đỡ áo ngực nữa! Đảm bảo 100% và từ một cái tên mà bạn biết và t",1,,,,,,commercial_spam,promotional_call_to_action;bulk_distribution,spam,medium,,,translated_dataset_mixed_positive
data_vi:105,data_vi,,,,"Chủ đề: sshs. . lấy đĩa CD phần mềm giá rẻ hoặc tải xuống! tìm kiếm, so sánh và mua phần mềm kinh doanh và năng suất cũng như các sản phẩm phần mềm máy tính khác. http : // uga . 07 mx 3 hitfsopxj 0 . socagefh . com niềm đam mê trí tuệ làm cạn kiệt nhục dục. chỉ có hành động mới mang lại sức mạnh cho cuộc sống; chỉ có sự điều độ mới mang lại cho nó một sự quyến rũ.",1,,,,,,commercial_spam,commercial_offer;product_service_solicitation,spam,medium,,,translated_dataset_mixed_positive
data_vi:1050,data_vi,,,,"Chủ đề: [ ilug - social ] chúng tôi muốn giao dịch với bạn tại sao lại phải tiêu số tiền khó kiếm được của bạn? trao đổi sản phẩm hoặc dịch vụ kinh doanh của bạn, vật dụng cá nhân, đồ sưu tầm, hàng tồn kho dư thừa, phòng khách sạn, v.v. cho các mặt hàng và dịch vụ bạn cần. . . . . . . tiết kiệm tiền mặt của bạn! ! ! ! ! kỳ nghỉ , điện thoại di động , đồ sưu tầm , du lịch , vé xem thể thao , quảng cáo trên đài , tivi và báo chí , vé hòa nhạc , dịch vụ in ấn , thiết kế đồ họa , dịch vụ thư số lượn",1,,,,,,commercial_spam,commercial_offer;marketing_language;product_service_solicitation,spam,medium,,,translated_dataset_mixed_positive
data_vi:1052,data_vi,,,,"Chủ đề: giao phó nhận dạng hình ảnh của bạn cho chúng tôi khi nghĩ đến việc thổi sức sống mới vào doanh nghiệp của bạn? bắt đầu từ việc cải tiến logo mặt trước và nhận dạng trực quan của nó. chúng tôi cung cấp các thiết kế tùy chỉnh sáng tạo về logo, văn phòng phẩm và các trang web. dưới bàn tay chăm sóc của chúng tôi, những nguồn tiếp thị mạnh mẽ này cũng sẽ thổi một luồng gió mới vào hoạt động kinh doanh của bạn và khiến bạn nổi bật so với các đối thủ cạnh tranh. bạn chỉ còn cách thành công tr",1,,,,,,commercial_spam,marketing_language;product_service_solicitation,spam,medium,,,translated_dataset_mixed_positive
data_vi:1053,data_vi,,,,"Chủ đề: cd bị cấm ! cd bị cấm ! Tôi đã nhận được nhiều email nói rằng tôi đang góp phần vào ""sự suy thoái đạo đức của xã hội"" bằng cách bán đĩa CD bị cấm. có thể như vậy , nhưng tôi thực sự cảm thấy rằng bạn có quyền được hưởng lợi từ thông tin khó tìm này . vì vậy tôi đang cho bạn một cơ hội cuối cùng để đặt mua đĩa CD bị cấm! với đĩa CD mạnh mẽ này, bạn sẽ có thể điều tra về bạn bè, kẻ thù và người yêu của mình chỉ trong vài phút sử dụng Internet. bạn có thể truy tìm những người bạn cũ thời đạ",1,,,,,,commercial_spam,commercial_offer;promotion_discount;product_service_solicitation,spam,medium,,,translated_dataset_mixed_positive
data_vi:1055,data_vi,,,,"Chủ đề: công cụ tiếp thị internet & truyền thống công cụ tiếp thị internet & truyền thống tối ưu , giới thiệu "" masterdisc 2002 "" phiên bản 4 . 00 , hiện đã phát hành bộ 11 đĩa khổng lồ với hơn 145 triệu bản ghi cơ sở dữ liệu ( 18 - 20 gigabyte cơ sở dữ liệu ) để tiếp thị tới các công ty , mọi người , qua email , fax , điện thoại và địa chỉ gửi thư trên toàn thế giới ! bộ 11 đĩa hoàn chỉnh là tất cả dữ liệu tiếp thị bạn cần cho năm 2002! ! ! kiếm được lợi nhuận lớn trong năm nay! ! ! chúng tôi đ",1,,,,,,commercial_spam,commercial_offer;promotion_discount;marketing_language;product_service_solicitation,spam,medium,,,translated_dataset_mixed_positive
data_vi:1056,data_vi,,,,Chủ đề: quá nhiều hóa đơn thẻ tín dụng ! - cái này sửa cái đó! chúng tôi có thể giúp bạn . . . giảm khoản thanh toán hàng tháng của bạn lên tới 60%. giảm lãi suất thẻ tín dụng của bạn. dừng trễ hoặc vượt quá mức phí giới hạn. kết hợp các hóa đơn của bạn thành một khoản thanh toán đơn giản với chi phí thấp. cung cấp một kế hoạch thanh toán có cấu trúc. đưa tài khoản của bạn về trạng thái hiện tại. xử lý riêng tư các tài khoản của bạn. đặt một chuyên gia về nợ về phía bạn. không phải là một khoản ,1,,,,,,commercial_spam,marketing_language;product_service_solicitation;promotional_call_to_action,spam,medium,,,translated_dataset_mixed_positive
data_vi:1060,data_vi,,,,"Chủ đề: tiết kiệm nhiều hơn xin chào , chào mừng bạn đến với dược phẩm đính kèm trực tuyến sh ampoule op - một trong những cửa hàng bán lẻ dược phẩm độ bền oniine hàng đầu. - tiết kiệm hơn 50 % - dịch vụ đồng hành trên toàn thế giới - tổng số người bán tự tin - hơn 5 triệu khách hàng và mối quan hệ của 130 quốc gia có một ngày tốt lành ở Đại Tây Dương!",1,,,,,,commercial_spam,commercial_offer;product_service_solicitation,spam,medium,,,translated_dataset_mixed_positive
data_vi:1066,data_vi,,,,"Chủ đề: hơn 100 , 000 u . s . công việc có sẵn bạn đang tìm kiếm một công việc? bạn đang có kế hoạch thay đổi nghề nghiệp? công việc hiện tại của bạn có trả cho bạn ít hơn mức lương bạn xứng đáng không? Bạn có muốn biết thông tin về những người hiện đang tuyển dụng và mức giá của họ không? nếu bạn trả lời ""có"" cho bất kỳ câu hỏi nào ở trên thì việc truy cập jobgalleriescom có ​​thể giúp ích cho bạn. jobgalleriescom cho phép bạn tìm kiếm việc làm, lưu sơ yếu lý lịch và thư xin việc, nộp đơn trực ",1,,,,,,commercial_spam,promotion_discount;marketing_language;product_service_solicitation,spam,medium,,,translated_dataset_mixed_positive
data_vi:1068,data_vi,,,,"Chủ đề: tiết kiệm tiền bằng cách mua phần mềm OEM! cần phần mềm cho máy tính của bạn? chỉ cần truy cập trang web của chúng tôi, chúng tôi có thể có những gì bạn cần. . . lời chúc tốt đẹp nhất, steve",1,,,,,,commercial_spam,commercial_offer;product_service_solicitation,spam,medium,,,translated_dataset_mixed_positive
data_vi:107,data_vi,,,,"Chủ đề: sản phẩm tốt nhất cho phim DVD sao chép năm 2002 ? Đúng ! sao chép và ghi các bộ phim và video DVD của riêng bạn bằng ổ đĩa cd-r. * đặt hàng trước ngày 21 tháng 9 năm 2002 và nhận những quà tặng miễn phí sau đây ! 1 . ""Phim DVD miễn phí mà bạn chọn (giá trị $20.00) 2. Bộ tăng cường pin điện thoại di động (giá trị $19.95) sở hữu tất cả các DVD mà bạn luôn mong muốn và hãy bắt đầu đốt cháy ngay hôm nay!. bấm vào đây ngay bây giờ!",1,,,,,,commercial_spam,commercial_offer;product_service_solicitation,spam,medium,,,translated_dataset_mixed_positive
data_vi:1070,data_vi,,,,Chủ đề: tận dụng ưu đãi này 24344 sao chép bất kỳ đĩa DVD nào bằng ổ ghi cd - r ! dvd Wizard pro là phương pháp tái tạo DVD công nghệ tiên tiến nhất từng có! đừng để bị lừa bởi các trang web bay qua đêm khác cung cấp thông tin lỗi thời. gói của chúng tôi sẽ chỉ cho bạn cách sao lưu bất kỳ băng cassette dvd hoặc vhs nào bằng ổ ghi cd - r ! Chúng tôi sẽ đi xa hơn và chỉ cho bạn cách sao lưu DVD bằng cách sử dụng ổ ghi dvd-r hoặc dvd-rw. tạo các bản sao lưu có chất lượng cho các băng cassette vhs v,1,,,,,,commercial_spam,commercial_offer;marketing_language;product_service_solicitation;promotional_call_to_action,spam,medium,,,translated_dataset_mixed_positive
data_vi:1071,data_vi,,,,Chủ đề: ra khỏi thế giới này $ aving $ cho tất cả các tựa game xp pro chọn - trong email ưu đãi đặc biệt hủy đăng ký phần mềm tìm kiếm của tôi 10 tựa game mới đang được bán hàng đầu ! 1 office pro 20032 adobe photoshop 9 . 03 windows xp pro 4 adobe acrobat 7 pro 5 flash mx 20046 corel draw 127 norton Antivirus 20058 windows 2003 server 9 bí danh maya 6 wavefrtl 0 adobe illustrator 11 xem thêm của nhà sản xuất này microsoft symantec adobe Khách hàng cũng mua các mặt hàng khác này. . . Microsoft O,1,,,,,,commercial_spam,commercial_offer;promotion_discount;marketing_language;product_service_solicitation,spam,medium,,,translated_dataset_mixed_positive
data_vi:1072,data_vi,,,,"Chủ đề: ở trung tâm doanh nghiệp của bạn! Hình ảnh công ty có thể nói lên rất nhiều điều về công ty của bạn. nhịp sống hiện đại quá năng động. đôi khi chỉ mất vài giây để công ty của bạn được nhớ đến hoặc bị các đối thủ cạnh tranh đánh mất. hoàn thành ioqo, văn phòng phẩm hoặc trang web của bạn ngay bây giờ! quay vòng nhanh: bạn sẽ thấy nhiều biến thể của iogo trong ba ngày làm việc. sự hài lòng được đảm bảo: chúng tôi cung cấp số lượng thay đổi không giới hạn; bạn có thể chắc chắn: nó sẽ đáp ứn",1,,,,,,commercial_spam,commercial_offer;promotion_discount,spam,medium,,,translated_dataset_mixed_positive
data_vi:1073,data_vi,,,,"Chủ đề: vov. mua những chiếc Rolex sang trọng với mức giá tốt nhất. cắt giảm chi phí đối với tất cả các mặt hàng từ Rolex , Cartiers , Bvlgaries , Frankmullers , Harry Winstons , Breguets , Jaeger - Lecoultre , Brietilings , Tagheuers và Tudors . chúng lo 0k hoàn hảo cho cả những khách hàng khó tính nhất. bạn sẽ bị thuyết phục bởi lo 0 ks tuyệt vời của họ. không thấm nước, thân thép không gỉ, bề mặt tinh thể sapphire và các tính năng đáng yêu khác mang lại cho bạn cảm giác sang trọng tuyệt đối. ",1,,,,,,commercial_spam,commercial_offer;product_service_solicitation,spam,medium,,,translated_dataset_mixed_positive
data_vi:1074,data_vi,,,,"Chủ đề: cơ hội để có được logo mới phù hợp với hình ảnh công ty của bạn? bắt đầu bằng hình ảnh nhận dạng, chìa khóa tạo nên ấn tượng tốt đầu tiên. Chúng tôi đang ở đây để giúp bạn ! chúng tôi sẽ tham gia xây dựng hình ảnh tích cực về công ty của bạn bằng cách tạo ra một logo nổi bật, các mặt hàng văn phòng phẩm đẹp mắt và trang web chuyên nghiệp. những công cụ tiếp thị này sẽ đóng góp đáng kể vào sự thành công của doanh nghiệp bạn. hãy xem qua các mẫu sản phẩm làm việc của chúng tôi, các gói sản",1,,,,,,commercial_spam,marketing_language;product_service_solicitation,spam,medium,,,translated_dataset_mixed_positive
data_vi:1076,data_vi,,,,"Chủ đề: 200 triệu CD khách hàng tiềm năng được nhắm mục tiêu * chỉ 99 USD . 95 * bạn không thể đánh bại thỏa thuận này: cơ sở dữ liệu 200 triệu địa chỉ email, trên 2 đĩa CD! ! = = chỉ có 99$. 95==100 triệu cơ sở dữ liệu địa chỉ email, trên cd== chỉ có 69$. 95 = = 1 . 5 triệu số fax kinh doanh ở Mỹ, trên cd = = chỉ 49 USD. 95 = = cả 3 thư mục trên * * * chỉ có 139$. 95 * * * cả hai thư mục email đều được phân loại như sau: * những người điều hành doanh nghiệp tại nhà hoặc quan tâm đến việc bắt đầ",1,,,,,,commercial_spam,commercial_offer;marketing_language;product_service_solicitation;large_fund_bait,spam,medium,,,translated_dataset_mixed_positive
data_vi:1078,data_vi,,,,"Chủ đề: Gia hạn 35% trọn đời - sản phẩm cạnh tranh nhất ! đừng quên ghé thăm trang web của chúng tôi! vui lòng điền vào mẫu dưới đây để biết thông tin hợp đồng và vật tư tiếp thị tên : họ : e - mail : điện thoại : địa chỉ : địa chỉ 2 : thành phố : tiểu bang : zip : chúng tôi không muốn bất kỳ ai nhận được thư của chúng tôi nếu không muốn nhận chúng . đây là thông tin liên lạc chuyên nghiệp gửi đến các chuyên gia bảo hiểm. để bị xóa khỏi danh sách gửi thư này, đừng trả lời tin nhắn này. thay vào ",1,,,,,,commercial_spam,marketing_language;product_service_solicitation,spam,medium,,,translated_dataset_mixed_positive
data_vi:1080,data_vi,,,,"Chủ đề: nhận được nhiều đơn đặt hàng hơn cho bất cứ thứ gì bạn bán tiếp cận đại chúng qua email trực tiếp quảng cáo qua email số lượng lớn. Các chuyên gia nếu chúng tôi có thể liên hệ với bạn, bạn có thể liên hệ với họ! 500, 000. . . . . . . . . . . . . . . . . . . . . . . . . . . . . . . . $399 Mỹ 1.000.000. . . . . . . . . . . . . . . . . . . . . . . . . . . . . $699 cho chúng tôi với mức chiết khấu theo số lượng lớn để biết thêm thông tin hoặc đặt hàng, vui lòng để lại tên, số điện thoại và t",1,,,,,,commercial_spam,commercial_offer;promotion_discount;marketing_language;promotional_call_to_action,spam,medium,,,translated_dataset_mixed_positive
data_vi:1081,data_vi,,,,"Chủ đề: cả đời # 4 c 55 đây là nội dung tin nhắn kịch câm - type : multipart / alternative ; ranh giới = "" - - - - = _ phần tiếp theo _ 001 _ 0080 _ 01 bdf 6 c 7 . fabaclbo "" content-type : text / plain ; charset = "" iso - 8859 - 1 "" nội dung - chuyển - mã hóa : được trích dẫn - có thể in được * * * * * đây là tin nhắn html ! * * * * * nội dung - loại: văn bản / html; charset = "" iso - 8859 - 1 "" nội dung - chuyển - mã hóa : được trích dẫn - có thể in được ứng viên thân yêu , = ao bạn đã được ch",1,,,,,,commercial_spam,commercial_offer;marketing_language;product_service_solicitation;promotional_call_to_action,spam,medium,,,translated_dataset_mixed_positive
data_vi:1082,data_vi,,,,"Chủ đề: [ avfs ] sản xuất và xuất khẩu phần mềm Rumani sang : avfs @ fazekas . hu attn : phòng tiếp thị từ : i . q. phần mềm - bucharest ref . : Sản xuất và xuất khẩu phần mềm Rumani Chính sách công ty chống thư rác của chúng tôi : không bao giờ làm phiền bạn nữa về việc xóa địa chỉ e-mail của bạn khỏi danh sách liên hệ hiện tại, chỉ cần không trả lời tin nhắn này . nếu bạn nhận được tin nhắn này do nhầm lẫn và/hoặc bạn không quan tâm đến phần trình bày ngắn gọn sau đây, vui lòng chấp nhận lời x",1,,,,,,commercial_spam,commercial_offer;marketing_language;product_service_solicitation,spam,medium,,,translated_dataset_mixed_positive
data_vi:1084,data_vi,,,,"Chủ đề: đây là nơi tất cả bắt đầu, không nơi nào khác bạn sẽ tìm thấy mức độ chính xác, chi tiết và tiện lợi. Diễn ! bạn sẽ nhận được quyền truy cập không giới hạn vào các nhà ngoại cảm nổi tiếng thế giới của chúng tôi mà không phải trả phí theo phút! ! ! nhưng đó không phải là tất cả. . . bạn còn nhận được bài đọc tarot và rune không giới hạn , biểu đồ nhịp sinh học theo thời gian thực , báo cáo số học chuyên sâu đầy đủ , lá số tử vi chi tiết hàng ngày hàng tháng , biểu đồ ngày sinh theo thời g",1,,,,,,commercial_spam,marketing_language;product_service_solicitation;promotional_call_to_action,spam,medium,,,translated_dataset_mixed_positive
data_vi:1085,data_vi,,,,"Tiêu đề: re: thông tin tài khoản email quảng cáo tới 28.000.000 người miễn phí hành động ngay trước 6 giờ chiều giờ Thái Bình Dương vào thứ ba, ngày 28 tháng 5 và nhận được 899$ miễn phí. 00 tiền thưởng 1) giả sử bạn . . . bán một $ 24 . 95 sản phẩm hoặc dịch vụ. 2 ) giả sử bạn . . . phát email miễn phí tới 500.000 người mỗi ngày. 3 ) giả sử bạn . . . chỉ nhận được 1 đơn hàng cho mỗi 2.500 email. tính toán thu nhập của bạn dựa trên số liệu thống kê trên : [ ngày 1 ] : $ 4 , 990 [ tuần 1 ] : $ 34",1,,,,,,commercial_spam,commercial_offer;marketing_language;product_service_solicitation;bulk_distribution;large_fund_bait,spam,medium,,,translated_dataset_mixed_positive
data_vi:1089,data_vi,,,,"Chủ đề: các logo và nhận dạng tùy chỉnh từ chúng tôi đang nghĩ đến việc thổi sức sống mới vào doanh nghiệp của bạn? bắt đầu từ việc cải tiến logo mặt trước và nhận dạng trực quan của nó. chúng tôi cung cấp các thiết kế tùy chỉnh sáng tạo của logo, văn phòng phẩm và trang web. dưới bàn tay chăm sóc của chúng tôi, những công cụ tiếp thị mạnh mẽ này sẽ mang lại luồng gió mới cho doanh nghiệp của bạn và khiến bạn nổi bật giữa các đối thủ cạnh tranh. bạn chỉ còn cách thành công trong tương lai một kh",1,,,,,,commercial_spam,marketing_language;product_service_solicitation,spam,medium,,,translated_dataset_mixed_positive
data_vi:1091,data_vi,,,,"Chủ đề: medz mới làm thế nào để tiết kiệm thuốc của bạn trên 70 %. pharmsho enginehouse p - cách thành công và đã được chứng minh để cứu người dễ bị tổn thương nhất của bạn. tiêm chủng và một nhật ký g một ủ rũ l l đứng yên u khác nhau l r vô tình một hồ chứa cl tôi sơ tán sva acclivity l ngọc trai m và nhiều thứ khác. những người hàng xóm tốt nhất. thế giới cockadoodledoo rộng shlpplng. đơn hàng dễ dàng cho rm dự kiến. hoàn toàn bảo mật, yêu chuộng hoà bình. 250.000 khách hàng tự hài lòng. đặt ",1,,,,,,commercial_spam,commercial_offer;product_service_solicitation,spam,medium,,,translated_dataset_mixed_positive
data_vi:1094,data_vi,,,,"Chủ đề: giảm thiểu chi phí điện thoại của bạn hội nghị web không giới hạn, đăng ký trung tâm hội nghị web chỉ với 40 USD. 00 mỗi tháng! (kết nối tối đa 15 người tham gia cùng một lúc cộng với phí âm thanh) quản lý các cuộc họp của bạn hầu như trực tuyến, chia sẻ ứng dụng, tương thích với nhiều nền tảng (không cần phần mềm), gọi mọi lúc, mọi nơi, đến mọi nơi, sử dụng không giới hạn cho tối đa 15 người tham gia (có sẵn các nhóm lớn hơn) mức giá thấp nhất $. 18 xu mỗi phút cho chất lượng âm thanh (",1,,,,,,commercial_spam,product_service_solicitation;promotional_call_to_action,spam,medium,,,translated_dataset_mixed_positive
data_vi:1097,data_vi,,,,"Chủ đề: tất nhiên không thể cưỡng lại được danh tính công ty của bạn Thật khó để nhớ lại một công ty : thị trường tràn ngập các gợi ý và thông tin quá nhiều; nhưng một logo bắt mắt, những bức tượng có phong cách và trang web nổi bật sẽ khiến công việc trở nên dễ dàng hơn nhiều. chúng tôi không hứa rằng havinq đã đặt hàng một loqo công ty của bạn sẽ tự động trở thành công ty hàng đầu thế giới: điều chắc chắn là nếu không có sản phẩm tốt, tổ chức kinh doanh hiệu quả và mục tiêu thực tế thì thị trư",1,,,,,,commercial_spam,commercial_offer;marketing_language;product_service_solicitation,spam,medium,,,translated_dataset_mixed_positive
data_vi:1098,data_vi,,,,"Chủ đề: viagra có phải là loại thuốc phù hợp với bạn không ! chào mừng bạn đến với sự khởi đầu của đời sống tình dục bằng viagra! tiền không thể mua được hạnh phúc cho bạn, nhưng nghèo khó không thể mua được bất cứ thứ gì. chúng ta sẽ đi chơi cùng nhau hoặc chúng ta sẽ đi chơi riêng lẻ . với anh ấy rằng bạn hãy nói ra bí mật của mình, bạn sẽ từ bỏ quyền tự do của mình. Không giống như con người, máy tính sở hữu sự ngu ngốc thực sự sâu sắc của những sinh vật vô tri.",1,,,,,,commercial_spam,commercial_offer;product_service_solicitation,spam,medium,,,translated_dataset_mixed_positive
data_vi:11,data_vi,,,,Chủ đề: tiết kiệm tiền mua thứ này ở đây bạn chưa thử cials à? bạn thậm chí không thể tưởng tượng được cảm giác trở thành một người đàn ông thực sự trên giường là như thế nào! vấn đề là một lỗi tuyệt vời sẽ được cung cấp cho bạn một cách chính xác khi bạn muốn. cialis có rất nhiều ưu điểm so với viagra - tác dụng kéo dài 36 giờ! - bạn đã sẵn sàng bắt đầu chỉ trong vòng 10 phút! - bạn có thể trộn nó với aicohoi ! chúng tôi gửi đến bất kỳ nước nào! có được nó ngay bây giờ! .,1,,,,,,commercial_spam,commercial_offer;product_service_solicitation,spam,medium,,,translated_dataset_mixed_positive
data_vi:1100,data_vi,,,,"Chủ đề: thuốc thật - viagra và phentrimine ! thuốc thật - viagra và phentrimine đặt hàng trực tuyến tất cả các loại thuốc bạn yêu thích. bấm vào đây để xem viagra, phentrimine và hơn thế nữa! xóa chính bạn khỏi danh sách này bằng cách : nhập địa chỉ email của bạn bên dưới và nhấp vào xóa : hoặc trả lời thư này bằng từ xóa trong dòng chủ đề . tin nhắn này đã được gửi đến địa chỉ cypherpunks @ einstein. ssz . com pmguid : 1 dx . 2dp. fsi 52 - - - - sf này . email mạng được tài trợ bởi: thinkgeek c",1,,,,,,commercial_spam,commercial_offer;product_service_solicitation,spam,medium,,,translated_dataset_mixed_positive
data_vi:1103,data_vi,,,,"Chủ đề: Tôi muốn hướng dẫn bạn tuần này tôi đã chỉ cho 62 người cách đạt được hơn 30 lượt đăng ký / lượt đăng ký mỗi tuần. nó sẽ có giá trị bao nhiêu với bạn? để tôi tư vấn cho bạn. tôi cố vấn miễn phí. tôi sẽ chỉ cho bạn cách nhận được 100 đô la trả phí / đăng ký / đăng ký dễ dàng . ily và không tốn một xu cho điểm bình thường. chiến dịch ăn uống. tôi có thể tư vấn riêng cho bạn trên cơ sở mạnh mẽ ""từng người một"" và cung cấp cho bạn thông tin liên hệ của hàng nghìn người đã đủ tiêu chuẩn sẽ th",1,,,,,,commercial_spam,commercial_offer;marketing_language;product_service_solicitation,spam,medium,,,translated_dataset_mixed_positive
data_vi:1104,data_vi,,,,"Chủ đề: ở trung tâm doanh nghiệp của bạn! Hình ảnh công ty có thể nói lên rất nhiều điều về công ty của bạn. nhịp sống hiện đại quá năng động. đôi khi chỉ mất vài giây để công ty của bạn được nhớ đến hoặc bị các đối thủ cạnh tranh đánh mất. hoàn thành ioqo, văn phòng phẩm hoặc trang web của bạn ngay bây giờ! quay vòng nhanh: bạn sẽ thấy một số biến thể của iogo trong ba ngày làm việc. sự hài lòng được đảm bảo: chúng tôi cung cấp số lượng thay đổi không giới hạn; bạn có thể chắc chắn: nó sẽ đáp ứ",1,,,,,,commercial_spam,commercial_offer;promotion_discount,spam,medium,,,translated_dataset_mixed_positive
data_vi:1106,data_vi,,,,"Chủ đề: logo, văn phòng phẩm, thiết kế trang web và nhiều hơn thế nữa! Thật khó để nhớ được một công ty: thị trường đầy rẫy những gợi ý và thông tin tràn ngập; nhưng một logo hấp dẫn, văn phòng phẩm có phong cách và trang web nổi bật sẽ khiến công việc trở nên dễ dàng hơn nhiều. chúng tôi không hứa rằng havinq đã đặt hàng loqo công ty của bạn sẽ tự động trở thành một nhà sản xuất hàng đầu: chắc chắn rằng nếu không có sản phẩm tốt, tổ chức kinh doanh hiệu quả và mục tiêu thực tế thì nó sẽ trở nên",1,,,,,,commercial_spam,commercial_offer;marketing_language;product_service_solicitation,spam,medium,,,translated_dataset_mixed_positive
data_vi:1108,data_vi,,,,"Chủ đề: làm cho các đối thủ của bạn phải ghen tị Thật khó để nhớ ra một công ty: thị trường đầy rẫy những lời đề nghị và thông tin thì tràn ngập; nhưng một logo bắt mắt, hình tượng đẹp mắt và trang web nổi bật sẽ khiến công việc trở nên dễ dàng hơn nhiều. chúng tôi không hứa rằng havinq đã đặt hàng một logo cho công ty của bạn sẽ tự động trở thành công ty hàng đầu thế giới: chắc chắn rằng nếu không có sản phẩm chất lượng, tổ chức kinh doanh hiệu quả và mục tiêu thực tế thì nó sẽ trở nên hấp dẫn ",1,,,,,,commercial_spam,commercial_offer;marketing_language;product_service_solicitation,spam,medium,,,translated_dataset_mixed_positive
data_vi:1109,data_vi,,,,Chủ đề: bảo hiểm có kỳ hạn loại bỏ các chương trình bảo lãnh phát hành tích cực như . . . bảng 5 theo tiêu chuẩn cho các trường hợp vĩnh viễn ! điều khoản của công ty khác đối với bảo hiểm nhân thọ vĩnh viễn không có bảo lãnh y tế ! các chương trình phát hành được đơn giản hóa và đảm bảo cho các trường hợp nhiều đời ! đảm bảo trọn đời chi phí thấp! sự kiện bảo lãnh phát hành ! . . . các chuyên gia môi giới đa dạng đã kết hợp những gì tốt nhất về công nghệ và dịch vụ cá nhân kể từ năm 1946! hãy n,1,,,,,,commercial_spam,marketing_language;product_service_solicitation,spam,medium,,,translated_dataset_mixed_positive
data_vi:111,data_vi,,,,"Chủ đề: [ ilug ] re : phổ biến . biz và . com với giá chỉ 14 USD. 95 đăng ký. com, . biz và . info tên miền chỉ với 14$ . 95 tên miền mới cuối cùng đã có sẵn cho công chúng với mức giá chiết khấu . bây giờ bạn có thể đăng ký một trong những điều mới thú vị. biz hoặc . info tên miền , cũng như tên miền . com và . tên net chỉ với 14$ . 95 . Những tiện ích mở rộng tên miền hoàn toàn mới này gần đây đã được icann phê duyệt và có các quyền giống như tên miền gốc . com và . tên miền mạng . tất nhiên l",1,,,,,,commercial_spam,commercial_offer;promotion_discount;marketing_language;promotional_call_to_action,spam,medium,,,translated_dataset_mixed_positive
data_vi:1110,data_vi,,,,Chủ đề: một người ấm áp : hãy tưởng tượng ~ chào mừng những người ấm áp ~ http : / / www . những người ấm lòng. com điều tuyệt vời nhất xảy ra vào buổi sáng kể từ khi có mặt trời ! suy nghĩ buổi sáng của bạn trong ngày: nghỉ hưu ở tuổi 65 thật là nực cười. khi tôi 65 tuổi tôi vẫn còn nổi mụn. -- George đã bỏ qua thời gian nghỉ hè và các bậc phụ huynh sẽ sớm nhận được thông tin từ con cái rằng chúng đang buồn chán . Một trong những điều hối tiếc lớn nhất mà chúng tôi nghe được từ thế hệ cũ là trẻ,1,,,,,,commercial_spam,commercial_offer;marketing_language;product_service_solicitation,spam,medium,,,translated_dataset_mixed_positive
data_vi:1112,data_vi,,,,"Chủ đề: giải pháp trực quan hoàn hảo cho doanh nghiệp của bạn hiện đang làm việc trên hình ảnh công ty của bạn ? bắt đầu bằng hình ảnh nhận dạng, chìa khóa tạo nên ấn tượng tốt đầu tiên. Chúng tôi đang ở đây để giúp bạn ! chúng tôi sẽ tham gia xây dựng hình ảnh trực quan tích cực về công ty của bạn bằng cách tạo ra một hình ảnh nổi bật, các mặt hàng văn phòng phẩm đẹp mắt và trang web chuyên nghiệp. Những hoạt động tiếp thị này cũng sẽ góp phần quan trọng vào sự thành công của doanh nghiệp bạn. ",1,,,,,,commercial_spam,marketing_language;product_service_solicitation,spam,medium,,,translated_dataset_mixed_positive
data_vi:1116,data_vi,,,,"Chủ đề: tất nhiên không thể cưỡng lại được danh tính công ty của bạn Thật khó để nhớ lại một công ty : thị trường tràn ngập thông tin và thông tin tràn ngập ; nhưng một logo hấp dẫn, hình ảnh có phong cách và trang web nổi bật sẽ khiến công việc trở nên dễ dàng hơn nhiều. chúng tôi không hứa rằng sau khi đặt hàng ioqo, công ty của bạn sẽ tự động trở thành công ty dẫn đầu thế giới: rõ ràng là nếu không có sản phẩm chất lượng, tổ chức kinh doanh hiệu quả và mục tiêu thực tế thì thị trường ngày nay",1,,,,,,commercial_spam,commercial_offer;marketing_language;product_service_solicitation,spam,medium,,,translated_dataset_mixed_positive
data_vi:1117,data_vi,,,,"Chủ đề: bạn có thể muốn xem xét nguồn tài trợ từ các khoản tài trợ. . . . chính phủ trợ cấp sách điện tử ấn bản năm 2002 bạn có thể nhận được số tiền bạn cần. . . mỗi ngày hàng triệu đô la được trao cho mọi người, giống như bạn vậy! ! chính phủ của bạn chi hàng tỷ đô la thuế cho các khoản trợ cấp của chính phủ. bạn có biết rằng các quỹ tư nhân, quỹ tín thác và các tập đoàn được yêu cầu cho đi một phần tài sản của họ không. không quan trọng bạn sống ở đâu ( chỉ ở Mỹ ) , tình trạng việc làm của bạ",1,,,,,,commercial_spam,commercial_offer;promotional_call_to_action;large_fund_bait,spam,medium,,,translated_dataset_mixed_positive
data_vi:1118,data_vi,,,,"Chủ đề: các logo và nhận dạng được thiết kế chuyên nghiệp đang nghĩ đến việc thổi sức sống mới vào doanh nghiệp của bạn? bắt đầu từ việc cải tiến logo mặt trước và nhận dạng trực quan của nó. chúng tôi cung cấp thiết kế tùy chỉnh sáng tạo của ioqos, văn phòng phẩm và các trang web. dưới bàn tay cẩn thận của chúng tôi, những công cụ tiếp thị mạnh mẽ này sẽ mang lại luồng gió mới cho doanh nghiệp của bạn và khiến bạn nổi bật so với các đối thủ cạnh tranh. bạn chỉ còn cách thành công trong tương la",1,,,,,,commercial_spam,marketing_language;product_service_solicitation,spam,medium,,,translated_dataset_mixed_positive
data_vi:112,data_vi,,,,"Chủ đề: cơ sở dữ liệu mà Bill Gates không muốn bạn biết đến! ! ! ! ! nếu bạn đang gặp khó khăn với quyền truy cập ms để quản lý dữ liệu của mình , đừng lo lắng vì Bill Gates đồng ý rằng "" quyền truy cập rất khó hiểu "" . nếu bạn thấy rằng ms excel cũng phù hợp như một bảng tính nhưng không cho phép bạn tạo các ứng dụng và báo cáo tùy chỉnh với dữ liệu của mình - đừng lo lắng, vẫn có một giải pháp thay thế. tin vui là 1 triệu khách hàng đã tìm thấy một giải pháp thay thế thực sự tốt, dùng thử phần",1,,,,,,commercial_spam,product_service_solicitation;promotional_call_to_action,spam,medium,,,translated_dataset_mixed_positive
data_vi:1120,data_vi,,,,"Chủ đề: tiết kiệm tiền bằng cách mua phần mềm OEM! cần phần mềm cho máy tính của bạn? chỉ cần truy cập trang web của chúng tôi, chúng tôi có thể có những gì bạn cần. . . Trân trọng, Armandina",1,,,,,,commercial_spam,commercial_offer;product_service_solicitation,spam,medium,,,translated_dataset_mixed_positive
data_vi:1121,data_vi,,,,"Chủ đề: bộ ký tự logo hoàn hảo = koi 8 - r "" > nghĩ đến việc thổi luồng sinh khí mới vào doanh nghiệp của bạn ? bắt đầu từ việc cải tiến logo mặt trước và nhận dạng thị giác của nó. logodentity cung cấp thiết kế tùy chỉnh sáng tạo của loqos, văn phòng phẩm và trang web. dưới sự quản lý của chúng tôi hãy cẩn thận với những hoạt động tiếp thị mạnh mẽ này để mang lại một luồng gió mới cho công việc kinh doanh của bạn và khiến bạn nổi bật trước các đối thủ cạnh tranh, bạn chỉ còn cách thành công tro",1,,,,,,commercial_spam,marketing_language;product_service_solicitation;promotional_call_to_action,spam,medium,,,translated_dataset_mixed_positive
data_vi:1124,data_vi,,,,"Chủ đề: bộ ký tự logo hoàn hảo = koi 8 - r "" > nghĩ đến việc thổi luồng sinh khí mới vào doanh nghiệp của bạn ? bắt đầu từ việc cải tiến logo mặt trước và nhận dạng thị giác của nó. logodentity cung cấp thiết kế tùy chỉnh sáng tạo cho loqos, văn phòng phẩm và các trang web. dưới sự quản lý của chúng tôi carefui bàn giao những công cụ tiếp thị mạnh mẽ này sẽ mang lại luồng gió mới cho doanh nghiệp của bạn và khiến bạn nổi bật giữa các đối thủ cạnh tranh, bạn chỉ cần nhấp chuột là có thể đạt được ",1,,,,,,commercial_spam,marketing_language;product_service_solicitation,spam,medium,,,translated_dataset_mixed_positive
data_vi:1125,data_vi,,,,Chủ đề: đơn thuốc trực tuyến giá cả phải chăng ở đây caucasus brenda pontific xác định đơn thuốc của bạn ngay lập tức ! chúng tôi có tất cả máy tính bảng mà bạn có thể cần! tất cả các nhu cầu của bạn trong một cửa hàng! ngừng nhận tài liệu quảng cáo ngay bây giờ cathode có hại rung chuyển đồng thời,1,,,,,,commercial_spam,marketing_language;product_service_solicitation,spam,medium,,,translated_dataset_mixed_positive
data_vi:1126,data_vi,,,,"Chủ đề: nguồn cấp tin tức trên internet dành cho các giám đốc điều hành dfvht cuối cùng, một nguồn cấp tin tức cung cấp các bài báo về bán hàng, tiếp thị và quảng cáo hiện tại và có liên quan từ các tạp chí như kinh doanh 2. 0 , Fast company , tiếp thị công nghệ , Wired , PC World , Asia Street Intelligence , Inc , Bank Technology . . . cỡ chữ tất cả trong một vị trí: 16 px; màu sắc : # 000066 "" > dễ đọc . dễ sử dụng . dễ dàng tiết kiệm thời gian của bạn . cung cấp thư mục web toàn diện nhất trê",1,,,,,,commercial_spam,commercial_offer;marketing_language,spam,medium,,,translated_dataset_mixed_positive
data_vi:1128,data_vi,,,,"Chủ đề: tiết kiệm tiền bằng cách mua phần mềm OEM! cần phần mềm cho máy tính của bạn? chỉ cần truy cập trang web của chúng tôi, chúng tôi có thể có những gì bạn cần. . . Trân trọng, ardith",1,,,,,,commercial_spam,commercial_offer;product_service_solicitation,spam,medium,,,translated_dataset_mixed_positive
data_vi:113,data_vi,,,,Chủ đề: thuốc gốc theo toa tốt nhất 4 ít hơn . tiết kiệm tới 90% trên giá bán lẻ! đừng bao giờ đánh giá một cuốn sách bằng bộ phim của nó. Chẳng phải mọi sự cuối cùng sẽ bị cái chết nuốt chửng sao? Thời điểm sửa mái nhà là khi trời đang nắng.,1,,,,,,commercial_spam,commercial_offer;product_service_solicitation,spam,medium,,,translated_dataset_mixed_positive
data_vi:1131,data_vi,,,,"Chủ đề: gửi thư không thành công: trả lại thư cho người gửi thư này được tạo tự động bởi phần mềm gửi thư ( exim ). tin nhắn bạn đã gửi không thể gửi tới một hoặc nhiều người nhận. Đây là một lỗi vĩnh viễn . địa chỉ sau ( es ) không thành công : info @ markenweine . thông tin lỗi smtp từ người gửi thư từ xa sau RCpt tới : : Host a . mx . markenweine . thông tin [ 194 . 180 . 104 . 146]: 554: truy cập chuyển tiếp bị từ chối - - - - - - đây là bản sao của tin nhắn, bao gồm tất cả các tiêu đề. - - ",1,,,,,,commercial_spam,commercial_offer;marketing_language;product_service_solicitation,spam,medium,,,translated_dataset_mixed_positive
data_vi:1132,data_vi,,,,"Chủ đề: bất kỳ loại thuốc nào để cô gái của bạn được hạnh phúc ! cô gái của bạn không hài lòng với tiềm năng của bạn? đừng đợi cho đến khi cô ấy tìm được người đàn ông khác! bấm vào đây để chọn từ rất nhiều tình yêu có hương vị t @ bs ! giá tốt nhất, giao hàng nhanh và hiệu quả được kiểm dịch! ở đây bạn mua nó từ kho! cửa hàng đã được bbb xác nhận và được vlsa phê duyệt!",1,,,,,,commercial_spam,commercial_offer;product_service_solicitation,spam,medium,,,translated_dataset_mixed_positive
data_vi:1139,data_vi,,,,"Chủ đề: bạn có thể giành được một suất trang điểm phòng ngủ cực chất trị giá 50 k ! giành chiến thắng trong một cuộc lột xác phòng ngủ cực đỉnh. giành cơ hội sửa sang lại hoàn toàn với đồ nội thất hoàn toàn mới và các phụ kiện hàng đầu! nhận sản phẩm từ sony ( r ) , panasonic ( r ) , samsung ( r ) , macy's ( r ) và đồ nội thất . com ( r ) bonus - hãy tham gia ngay hôm nay và giành được một phòng tắm chính cổ điển hoặc tạo ra ốc đảo phòng tắm tùy chỉnh trong mơ của bạn . . . chọn ngói , thiết bị ",1,,,,,,commercial_spam,commercial_offer;product_service_solicitation,spam,medium,,,translated_dataset_mixed_positive
data_vi:114,data_vi,,,,Chủ đề: mua viagra trực tuyến ! đó là cách tốt nhất để bạn mua thuốc. bảo mật - chúng tôi cung cấp nhiều sự đảm bảo cho người tiêu dùng hơn bất kỳ trang web nào khác. Độ tuổi cũng là cơ hội không kém gì chính tuổi trẻ . tôi bắt đầu có những suy nghĩ đẫm máu. Hãy tha thứ cho kẻ thù của bạn nhưng đừng bao giờ quên tên của họ .,1,,,,,,commercial_spam,commercial_offer;product_service_solicitation,spam,medium,,,translated_dataset_mixed_positive
data_vi:1142,data_vi,,,,"Chủ đề: http://www. phạm lỗi . com xin chào, tôi đã ghé thăm www. phạm lỗi . com và nhận thấy rằng trang web của bạn không được liệt kê trên một số công cụ tìm kiếm. tôi chắc chắn rằng thông qua dịch vụ của chúng tôi số lượng người truy cập trang web của bạn chắc chắn sẽ tăng lên. seekercenter là một công nghệ độc đáo giúp gửi trang web của bạn ngay lập tức tới hơn 500.000 công cụ tìm kiếm và thư mục - - một cách thực sự hiệu quả và chi phí thấp để quảng cáo trang web của bạn. để biết thêm chi t",1,,,,,,commercial_spam,commercial_offer;marketing_language;product_service_solicitation,spam,medium,,,translated_dataset_mixed_positive
data_vi:1149,data_vi,,,,"Chủ đề: bạn đã thắng! số xác nhận 567842 bạn nhận được email này với tư cách là người đăng ký danh sách gửi thư của dealsuwant. để xóa chính bạn khỏi danh sách email này và các danh sách email liên quan hãy nhấp vào đây : hủy đăng ký email của tôi theo dự luật ( s ) 1618 tiêu đề iii của Quốc hội Hoa Kỳ lần thứ 105 , theo mục 301 , đoạn ( a ) ( 2 ) của s . 1618 , một lá thư không thể bị coi là thư rác nếu người gửi cung cấp thông tin liên hệ và phương pháp xóa .",1,,,,,,commercial_spam,marketing_language;promotional_call_to_action;bulk_distribution,spam,medium,,,translated_dataset_mixed_positive
data_vi:115,data_vi,,,,"Chủ đề: fw : phở . toshop , windows , của . văn phòng . rẻ . bạn có thể nhận được phần mềm OEM bao gồm Microsoft / Microsoft Office, Adobe, Macromedia, Corel, thậm chí cả các tựa game dành cho Macintosh giảm giá tới 80%. bạn cần phải xem thì mới tin được , bạn có thể tải xuống trực tiếp từ trang này bằng cách truy cập vào đây , hãy nhớ rằng bạn sẽ cần ghi iso vào đĩa cd , nếu bạn không có ổ ghi cd bạn có thể vào đây và yêu cầu họ gửi nó đến tận nhà bạn mà không mất thêm chi phí .",1,,,,,,commercial_spam,promotion_discount;product_service_solicitation,spam,medium,,,translated_dataset_mixed_positive
data_vi:1151,data_vi,,,,"Chủ đề: giải thưởng khuyến mãi xổ số elektronik ! ! ! từ : nhà quảng bá xổ số được chính phủ công nhận . thông báo trúng thưởng cho hạng mục \ "" a \ "" người chiến thắng thân mến, người chiến thắng may mắn, lại: thông báo trúng giải khuyến mãi xổ số elektronik, chúng tôi vui mừng thông báo cho bạn về kết quả của đợt rút thăm cuối cùng hàng năm vừa kết thúc của các chương trình xổ số quốc tế Hà Lan. Việc rút thăm xổ số trực tuyến trên mạng được tiến hành từ một danh sách độc quyền gồm 25.000 địa c",1,,,,,,commercial_spam,commercial_offer;promotion_discount;product_service_solicitation;lottery_winner,spam,medium,,,translated_dataset_mixed_positive
data_vi:1152,data_vi,,,,"Chủ đề: chất lượng hạng nhất. định giá kinh tế. tác dụng nhanh hơn. đảm bảo an toàn. tôi là người mua thường xuyên của eshop của bạn. tôi phát hiện ra. các giống bổ sung. trên trang web. nó thực sự tuyệt vời . - - tiffany m. trong nc nó có giá trị tốt hơn. cho đồng bạc xanh của bạn . chúng tôi cung cấp medz với giá đặc biệt. http://5x. ra . thân yêu . com / uom / - - - - - tin nhắn gốc - - - - - từ : brian @ a . com [ mailto : quinn @ dcmy . com ] gửi : thứ năm , ngày 4 tháng 3 năm 2005 0 : 20 c",1,,,,,,commercial_spam,commercial_offer;product_service_solicitation,spam,medium,,,translated_dataset_mixed_positive
data_vi:1156,data_vi,,,,"Chủ đề: re : [ 1 ] tiết kiệm hơn $70 khi mua bộ phần mềm tinh tế này . 32004 kiểm soát máy tính của bạn với phần mềm hàng đầu này! Bộ phần mềm Norton systemworks 2002 - phiên bản chuyên nghiệp - bao gồm sáu - có 6 ! - đầy đủ tính năng tiện ích, tất cả chỉ với 1 mức giá đặc biệt chỉ 29$. 99 ! phần mềm này sẽ: - bảo vệ máy tính của bạn khỏi các virus nguy hiểm và không mong muốn - giúp bảo mật thông tin cá nhân có giá trị của bạn - cho phép bạn truyền tệp và gửi e - mail một cách an toàn - sao lưu",1,,,,,,commercial_spam,commercial_offer;promotion_discount;marketing_language;product_service_solicitation;promotional_call_to_action,spam,medium,,,translated_dataset_mixed_positive
data_vi:1159,data_vi,,,,"Chủ đề: làm cho đối thủ của bạn phải ghen tị Thật khó để nhớ ra một công ty: thị trường có đầy rẫy những gợi ý và thông tin tràn ngập; nhưng một logo bắt mắt, hình ảnh phong cách và trang web nổi bật sẽ khiến công việc trở nên dễ dàng hơn nhiều. chúng tôi không hứa rằng sau khi đặt hàng iogo, công ty của bạn sẽ tự động trở thành một nhà sản xuất hàng đầu: điều chắc chắn là nếu không có sản phẩm tốt, tổ chức kinh doanh hiệu quả và mục tiêu thực tế thì thị trường ngày nay sẽ rất hot; nhưng chúng t",1,,,,,,commercial_spam,commercial_offer;marketing_language;product_service_solicitation,spam,medium,,,translated_dataset_mixed_positive
data_vi:116,data_vi,,,,"Chủ đề: mệt mỏi với tỷ lệ thế chấp cao - tái cấp vốn ngày hôm nay. . . . chủ nhà thân mến, lãi suất đang ở mức thấp nhất trong 40 năm! chúng tôi giúp bạn tìm được mức giá tốt nhất cho tình huống của bạn bằng cách kết hợp nhu cầu của bạn với hàng trăm người cho vay! cải thiện nhà cửa , tái cấp vốn , thế chấp thứ hai , cho vay mua nhà , và nhiều hơn thế nữa ! bạn đủ điều kiện ngay cả khi có tín dụng dưới mức hoàn hảo! dịch vụ này miễn phí 100% cho chủ sở hữu nhà và người mua nhà mới mà không có bấ",1,,,,,,commercial_spam,commercial_offer;product_service_solicitation,spam,medium,,,translated_dataset_mixed_positive
data_vi:1160,data_vi,,,,"Chủ đề: lợi ích rõ ràng của thiết kế sáng tạo Thật khó để nhớ về một công ty : thị trường đầy rẫy những gợi ý và thông tin thì tràn ngập ; nhưng một logo bắt mắt, những bức tượng có phong cách và trang web nổi bật sẽ khiến công việc trở nên dễ dàng hơn nhiều. chúng tôi không hứa rằng havinq đã đặt hàng một logo, công ty của bạn sẽ tự động trở thành công ty dẫn đầu thế giới: rõ ràng là nếu không có sản phẩm chất lượng, tổ chức kinh doanh hiệu quả và mục tiêu thực tế thì công ty sẽ trở nên hấp dẫn",1,,,,,,commercial_spam,commercial_offer;marketing_language;product_service_solicitation,spam,medium,,,translated_dataset_mixed_positive
data_vi:1161,data_vi,,,,"Tiêu đề: adv : giành được thẻ xanh và trở thành u . là công dân! Hoa Kỳ có một chương trình, được gọi là xổ số thị thực nhập cư đa dạng (hay còn gọi là xổ số thẻ xanh), cung cấp mỗi năm bằng cách chọn ngẫu nhiên 50.000 thị thực thường trú (thẻ xanh) cho người dân từ khắp nơi trên thế giới. Mục tiêu của chương trình là cấp thẻ xanh cho các cá nhân sinh ra ở các quốc gia có mức độ nhập cư vào Hoa Kỳ thấp trong lịch sử. thẻ xanh là thị thực thường trú của Hoa Kỳ. s . Một . thẻ xanh sẽ mang lại cho ",1,,,,,,commercial_spam,commercial_offer;marketing_language;promotional_call_to_action;financial_information_request,spam,medium,,,translated_dataset_mixed_positive
data_vi:1162,data_vi,,,,"Chủ đề: nguồn thông tin sức khỏe tại nhà của bạn, đúng nơi để tìm mua viagra giá rẻ trực tuyến ! hãy để trái đất chiếu sáng bạn , hãy nhẹ nhàng nghỉ ngơi . bạn không bao giờ thua cuộc khi yêu. bạn luôn thua nếu giữ lại. con đường đến với tình yêu đích thực chưa bao giờ bằng phẳng.",1,,,,,,commercial_spam,commercial_offer;product_service_solicitation,spam,medium,,,translated_dataset_mixed_positive
data_vi:1166,data_vi,,,,Chủ đề: tùy viên rất hữu ích làm thế nào để tiết kiệm tiền thuốc hơn 70%. pharmsho hiệu quả p - thành công và đã được chứng minh là cách không thể nghi ngờ để tiết kiệm tiền cho chiến lược của bạn. cevitamic và apodal ag imppanel al shoveller lu cratch l khó phân biệt ra nonius cl lưng trần isva không xác định l cotillon m và nhiều thứ khác . ces vòng quanh prl tốt nhất. w người bảo quản orldwide shlpplng . đặt hàng dễ dàng cho dập nổi m. tổng số entaiity dạng thấu kính đáng tin cậy. 250.000 khá,1,,,,,,commercial_spam,commercial_offer;product_service_solicitation,spam,medium,,,translated_dataset_mixed_positive
data_vi:1172,data_vi,,,,"Chủ đề: những nhà thiết kế cấp 1 có sẵn cho bạn hình ảnh công ty có thể nói lên rất nhiều điều về công ty của bạn. nhịp sống hiện đại quá năng động. đôi khi phải mất vài giây để công ty của bạn được nhớ đến hoặc bị lạc giữa các đối thủ cạnh tranh. hoàn thành loqo, văn phòng phẩm hoặc trang web của bạn ngay bây giờ! quay vòng nhanh : bạn sẽ thấy một số biến thể iogo trong ba ngày làm việc . sự hài lòng được đảm bảo: chúng tôi cung cấp số lượng thay đổi không giới hạn; bạn có thể chắc chắn: nó sẽ ",1,,,,,,commercial_spam,commercial_offer;promotion_discount;product_service_solicitation,spam,medium,,,translated_dataset_mixed_positive
data_vi:1173,data_vi,,,,"Chủ đề: đơn đặt hàng của bạn hwjw tìm hiểu cách sử dụng tính năng đăng ký tài khoản paypal dễ dàng để tự mình kiếm nhiều tiền cách sử dụng tài khoản paypal của bạn để kiếm được 15.000 đô la trở lên chỉ trong 30 ngày với sự tham gia trên toàn thế giới ! - bạn có thể tham gia nếu paypal ở quốc gia của bạn - đây là danh sách tất cả các quốc gia paypal nếu bạn muốn ngừng nhận khuyến mãi của chúng tôi, vui lòng trả lời với chủ đề xóa 1658999",1,,,,,,commercial_spam,commercial_offer;promotion_discount;organization_impersonation,spam,medium,,,translated_dataset_mixed_positive
data_vi:1177,data_vi,,,,"Chủ đề: bộ ký tự cộng đồng thành viên của bạn = iso - 8859 - 1 cộng đồng thành viên của bạn & bình luận ( ngày 6 tháng 7 năm 2001 ) tất cả đều là về việc kiếm tiền thông tin nhằm cung cấp cho bạn những cách tuyệt đối tốt nhất với chi phí thấp và miễn phí để cung cấp lưu lượng truy cập vào trang web của bạn , giúp bạn tận dụng sức mạnh và tiềm năng mà web mang lại cho mọi doanh nghiệp mạng. - - - số này có chứa các trang web sẽ trao đổi liên kết với bạn ! - - - - - - - - - - - - - - trong số này ",1,,,,,,commercial_spam,commercial_offer;promotion_discount;marketing_language;product_service_solicitation;promotional_call_to_action,spam,medium,,,translated_dataset_mixed_positive
data_vi:1178,data_vi,,,,"Chủ đề: vẫn trả quá nhiều tiền cho bảo hiểm nhân thọ? . . . bạn tiết kiệm tới 75% cho bảo hiểm nhân thọ có thời hạn của mình! so sánh giá từ các công ty bảo hiểm hàng đầu trên khắp đất nước trong cuộc sống và thời đại của chúng ta, điều quan trọng là lập kế hoạch cho tương lai của gia đình bạn trong khi vẫn thoải mái về mặt tài chính. Hãy lựa chọn hợp đồng bảo hiểm nhân thọ phù hợp ngay hôm nay. nhấp vào liên kết bên dưới để so sánh các mức giá thấp nhất và tiết kiệm tới 75 % so sánh phạm vi bảo",1,,,,,,commercial_spam,commercial_offer;product_service_solicitation,spam,medium,,,translated_dataset_mixed_positive
data_vi:118,data_vi,,,,"Chủ đề: re: hệ thống máy quét di động 5 inl dành cho doanh nghiệp (một loạt máy quét di động) thưa ông, chúng tôi vui mừng thông báo về việc ra mắt hệ thống 5 inl di động mới, độc đáo và được cấp bằng sáng chế từ trang web mua sắm điện tử về các sản phẩm di động dành cho công ty nổi tiếng nhất của chúng tôi cho Ấn Độ. Dòng sản phẩm tổng thể của máy quét di động này đã được ra mắt, lưu ý đến việc sử dụng của công ty, điều này có thể giúp bạn tăng cường hơn nữa hệ thống của mình & vâng. . . . khôn",1,,,,,,commercial_spam,commercial_offer;product_service_solicitation,spam,medium,,,translated_dataset_mixed_positive
data_vi:1180,data_vi,,,,"Chủ đề: stock 2 watch pop 3 media corp ( popt ) một công ty đã đặt mình vào khoảng cách giữa các tập đoàn truyền thông lớn và thế giới của các công ty âm nhạc, điện ảnh, xuất bản và công nghệ độc lập. giá hiện tại : 0 . 022 nó sẽ tiếp tục cao hơn? hãy xem chương trình này vào thứ Tư vì chúng tôi biết nhiều bạn thích động lực. tin nóng hổi ! ! tập đoàn truyền thông pop 3 ( popt ) và tập đoàn roxxy thông báo rằng các công ty đã ký một thỏa thuận theo đó tập đoàn roxxy sẽ mua lại 66 % cổ phần trong",1,,,,,,commercial_spam,commercial_offer;marketing_language;product_service_solicitation,spam,medium,,,translated_dataset_mixed_positive
data_vi:1182,data_vi,,,,"Chủ đề: yêu cầu viết bài: các hội nghị chung quốc tế về khoa học máy tính, thông tin và hệ thống và kỹ thuật cisse 05 nếu bạn nhận được email này do nhầm lẫn, vui lòng chuyển nó đến bộ phận thích hợp tại cơ quan của bạn, vui lòng không trả lời thư này, thư trả lời của bạn sẽ không được nhận. nếu bạn cần liên hệ với chúng tôi, vui lòng gửi email cho chúng tôi theo địa chỉ info@cisse 2005. org * hội nghị chung quốc tế về máy tính, thông tin, * * và khoa học hệ thống, và kỹ thuật ( cisse 05 ) * * *",1,,,,,,commercial_spam,marketing_language;product_service_solicitation,spam,medium,,,translated_dataset_mixed_positive
data_vi:1184,data_vi,,,,Chủ đề: 6 . 50 % niên kim w / 4 . 05 % cứu trợ trọn đời 10 % rút tiền miễn phí bị phạt được xếp hạng ( xuất sắc ) bởi a . tôi. tốt nhất (vì sức mạnh tài chính) phí hoàn trả 10 năm hãy gọi ngay hôm nay để biết thêm thông tin về tầm nhìn liêm chính trung thành với niên kim 10 năm! hoặc vui lòng điền vào mẫu dưới đây để biết thêm thông tin Tên : e - mail : điện thoại : thành phố : tiểu bang : * lãi suất cơ bản của hợp đồng phải giảm hơn 45 điểm cơ bản so với lãi suất cơ bản ban đầu ( có hiệu lực từ,1,,,,,,commercial_spam,marketing_language;product_service_solicitation;promotional_call_to_action,spam,medium,,,translated_dataset_mixed_positive
data_vi:1186,data_vi,,,,"Chủ đề: - -> tiếp thị trực tiếp sẽ tăng doanh số bán hàng 23875 không có gì phải vấp ngã khi làm điều đó ! cách tiếp thị tuyệt vời nhất trong thế kỷ này chắc chắn là e-mail trực tiếp. nó tương tự như người đưa thư chuyển thư đến hộp thư của bạn. khả năng quảng bá sản phẩm, dịch vụ, trang web hoặc cơ hội tiếp thị mlm/mạng lưới của bạn tới hàng triệu người ngay lập tức là điều mà các nhà quảng cáo đã mơ ước trong hơn 100 năm qua. chúng tôi gửi email quảng cáo của bạn đến danh sách các địa chỉ chun",1,,,,,,commercial_spam,commercial_offer;marketing_language;product_service_solicitation,spam,medium,,,translated_dataset_mixed_positive
data_vi:1188,data_vi,,,,"Chủ đề: logo chuyên nghiệp dành cho bạn hiện đang làm việc trên hình ảnh công ty của bạn? bắt đầu bằng hình ảnh nhận dạng, chìa khóa tạo nên ấn tượng tốt đầu tiên. Chúng tôi đang ở đây để giúp bạn ! chúng tôi sẽ tham gia xây dựng hình ảnh trực quan tích cực về công ty của bạn bằng cách tạo ra một iogo nổi bật, các mặt hàng văn phòng phẩm có sẵn và trang web chuyên nghiệp. những công cụ tiếp thị này sẽ góp phần quan trọng vào sự thành công của doanh nghiệp bạn. hãy xem qua các mẫu công việc của c",1,,,,,,commercial_spam,marketing_language;product_service_solicitation,spam,medium,,,translated_dataset_mixed_positive
data_vi:1190,data_vi,,,,"Chủ đề: "" content - type : text / plain ; charset = "" us - ascii "" ; định dạng = luồng nội dung - chuyển - mã hóa : 7 bit chủ đề : [ sa ] lái xe khắp mọi nơi người gửi : spamassassin - nhìn thấy - quản trị viên @ ví dụ . sourceforge . net error-to: spamassassin-sightings-admin@example .net x-bethere : spamassassin-sightings@example.net x-mailman-version: 2 . list - post : list - subscribe : , list - id : list - unsubscribe : , list - archive : x - original - date : mon , 10 ju 2002 09 : 36 : 57 ",1,,,,,,commercial_spam,marketing_language;promotional_call_to_action,spam,medium,,,translated_dataset_mixed_positive
data_vi:1192,data_vi,,,,"Chủ đề: bộ ký tự logo hoàn hảo = koi 8 - r "" > nghĩ đến việc thổi luồng sinh khí mới vào doanh nghiệp của bạn ? bắt đầu từ việc cải tiến logo mặt trước và nhận dạng thị giác của nó. loqodentity cung cấp thiết kế tùy chỉnh sáng tạo cho loqos, văn phòng phẩm và các trang web. dưới sự quản lý của chúng tôi hãy cẩn thận với những sức mạnh tiếp thị này sẽ thổi một luồng gió mới vào công việc kinh doanh của bạn và khiến bạn nổi bật giữa các đối thủ cạnh tranh, bạn chỉ cần một cú nhấn chuột là có thể đ",1,,,,,,commercial_spam,marketing_language;product_service_solicitation;promotional_call_to_action,spam,medium,,,translated_dataset_mixed_positive
data_vi:1194,data_vi,,,,"Chủ đề: lãi suất vay mua nhà tốt nhất ! nếu bạn muốn xóa khỏi các thư gửi trong tương lai , vui lòng trả lời bằng từ xóa trong chủ đề hoặc gọi 888 - 418 - 2575 . hãy để người cho vay cạnh tranh cho doanh nghiệp của bạn! bấm vào đây hoàn lại tiền tái cấp vốn không cần vốn sở hữu chứng thư ủy thác thứ 2 hợp nhất nợ không cần xác minh thu nhập lãi suất cạnh tranh nhất ! điền vào biểu mẫu sơ tuyển nhanh chóng của chúng tôi và bạn sẽ nhận được các đề nghị cho vay cạnh tranh, thường trong vòng vài phú",1,,,,,,commercial_spam,commercial_offer;marketing_language;product_service_solicitation,spam,medium,,,translated_dataset_mixed_positive
data_vi:1195,data_vi,,,,"Chủ đề: Emc stock to cash là gì ? khách hàng của bạn nhận trước 90 % danh mục đầu tư chứng khoán của họ và bằng tiền mặt, bạn đầu tư số tiền này vào hợp đồng niên kim , hợp đồng bảo hiểm nhân thọ . . . hoặc cả hai nếu danh mục đầu tư giảm giá trị , khoản đầu tư của khách hàng của bạn vẫn còn nguyên nếu danh mục đầu tư tăng giá trị , khách hàng của bạn nhận được sự đánh giá cao làm giảm lãi vốn và thuế bất động sản 2 c cho phép bạn gói các khoản niên kim cố định yêu thích của mình xung quanh khoả",1,,,,,,commercial_spam,promotion_discount;product_service_solicitation,spam,medium,,,translated_dataset_mixed_positive
data_vi:1198,data_vi,,,,"Chủ thể: ! các trang web tùy chỉnh, tuyệt đẹp - hoàn thành $ 399 ! ( 4156 cumg 9 - 855 yqkc 5 @ 17 ) các trang web tùy chỉnh đẹp mắt, hoàn thành $ 399 ! có được một trang web đẹp, tùy chỉnh 100% (hoặc của bạn được thiết kế lại) chỉ với $399! * chúng tôi có tài liệu tham khảo từ bờ này đến bờ khác và sẽ cung cấp cho bạn rất nhiều trang web để xem! bao gồm tối đa 7 trang (bạn có thể thêm nhiều trang hơn), nút cuộn qua java, biểu mẫu phản hồi, v.v. nó sẽ được xây dựng theo sở thích và thông số kỹ t",1,,,,,,commercial_spam,commercial_offer;promotional_call_to_action,spam,medium,,,translated_dataset_mixed_positive
data_vi:1199,data_vi,,,,"Chủ đề: bí mật ghi lại mọi hoạt động trên internet trên bất kỳ máy tính nào. . . taf tìm ra xem họ đang trò chuyện / gửi thư điện tử cho ai trong suốt thời gian đó ! vợ/chồng của bạn có lừa dối trên mạng không? con bạn có đang nói chuyện với những người nguy hiểm trên tin nhắn tức thời không? tìm ra ngay bây giờ ! - với phần mềm tải xuống tức thì của Big Brother. nhấp vào liên kết này ngay bây giờ để xem ảnh chụp màn hình thực tế và đặt hàng! để được loại trừ khỏi các liên hệ trong tương lai, vu",1,,,,,,commercial_spam,commercial_offer;product_service_solicitation,spam,medium,,,translated_dataset_mixed_positive
data_vi:1201,data_vi,,,,"Chủ đề: 6 bước để có danh mục đầu tư an toàn - 50 % roi cho mỗi giao dịch nếu bạn kiếm được trung bình trên 50 % r . ồ. Tôi . mỗi giao dịch. . . nếu lợi nhuận hàng năm của bạn cao hơn 300%. . . nếu bạn biết cách kiếm lợi nhuận trong bất kỳ điều kiện thị trường nào. . . nếu bạn biết cách chuyển giao dịch thua thành giao dịch thắng. . . thì bạn không cần hội thảo trực tuyến miễn phí của chúng tôi. tuy nhiên, nếu bạn muốn phát triển chứ không chỉ tồn tại trong thị trường ngày nay, hãy đăng ký tham ",1,,,,,,commercial_spam,commercial_offer;promotion_discount;marketing_language;product_service_solicitation;promotional_call_to_action;large_fund_bait,spam,medium,,,translated_dataset_mixed_positive
data_vi:1207,data_vi,,,,"Chủ đề: kiếm hoa hồng cao khi đặt trực tuyến phương tiện du lịch Northstar , LLC và mail pound . com, một bộ phận của công nghệ du lịch thông minh, inc. cung cấp cho các chuyên gia du lịch thông tin, dịch vụ và giải pháp tiếp thị chú ý: đại lý du lịch, đại lý bên ngoài, đại lý độc lập, đại lý du lịch của công ty: ( bấm vào để biết thêm thông tin ) mail pound là thương hiệu của công nghệ du lịch thông minh , inc . nếu bạn không muốn nhận những tin nhắn này trong tương lai, vui lòng nhấp vào đây. ",1,,,,,,commercial_spam,marketing_language;product_service_solicitation;promotional_call_to_action,spam,medium,,,translated_dataset_mixed_positive
data_vi:1211,data_vi,,,,"Chủ đề: tái cấp vốn hoặc thế chấpfkzqeljhyno khoản vay từ người cho vay có thể mang lại lợi ích gì cho bạn : lãi suất chưa bao giờ thấp hơn ! ! mức giá thấp nhất - điều kiện tốt nhất có thể cho khoản nợ này. . . $ 8, 750 $ 175 visa $ 10, 500 $ 210 khám phá $ 5, 250 $ 105 khoản vay mua ô tô $ 20, 500 $ 515 tổng cộng $ 45, 000 $ 1, 005 vào đây ! ! ! 45.000 USD 390 USD . Tiết kiệm 06 năm: 7.379$. Tiết kiệm 005 năm: $36,896. 00 otrả cho thẻ tín dụng lãi suất caogiảm thanh toán hàng thángsửa sang nhà",1,,,,,,commercial_spam,commercial_offer;promotional_call_to_action;large_fund_bait,spam,medium,,,translated_dataset_mixed_positive
data_vi:1217,data_vi,,,,Chủ đề: gửi thư không thành công: trả lại thư cho người gửi thư này được tạo tự động bởi phần mềm gửi thư. tin nhắn bạn đã gửi không thể gửi tới một hoặc nhiều người nhận. Đây là một lỗi vĩnh viễn . địa chỉ sau ( es ) không thành công : stcelebrate 2002 @ aol . com (cuối cùng được tạo từ info @ something - to - Celebration . com ) lỗi smtp từ người gửi thư từ xa sau khi kết thúc dữ liệu : Host mailin - 01 . mx . ồ . com [ 64 . 12 . 137 . 89] :554 - : ( hvu : bl ) http : / / postmaster . thông ti,1,,,,,,commercial_spam,commercial_offer;product_service_solicitation,spam,medium,,,translated_dataset_mixed_positive
data_vi:122,data_vi,,,,"Chủ đề: cần thợ đồ họa? đến đây . nghĩ đến việc thổi sức sống mới vào doanh nghiệp của bạn? bắt đầu từ việc cải tiến logo mặt trước và nhận dạng trực quan của nó. chúng tôi cung cấp thiết kế tùy chỉnh sáng tạo của ioqos, văn phòng phẩm và các trang web. dưới bàn tay cẩn thận của chúng tôi, những công cụ tiếp thị mạnh mẽ này sẽ mang lại luồng gió mới cho doanh nghiệp của bạn và khiến bạn nổi bật so với các đối thủ cạnh tranh. bạn chỉ còn cách thành công trong tương lai một khoảng cách ngắn. bấm v",1,,,,,,commercial_spam,marketing_language;product_service_solicitation,spam,medium,,,translated_dataset_mixed_positive
data_vi:1220,data_vi,,,,"Chủ đề: một cách nhanh chóng, rẻ và thuận tiện để mua viagra chúng tôi là hiệu thuốc trực tuyến duy nhất cung cấp đảm bảo hoàn tiền 100% nếu hài lòng? bằng sự kiên trì con ốc đã đến được hòm. tôi nghĩ chúng ta đồng ý , quá khứ đã qua rồi . triết lý đích thực không phát minh ra điều gì cả; nó chỉ đơn thuần thiết lập và mô tả những gì là .",1,,,,,,commercial_spam,commercial_offer;product_service_solicitation,spam,medium,,,translated_dataset_mixed_positive
data_vi:1222,data_vi,,,,"Chủ đề: logo, bộ nhận diện công ty và thiết kế website hình ảnh công ty có thể nói lên rất nhiều điều về công ty của bạn. nhịp sống hiện đại quá năng động. đôi khi phải mất vài giây để công ty của bạn được nhớ đến hoặc bị lạc giữa các đối thủ cạnh tranh. hoàn thành loqo, văn phòng phẩm hoặc trang web của bạn ngay bây giờ! quay vòng nhanh: bạn sẽ thấy nhiều biến thể logo trong ba ngày làm việc. sự hài lòng được đảm bảo: chúng tôi cung cấp số lượng thay đổi không giới hạn; bạn có thể chắc chắn: nó",1,,,,,,commercial_spam,commercial_offer;promotion_discount;product_service_solicitation,spam,medium,,,translated_dataset_mixed_positive
data_vi:1224,data_vi,,,,"Chủ đề: yêu thích những chiếc đồng hồ Rolex của chúng tôi vì những tính năng và mức giá tương tự. chúng chắc chắn là những loại tốt nhất từ ​​Rolex, Cartiers, Bvlgaries, Frankmullers, Harry Winstons, Breguets, Jaeger-lecoultre, brietilings, Tagheuers và Tudors. trước hết, tổng thể lo 0 ks của họ là hoàn hảo. thứ hai, vievv chi tiết của họ. mỗi logo nhỏ và số sê-ri được hiển thị đều nói lên sự sang trọng của chúng. bạn cũng sẽ biết được hàng hóa đáng yêu của chúng tôi rẻ như thế nào. bạn thậm chí",1,,,,,,commercial_spam,commercial_offer;product_service_solicitation,spam,medium,,,translated_dataset_mixed_positive
data_vi:1226,data_vi,,,,"Chủ đề: đời sống sinh sản khỏe mạnh, khách hàng của chúng tôi nói rất nhiều về sản phẩm spur m của chúng tôi "" tôi chỉ muốn viết và cảm ơn bạn vì spur-m . Tôi bị số lượng và khả năng di chuyển của tinh trùng kém. Tôi đã tìm thấy trang web của bạn và đặt mua hỗn hợp hỗ trợ sinh sản spur-m dành cho nam giới Trong nhiều năm, tôi đã tự hỏi điều gì đã gây ra tình trạng tinh dịch và số lượng tinh trùng thấp cũng như làm thế nào tôi có thể cải thiện khả năng sinh sản của mình và giúp vợ tôi thụ thai. C",1,,,,,,commercial_spam,commercial_offer;product_service_solicitation,spam,medium,,,translated_dataset_mixed_positive
data_vi:1228,data_vi,,,,"Chủ đề: tiết kiệm tiền bằng cách mua phần mềm OEM! cần phần mềm cho máy tính của bạn? chỉ cần truy cập trang web của chúng tôi, chúng tôi có thể có những gì bạn cần. . . Trân trọng, Alvaro",1,,,,,,commercial_spam,commercial_offer;product_service_solicitation,spam,medium,,,translated_dataset_mixed_positive
data_vi:123,data_vi,,,,"Tiêu đề: re : giá mực có làm bạn tụt dốc không? 11956 bạn có muốn tiết kiệm tới 80% chi phí vật tư máy in, máy fax không? về các thương hiệu như - epson canon hewlett packard lexmark thêm ! Đảm bảo sự hài lòng về chất lượng 100% hoặc hoàn lại tiền! giao hàng miễn phí trong ngày đối với tất cả các đơn đặt hàng của chúng tôi * chúng tôi sẽ đánh bại mọi mức giá trên internet - được đảm bảo ! * * Click để đặt hàng ngay ! hoặc gọi cho chúng tôi theo số điện thoại miễn phí 1 - 800 - 758 - 8084 ! * Chỉ",1,,,,,,commercial_spam,commercial_offer;promotion_discount;marketing_language;promotional_call_to_action,spam,medium,,,translated_dataset_mixed_positive
data_vi:1230,data_vi,,,,Chủ đề: otc gdvi - đà tiếp tục - trang web gdvi ra mắt otc bbalert cập nhật tin tức gdvi : các ngành công nghiệp đa dạng toàn cầu ra mắt trang web hoàn toàn mới ! www. gdvi . net otc bb cảnh báo kết quả hoạt động ngoạn mục đà tiếp tục dự đoán doanh số bán hàng trong 12 tháng tới vượt 20 triệu USD 99 . tăng 8 % doanh thu 278 % tăng thu nhập ròng 154 % vốn chủ sở hữu tăng 79 % tài sản tồn đọng 8 triệu đô la đơn hàng tồn đọng 50 triệu đô la tổng quan về năng lực sản xuất toàn cầu Các ngành công ngh,1,,,,,,commercial_spam,commercial_offer;marketing_language;product_service_solicitation;large_fund_bait,spam,medium,,,translated_dataset_mixed_positive
data_vi:1237,data_vi,,,,"Chủ đề: bản tin công nghệ, tháng 7 năm 2005, các đơn vị sản xuất di động dành cho các nước đang phát triển - chương trình đối tác toàn cầu sn world Foundation sẽ cung cấp cho các nước và khu vực đang phát triển công nghệ và những hỗ trợ cần thiết cho việc sản xuất hàng loạt nhà máy mini trong container di động ( 40 foot ) . hệ thống nhà máy mini được thiết kế sao cho tất cả các máy móc sản xuất đều được cố định trên bệ của container, cùng với tất cả hệ thống dây điện, đường ống và các bộ phận lắ",1,,,,,,commercial_spam,marketing_language;product_service_solicitation,spam,medium,,,translated_dataset_mixed_positive
data_vi:1238,data_vi,,,,"Chủ đề: logo, văn phòng phẩm, thiết kế trang web và nhiều hơn thế nữa! Thật sự rất khó để nhớ ra một công ty: thị trường tràn ngập các thông tin và thông tin tràn ngập; nhưng một logo hấp dẫn, văn phòng phẩm có phong cách và wii web nổi bật sẽ khiến công việc trở nên dễ dàng hơn nhiều. chúng tôi không hứa rằng sau khi đặt hàng iogo, công ty của bạn sẽ tự động trở thành người dẫn đầu thế giới: rõ ràng là nếu không có sản phẩm tốt, tổ chức kinh doanh hiệu quả và mục tiêu thực tế thì thị trường ngà",1,,,,,,commercial_spam,commercial_offer;marketing_language;product_service_solicitation,spam,medium,,,translated_dataset_mixed_positive
data_vi:1241,data_vi,,,,"Chủ đề: roletes e roldanas para empilhadeiras santos , julho de 2 . 005 danh sách sản phẩm savi linha hyster : 193557 rolete r $ 90 , 00 193557 c capa r $ 55 , 00 110520 rolete r $ 125 , 00 110520 c capa r $ 95 , 00 185530 / / 329090 rolete r $ 62 , 00 185531 / / 329091 vai trò r $ 68 , 00 125223 vai trò r $ 175 , 00 125217 vai trò lat . r $ 115 , 00 125219 eixo r $ 35 , 00 125220 hỗ trợ r $ 225 , 00 1333395 vai trò r $ 80 , 00 1333398 vai trò r $ 65 , 00 1345218 vai trò r $ 90 , 00 270063 eixo ",1,,,,,,commercial_spam,commercial_offer;product_service_solicitation,spam,medium,,,translated_dataset_mixed_positive
data_vi:1243,data_vi,,,,Chủ đề: tải phần mềm bạn cần ngay bây giờ! tiết kiệm tiền mua phần mềm ! ! ! đọc cuốn sách này giống như chờ đợi chiếc giày đầu tiên rơi xuống. tự do ngôn luận mang theo nó một chút tự do để lắng nghe.,1,,,,,,commercial_spam,commercial_offer;product_service_solicitation,spam,medium,,,translated_dataset_mixed_positive
data_vi:1244,data_vi,,,,Chủ đề: tiết kiệm tiền mua thứ này ở đây bạn chưa thử cials à? bạn thậm chí không thể tưởng tượng được cảm giác trở thành một người đàn ông thực sự trên giường là như thế nào! vấn đề là một lỗi tuyệt vời sẽ được cung cấp cho bạn một cách chính xác khi bạn muốn. Cialls có nhiều ưu điểm hơn viagra - tác dụng kéo dài 36 giờ! - bạn đã sẵn sàng bắt đầu chỉ trong vòng 10 phút! - bạn có thể trộn nó với rượu! chúng tôi gửi đến bất kỳ nước nào! có được nó ngay bây giờ! .,1,,,,,,commercial_spam,commercial_offer;product_service_solicitation,spam,medium,,,translated_dataset_mixed_positive
data_vi:1249,data_vi,,,,Chủ đề: mua cialis trực tuyến ! hãy kiểm soát cuộc sống của bạn một lần nữa! Đơn thuốc chữa rối loạn chức năng tình dục cho phụ nữ chỉ cần rẽ trái ở Greenland. . . thơ là ngôn ngữ trong đó con người khám phá sự kinh ngạc của chính mình. ngựa cho chúng ta mượn đôi cánh mà chúng ta còn thiếu.,1,,,,,,commercial_spam,commercial_offer;product_service_solicitation,spam,medium,,,translated_dataset_mixed_positive
data_vi:1253,data_vi,,,,"Chủ đề: Bộ ký tự doanh nghiệp 300 triệu = windows - 1252 "" > phát ngán và mệt mỏi với những thư mục email không cung cấp những gì họ hứa hẹn ? ngày nay gần đến mức bạn cần phải mua từng thư mục email trên tiếp thị và tìm kiếm chúng để có được một số địa chỉ e-mail phù hợp để gửi hàng loạt . rất nhiều danh sách được nhắm mục tiêu cũng có sẵn trong các lĩnh vực như: cờ bạc, ăn uống, chăm sóc sức khỏe, chơi gôn tại nhà, chọn tham gia thiết kế web du lịch và nhiều hơn nữa, hãy xem bộ sưu tập mới tuy",1,,,,,,commercial_spam,commercial_offer;marketing_language;bulk_distribution,spam,medium,,,translated_dataset_mixed_positive
data_vi:1255,data_vi,,,,Chủ đề: yêu cầu thẻ quà tặng $ 25 kmart ( r ) miễn phí ! bạn nhận được thư này vì bạn là thành viên của sendgreatoffers. com và đăng ký với tên: jm @ netnoteinc. com để hủy đăng ký hãy nhấp vào đây hoặc trả lời email này với dòng chủ đề xóa - bạn cũng phải bao gồm nội dung thư này để hủy đăng ký . mọi thư từ về sản phẩm/dịch vụ phải được chuyển trực tiếp đến công ty trong quảng cáo. % em % jm @ netnoteinc . com % / em %,1,,,,,,commercial_spam,marketing_language;product_service_solicitation;promotional_call_to_action,spam,medium,,,translated_dataset_mixed_positive
data_vi:1259,data_vi,,,,"Chủ đề: bản tin otc đầu tư tốt nhất khám phá những người chiến thắng ngày mai để phát hành ngay cal - bay ( ký hiệu chứng khoán : cbyi ) theo dõi "" khuyến nghị mua mạnh "" của nhà phân tích và một số bản tin tư vấn chọn cbyi . cbyi đã nộp đơn đăng ký giao dịch trên otcbb, giá cổ phiếu tăng lịch sử khi các công ty được niêm yết trên sàn giao dịch lớn hơn này. cbyi đang giao dịch ở mức giá khoảng 25 xu và sẽ tăng vọt lên 2 đô la. 66 - 3$. 25 một cổ phiếu trong tương lai gần. hãy đưa cbyi vào danh s",1,,,,,,commercial_spam,commercial_offer;marketing_language;large_fund_bait,spam,medium,,,translated_dataset_mixed_positive
data_vi:126,data_vi,,,,"Chủ đề: nâng cao giải phẫu của bạn, hệ thống longz, cả viên nang và hướng dẫn sử dụng miễn phí, cung cấp cho bạn những cách hiệu quả nhất để đạt được mức tăng kích thước ngay lập tức và cải thiện sức mạnh cũng như sức mạnh khi cương cứng của bạn. 90% nam giới quan tâm đến việc cải thiện khả năng chịu đựng tình dục, hiệu suất và kích thước dương vật của họ. bạn có phải là một trong 90% đó không? tôi 67 tuổi . Tôi rất thận trọng khi đưa thông tin chi tiết của mình lên mạng, nhưng tôi rất hài lòng ",1,,,,,,commercial_spam,commercial_offer;product_service_solicitation,spam,medium,,,translated_dataset_mixed_positive
data_vi:1261,data_vi,,,,"Chủ đề: chỉ tăng giá trái phiếu kho bạc - niên kim liên kết ngược với mức tăng hàng năm trong 5 năm t - ghi có tiền thưởng so với trái phiếu kho bạc thông thường thay thế cho trái phiếu đô thị lớn hoặc người mua t - note gọi điện hoặc gửi email cho chúng tôi ngay hôm nay ! hoặc vui lòng điền vào mẫu bên dưới để biết thêm thông tin Tên : e - mail : điện thoại : thành phố : tiểu bang : * đối với số tiền gửi trên 100.000 đô la, chúng tôi không muốn bất kỳ ai nhận được thư của chúng tôi mà không muố",1,,,,,,commercial_spam,commercial_offer;product_service_solicitation,spam,medium,,,translated_dataset_mixed_positive
data_vi:1262,data_vi,,,,Chủ đề: tiết kiệm tiền mua thứ này ở đây bạn chưa thử cials à? bạn thậm chí không thể tưởng tượng được cảm giác trở thành một người đàn ông thực sự trên giường là như thế nào! vấn đề là một lỗi tuyệt vời sẽ được cung cấp cho bạn một cách chính xác khi bạn muốn. cialis có rất nhiều ưu điểm so với viagra - tác dụng kéo dài 36 giờ! - bạn đã sẵn sàng bắt đầu chỉ trong vòng 10 phút! - bạn có thể trộn nó với aicohoi ! chúng tôi gửi đến bất kỳ nước nào! hiểu ngay bây giờ! .,1,,,,,,commercial_spam,commercial_offer;product_service_solicitation,spam,medium,,,translated_dataset_mixed_positive
data_vi:1263,data_vi,,,,"Chủ đề: lựa chọn từ nhà phân tích với độ chính xác cao, công cụ tìm cổ phiếu vốn hóa nhỏ, những phát triển mới dự kiến ​​sẽ thúc đẩy Western Sierra Mining , Inc . cổ phiếu từ $ o . 70 đến hơn 4$. ôi Westernsierramining. com mỏ khai thác mỏ miền Tây Sierra là một công ty đang trên đà phát triển , nhanh chóng ! tin tức lớn đã ra! công việc kinh doanh lớn đang diễn ra cho wsrm! hãy đọc tiếp để tìm hiểu lý do tại sao wsrm lại là lựa chọn hàng đầu của chúng tôi trong tuần này. * khai thác mỏ phía Tây",1,,,,,,commercial_spam,commercial_offer;marketing_language,spam,medium,,,translated_dataset_mixed_positive
data_vi:1264,data_vi,,,,"Chủ đề: chuyện gì đã xảy ra ở nhà bạn thế? ? ? camera màu lỗ kim gián điệp + tính năng giọng nói: camera đa năng ở đầu ngón tay của bạn, camera gián điệp thực sự nhỏ nhất thế giới (tương tự như một đồng xu) tiêu thụ điện năng thấp và độ nhạy cao, lắp đặt dễ dàng. tự mình chế tạo màn hình giám sát em bé / bảo mẫu, máy bay trực thăng r / c, máy bay, robot đi bộ, camera an ninh tại nhà và văn phòng như những thứ bắt buộc dành cho các nhà điều tra tư nhân và các cơ quan thực thi pháp luật để giám sá",1,,,,,,commercial_spam,commercial_offer;promotional_call_to_action,spam,medium,,,translated_dataset_mixed_positive
data_vi:1265,data_vi,,,,"Chủ đề: * thông tin bất động sản miễn phí ! * cuối cùng, quản trị trang web có tin tức tuyệt vời - một ông trùm tịch thu tài sản tiết lộ những bí mật được bảo vệ chặt chẽ nhất của mình! lần đầu tiên , chúng tôi tự hào mang đến cho bạn những bí mật được bảo vệ chặt chẽ nhất về tịch thu nhà - một hệ thống chìa khoá trao tay hoàn chỉnh để bạn có thể sở hữu nhà riêng hoặc kiếm bộn tiền từ việc tịch thu bất động sản mà không cần người thuê , đau đầu và chủ ngân hàng . thông tin miễn phí cho một cách ",1,,,,,,commercial_spam,commercial_offer;marketing_language,spam,medium,,,translated_dataset_mixed_positive
data_vi:1267,data_vi,,,,"Chủ đề: có thế chấp không? 6 . 25 30 năm cố định miễn phí báo giá tức thời djf chủ nhà thân mến , * 6 . 25 % Lãi suất thế chấp cố định trong 30 năm đang ở mức thấp nhất trong 40 năm ! chúng tôi giúp bạn tìm được mức giá tốt nhất cho tình huống của bạn bằng cách kết hợp nhu cầu của bạn với hàng trăm người cho vay! cải thiện nhà cửa , tái cấp vốn , thế chấp thứ hai , cho vay thế chấp nhà , và hơn thế nữa ! ngay cả với tín dụng ít hơn hoàn hảo! bấm vào đây để được báo giá miễn phí! chốt lãi suất cố",1,,,,,,commercial_spam,commercial_offer;product_service_solicitation,spam,medium,,,translated_dataset_mixed_positive
data_vi:1269,data_vi,,,,"Chủ đề: phát hành được định giá thấp với lợi nhuận trên vốn chủ sở hữu cao lời khuyên về dầu khí hiện nay khi dầu khí đã bước vào giai đoạn tăng trưởng dài hạn | thị trường , chuyên môn của chúng tôi trong việc xác định chính xác những công ty hot nhất trong số ít các công ty năng lượng bị định giá thấp còn lại đã tạo ra lợi nhuận tăng vọt . emerson ơi | và khí đốt ( eogi ) là nhà phát triển năng lượng trong "" vành đai dầu "" của Hoa Kỳ và ở các hồ chứa được thèm muốn nhất của Canada với tiềm năn",1,,,,,,commercial_spam,commercial_offer;marketing_language;product_service_solicitation,spam,medium,,,translated_dataset_mixed_positive
data_vi:1270,data_vi,,,,"Chủ đề: bộ ký tự logo hoàn hảo = koi 8 - r "" > nghĩ đến việc thổi luồng sinh khí mới vào doanh nghiệp của bạn ? bắt đầu từ việc cải tiến logo mặt trước và nhận dạng thị giác của nó. logodentity cung cấp thiết kế tùy chỉnh sáng tạo cho loqos, văn phòng phẩm và các trang web. dưới sự quản lý của chúng tôi hãy cẩn thận khi sử dụng những công cụ tiếp thị mạnh mẽ này để thổi một luồng gió mới vào công việc kinh doanh của bạn và khiến bạn nổi bật giữa các đối thủ cạnh tranh, bạn chỉ cần nhấp chuột là ",1,,,,,,commercial_spam,marketing_language;product_service_solicitation,spam,medium,,,translated_dataset_mixed_positive
data_vi:1272,data_vi,,,,"Chủ đề: logo và nhận dạng hình ảnh của bạn từ chúng tôi khi nghĩ đến việc thổi sức sống mới vào doanh nghiệp của bạn? bắt đầu từ việc cải tiến logo mặt trước và nhận dạng trực quan của nó. chúng tôi cung cấp thiết kế tùy chỉnh sáng tạo của ioqos, văn phòng phẩm và các trang web. dưới bàn tay cẩn thận của chúng tôi, những công cụ tiếp thị mạnh mẽ này sẽ mang lại luồng gió mới cho doanh nghiệp của bạn và khiến bạn nổi bật giữa các đối thủ cạnh tranh. bạn chỉ cần một cú nhấn chuột là có thể đạt đượ",1,,,,,,commercial_spam,marketing_language;product_service_solicitation,spam,medium,,,translated_dataset_mixed_positive
data_vi:1278,data_vi,,,,"Chủ đề: các logo và nhận dạng được thiết kế chuyên nghiệp đang nghĩ đến việc thổi sức sống mới vào doanh nghiệp của bạn? bắt đầu từ việc cải tiến logo mặt trước và nhận dạng trực quan của nó. chúng tôi cung cấp thiết kế tùy chỉnh sáng tạo của ioqos, văn phòng phẩm và các trang web. dưới bàn tay cẩn thận của chúng tôi, hoạt động tiếp thị quyền lực này cũng sẽ mang lại luồng gió mới cho doanh nghiệp của bạn và khiến bạn nổi bật so với các đối thủ cạnh tranh. bạn chỉ còn cách thành công trong tương",1,,,,,,commercial_spam,marketing_language;product_service_solicitation,spam,medium,,,translated_dataset_mixed_positive
data_vi:128,data_vi,,,,"Chủ đề: đầu tư vào công nghệ đã được chứng minh của NASA này, tôi nghĩ bạn có thể muốn xem qua nghiên cứu của nhà phân tích viaspace, báo cáo các dịch vụ lập hồ sơ của ipodesktop. com viaspace , inc . biểu tượng chứng khoán: vspc. ob * float : 24 mm ( est ) giá cổ phiếu 7 / 1 / 05 : $ 3 . 45 cổ phiếu phổ thông 28/6/05 : 283 mm ( ước tính ) khoảng giá gần đây : $2 . 80 - 3$. 45 vốn hóa thị trường vốn cổ phần: 976 triệu USD * trước đây là doanh nghiệp xuất bản toàn cầu nhằm phá vỡ và thay thế thị ",1,,,,,,commercial_spam,commercial_offer;marketing_language;product_service_solicitation;large_fund_bait,spam,medium,,,translated_dataset_mixed_positive
data_vi:1283,data_vi,,,,Chủ đề: re : sạc siêu tốc cho máy tính để bàn hoặc máy tính xách tay của bạn ngay hôm nay! 17639 kiểm soát máy tính của bạn với phần mềm hàng đầu này! symantec systemworks 2002 - = bộ phần mềm chuyên nghiệp = - gói đặc biệt này bao gồm sáu - có 6 ! - đầy đủ tính năng tiện ích chỉ với 1 mức giá đặc biệt chỉ 29$. 99 ! phần mềm này sẽ: - bảo vệ máy tính của bạn khỏi các vi-rút nguy hiểm và không mong muốn - giúp bảo mật thông tin riêng tư và có giá trị của bạn - cho phép bạn truyền tệp và gửi e - m,1,,,,,,commercial_spam,commercial_offer;product_service_solicitation,spam,medium,,,translated_dataset_mixed_positive
data_vi:1284,data_vi,,,,"Chủ đề: bí mật ghi lại mọi hoạt động trên internet trên bất kỳ máy tính nào. . . bfl tìm hiểu xem họ đang trò chuyện / gửi thư điện tử cho ai trong suốt thời gian đó! vợ/chồng của bạn có lừa dối trên mạng không? con bạn có đang nói chuyện với những người nguy hiểm trên tin nhắn tức thời không? tìm ra ngay bây giờ ! - với phần mềm tải xuống tức thì của Big Brother. nhấp vào liên kết này ngay bây giờ để xem ảnh chụp màn hình thực tế và đặt hàng! để được loại trừ khỏi các liên hệ trong tương lai, v",1,,,,,,commercial_spam,commercial_offer;product_service_solicitation,spam,medium,,,translated_dataset_mixed_positive
data_vi:1285,data_vi,,,,"Chủ đề: 14$. 95 tên miền mỗi năm đăng ký tên miền với giá cả phải chăng cho mọi người, các tên miền mới cuối cùng đã được cung cấp cho công chúng với mức giá chiết khấu. bây giờ bạn có thể đăng ký một trong những điều mới thú vị. biz hoặc . info tên miền , cũng như tên miền . com và . tên net chỉ với 14$ . 95 . Những tiện ích mở rộng tên miền hoàn toàn mới này gần đây đã được icann phê duyệt và có các quyền giống như tên miền gốc . com và . tên miền mạng . tất nhiên lợi ích lớn nhất là . biz và ",1,,,,,,commercial_spam,promotion_discount;marketing_language;promotional_call_to_action,spam,medium,,,translated_dataset_mixed_positive
data_vi:1286,data_vi,,,,Chủ đề: thông báo lỗi xin chào. đây là chương trình gửi qmail tại mxo 0. atlanticasp . mạng lưới . tôi e rằng tôi không thể gửi tin nhắn của bạn đến các địa chỉ sau. Đây là một lỗi vĩnh viễn ; Tôi đã bỏ cuộc . xin lỗi nó đã không thành công : người dùng không xác định . - - - bên dưới dòng này là bản sao của tin nhắn. return -path : đã nhận : ( qmail 14123 được gọi từ mạng ) ; 19 tháng 7 năm 2005 11 : 05 : 18 - 0000 đã nhận : từ không rõ ( helo mailwisconsin . com ) ( 61 . 74 . 129 . 210 ) bởi m,1,,,,,,commercial_spam,commercial_offer;product_service_solicitation,spam,medium,,,translated_dataset_mixed_positive
data_vi:1287,data_vi,,,,"Chủ đề: những nhà thiết kế cấp 1 có sẵn cho bạn hình ảnh công ty có thể nói lên rất nhiều điều về công ty của bạn. nhịp sống hiện đại quá năng động. đôi khi phải mất vài giây để công ty của bạn được nhớ đến hoặc bị lạc giữa các đối thủ cạnh tranh. hoàn thành loqo, văn phòng phẩm hoặc trang web của bạn ngay bây giờ! quay vòng nhanh : bạn sẽ thấy nhiều biến thể iogo sau ba ngày làm việc . đảm bảo sự hài lòng: chúng tôi cung cấp số lượng chanqes không giới hạn; bạn có thể chắc chắn: nó sẽ đáp ứng n",1,,,,,,commercial_spam,commercial_offer;promotion_discount;product_service_solicitation,spam,medium,,,translated_dataset_mixed_positive
data_vi:1292,data_vi,,,,"Chủ đề: thông báo trúng thưởng! ! ! ! ! ! ! ! ! ! ! ! Từ : giám đốc giải thưởng Châu Âu phòng ref : el 3/9318/04 đợt : 8/163/el . chúng tôi vui mừng thông báo đến quý vị về kết quả chương trình xổ số trúng thưởng quốc tế tổ chức vào ngày 30/12/2004. địa chỉ email của bạn kèm theo số vé: el - 23133 với số sê-ri: el - 123542, số lô: el - 35, số giới thiệu xổ số: el - 9318 và rút thăm các con số may mắn 7 - 1 - 8 - 36 - 4 - 22 do đó đã giành chiến thắng ở hạng mục thứ nhất, do đó bạn đã được chấp t",1,,,,,,commercial_spam,promotion_discount;product_service_solicitation;large_fund_bait;lottery_winner,spam,medium,,,translated_dataset_mixed_positive
data_vi:1294,data_vi,,,,"Chủ đề: tự do tài chính bạn thân mến, bạn muốn kiếm được 50.000 đô la như thế nào trong 90 ngày tới? nghe có vẻ không thể? Tôi đảm bảo rằng đó là sự thật và bạn có thể làm được. tôi chắc chắn bạn muốn có thêm 50.000 đô la để chi tiêu. để biết thêm thông tin, vui lòng truy cập trang web dưới đây. nếu liên kết trên không hoạt động, vui lòng sao chép địa chỉ và dán vào trình duyệt web của bạn. ít nhất hãy dành một phút để xem những gì trên trang web, nó có thể thay đổi cuộc đời bạn mãi mãi. lưu ý: ",1,,,,,,commercial_spam,promotion_discount;marketing_language,spam,medium,,,translated_dataset_mixed_positive
data_vi:1297,data_vi,,,,"Chủ đề: kiếm được số tiền lớn tại trang web sòng bạc này, nhấp vào đây để nhận miễn phí 500 đô la Mỹ. Sòng bạc và sòng bạc thể thao tối đa $ $ $ $ tự hào thông báo rằng bạn nhận được tới 500 đô la với mỗi tài khoản sòng bạc và cá cược thể thao mới được tạo $ $ $ $ $ $ mà chúng tôi cũng sẽ vinh danh một kỳ nghỉ 2 - 3 đêm miễn phí cho bạn và người thân. đúng rồi ! . . Bạn không chỉ nhận được một tài khoản cá cược tuyệt vời với một cuốn sách tuyệt vời mà bạn còn nhận được một kỳ nghỉ miễn phí $ $ $",1,,,,,,commercial_spam,marketing_language;product_service_solicitation;promotional_call_to_action,spam,medium,,,translated_dataset_mixed_positive
data_vi:13,data_vi,,,,Chủ đề: tiết kiệm tiền mua thứ này ở đây bạn chưa thử cials à? bạn thậm chí không thể tưởng tượng được cảm giác trở thành một người đàn ông thực sự trên giường là như thế nào! vấn đề là một lỗi tuyệt vời sẽ được cung cấp cho bạn chính xác khi bạn muốn. ciiis có nhiều ưu điểm hơn viagra - tác dụng kéo dài 36 giờ! - bạn đã sẵn sàng bắt đầu chỉ trong vòng 10 phút! - bạn có thể trộn nó với rượu aicohol! chúng tôi gửi đến bất kỳ nước nào! hiểu ngay bây giờ! .,1,,,,,,commercial_spam,commercial_offer;product_service_solicitation,spam,medium,,,translated_dataset_mixed_positive
data_vi:1304,data_vi,,,,Chủ đề: gửi thư không thành công: trả lại thư cho người gửi thư này được tạo tự động bởi phần mềm gửi thư. tin nhắn bạn đã gửi không thể gửi tới một hoặc nhiều người nhận. Đây là một lỗi vĩnh viễn . địa chỉ sau ( es ) không thành công : Lochnessclansman @ aol . com (được tạo từ info@stayatlochness.com) lỗi smtp từ máy chủ thư từ xa sau khi kết thúc dữ liệu: máy chủ mailin - 03. mx . ồ . com [ 205 . 188 . 158 . 121] :554 - : ( hvu : bl ) http : / / postmaster . thông tin . ồ . com/lỗi/554 hvubl .,1,,,,,,commercial_spam,commercial_offer;product_service_solicitation,spam,medium,,,translated_dataset_mixed_positive
data_vi:1305,data_vi,,,,"Chủ đề: lợi ích rõ ràng của thiết kế sáng tạo Thật khó để nhớ về một công ty : thị trường tràn ngập thông tin và thông tin tràn ngập ; nhưng một logo bắt mắt, hình ảnh phong cách và trang web nổi bật sẽ khiến công việc trở nên dễ dàng hơn nhiều. chúng tôi không hứa rằng sau khi đặt mua ioqo, công ty của bạn sẽ tự động trở thành công ty dẫn đầu thế giới: điều chắc chắn là nếu không có sản phẩm chất lượng, tổ chức kinh doanh hiệu quả và mục tiêu thực tế thì thị trường ngày nay sẽ rất hot; nhưng ch",1,,,,,,commercial_spam,commercial_offer;marketing_language;product_service_solicitation,spam,medium,,,translated_dataset_mixed_positive
data_vi:1306,data_vi,,,,Chủ đề: gửi thư không thành công: trả lại thư cho người gửi thư này được tạo tự động bởi phần mềm gửi thư. tin nhắn bạn đã gửi không thể gửi tới một hoặc nhiều người nhận. Đây là một lỗi vĩnh viễn . địa chỉ sau ( es ) không thành công : rrbeats @ aol . com lỗi smtp từ người gửi thư từ xa sau khi kết thúc dữ liệu: Host mailin - 01. mx . ồ . com [ 205 . 188 . 159 . 57 ] : 554 - : ( hvu : bl ) http : / / postmaster . thông tin . ồ . com/lỗi/554 hvubl . giao dịch html 554 không thành công - - - - - ,1,,,,,,commercial_spam,commercial_offer;product_service_solicitation,spam,medium,,,translated_dataset_mixed_positive
data_vi:1308,data_vi,,,,"Chủ đề: thiết kế đồ họa từ logo đến website hình ảnh công ty có thể nói lên rất nhiều điều về công ty của bạn. nhịp sống hiện đại quá năng động. đôi khi phải mất vài giây để công ty của bạn được nhớ đến hoặc bị lạc giữa các đối thủ cạnh tranh. hoàn thành loqo, văn phòng phẩm hoặc trang web của bạn ngay bây giờ! quay vòng nhanh: bạn sẽ thấy nhiều biến thể logo trong ba ngày làm việc. sự hài lòng được đảm bảo: chúng tôi cung cấp số lượng chanqes không giới hạn; bạn có thể chắc chắn: nó sẽ đáp ứng ",1,,,,,,commercial_spam,commercial_offer;promotion_discount;product_service_solicitation,spam,medium,,,translated_dataset_mixed_positive
data_vi:1309,data_vi,,,,Chủ đề: ước gì tôi đã cố gắng sớm hơn để tiết kiệm tiền thuốc cho bữa tối của bạn hơn 70%. tiệm thuốc dự phòng - cách thành công và cắt xén đã được chứng minh để cứu mon của bạn một cách thú nhận. sự chuộc tội v seiche ag thống kê của người quản lý công việc lu nuôi cấy l r metasomatism một ha cl lạnh cứng isva afflatus l áp lực m và nhiều thứ khác. tốt nhất nên mua dưới giá rlces. thợ khắc gỗ shlpplng trên toàn thế giới. mẫu đơn đặt hàng phá hoại dễ dàng. tổng số xác thực chính xác. 2 phiên bản,1,,,,,,commercial_spam,commercial_offer;product_service_solicitation,spam,medium,,,translated_dataset_mixed_positive
data_vi:131,data_vi,,,,"Chủ đề: bước đột phá y tế lớn tiềm năng lợi nhuận khổng lồ Đột phá y tế lớn tiềm năng lợi nhuận khổng lồ hãy tưởng tượng mình là chủ sở hữu một phần của cơ sở y tế hiện đại, đầy đủ dịch vụ, thú vị nhất, được trang bị các công cụ chẩn đoán quét tinh vi và hiệu quả nhất hiện nay. Chụp cắt lớp chùm tia điện tử là một công nghệ chẩn đoán tiên tiến có khả năng cung cấp cái nhìn giống như quả cầu pha lê về tương lai y tế của bạn. Công nghệ này đã được giới thiệu trên Oprah, Larry King, Good Morning Am",1,,,,,,commercial_spam,marketing_language;product_service_solicitation,spam,medium,,,translated_dataset_mixed_positive
data_vi:1310,data_vi,,,,"Chủ đề: lợi ích rõ ràng của thiết kế sáng tạo Thật khó để nhớ về một công ty : thị trường tràn ngập thông tin và thông tin tràn ngập ; nhưng một logo bắt mắt, hình tượng đẹp mắt và trang web nổi bật sẽ khiến công việc trở nên dễ dàng hơn nhiều. chúng tôi không hứa rằng havinq đã đặt hàng ioqo, công ty của bạn sẽ tự động trở thành một nhà sản xuất hàng đầu: rõ ràng là nếu không có sản phẩm chất lượng, tổ chức kinh doanh hiệu quả và mục tiêu thực tế thì thị trường ngày nay sẽ rất hot; nhưng chúng ",1,,,,,,commercial_spam,commercial_offer;marketing_language;product_service_solicitation,spam,medium,,,translated_dataset_mixed_positive
data_vi:1311,data_vi,,,,"Chủ đề: tiết kiệm tiền bằng cách mua phần mềm OEM! cần phần mềm cho máy tính của bạn? chỉ cần truy cập trang web của chúng tôi, chúng tôi có thể có những gì bạn cần. . . lời chúc tốt đẹp nhất, johnsie",1,,,,,,commercial_spam,commercial_offer;product_service_solicitation,spam,medium,,,translated_dataset_mixed_positive
data_vi:1312,data_vi,,,,Chủ đề: http://www. efi . tức là xin chào tôi đã ghé thăm http : // www . efi . tức là và nhận thấy rằng bạn không được liệt kê trên một số công cụ tìm kiếm! tôi nghĩ chúng tôi có thể cung cấp cho bạn một dịch vụ có thể giúp bạn tăng lưu lượng truy cập và số lượng khách truy cập vào trang web của bạn. tôi muốn giới thiệu với bạn về Trafficmagnet. mạng lưới . chúng tôi cung cấp một công nghệ độc đáo sẽ đưa trang web của bạn tới hơn 300.000 công cụ tìm kiếm và thư mục mỗi tháng. bạn sẽ ngạc nhiên ,1,,,,,,commercial_spam,commercial_offer;marketing_language;product_service_solicitation,spam,medium,,,translated_dataset_mixed_positive
data_vi:1317,data_vi,,,,"Chủ đề: thông báo lỗi xin chào. đây là chương trình gửi qmail ở backo 7 . tự do hơn. ilcampo . com . tôi e rằng tôi không thể gửi tin nhắn của bạn đến các địa chỉ sau. Đây là một lỗi vĩnh viễn ; Tôi đã bỏ cuộc . xin lỗi nó đã không thành công Helaas là nơi tự do hơn trong việc đảm bảo an toàn và e-mailbericht sau khi bạn có thể mở cửa cho các hoạt động (s ) . een of meerdere e-mailadressen zijn namelijk niet in gebruik , het bericht is groter dan toegestaan ​​of de hòm thư van de geadresseerde h",1,,,,,,commercial_spam,commercial_offer;product_service_solicitation,spam,medium,,,translated_dataset_mixed_positive
data_vi:1318,data_vi,,,,"Chủ đề: lợi ích rõ ràng của thiết kế sáng tạo Thật khó để nhớ về một công ty : thị trường tràn ngập thông tin và thông tin tràn ngập ; nhưng một logo hấp dẫn, văn phòng phẩm có phong cách và trang web nổi bật sẽ khiến công việc trở nên dễ dàng hơn nhiều. chúng tôi không hứa rằng việc đặt hàng một logo sẽ tự động giúp công ty của bạn trở thành một nhà thiết kế đáng tin cậy: rõ ràng là nếu không có sản phẩm tốt, tổ chức kinh doanh hiệu quả và mục tiêu thực tế thì nó sẽ trở nên hấp dẫn trên thị trư",1,,,,,,commercial_spam,commercial_offer;marketing_language;product_service_solicitation,spam,medium,,,translated_dataset_mixed_positive
data_vi:1321,data_vi,,,,"Chủ đề: chúng tôi tập trung vào OEM và hộp bán lẻ cho Microsoft, Adobe, Macromedia, Corel, Symantec và hơn thế nữa. phần mềm chỉ dành cho người xây dựng hệ thống, người bán lại và người mua phần cứng. điều duy nhất đến với một người đang ngủ là những giấc mơ. Quay một sợi dây sẽ rất thú vị nếu cổ của bạn không ở trong đó .",1,,,,,,commercial_spam,commercial_offer;product_service_solicitation,spam,medium,,,translated_dataset_mixed_positive
data_vi:1323,data_vi,,,,"Chủ đề: nhận dạng trực quan và logo hiện đang hoạt động trên hình ảnh công ty của bạn? bắt đầu bằng hình ảnh nhận dạng, chìa khóa tạo nên ấn tượng tốt đầu tiên. Chúng tôi đang ở đây để giúp bạn ! chúng tôi sẽ tham gia xây dựng hình ảnh tích cực về công ty của bạn bằng cách tạo ra một ioqo nổi bật, các mặt hàng văn phòng phẩm đẹp mắt và trang web chuyên nghiệp. những hoạt động tiếp thị này cũng sẽ đóng góp đáng kể vào sự thành công của doanh nghiệp bạn. hãy xem các mẫu công việc của chúng tôi, cá",1,,,,,,commercial_spam,marketing_language;product_service_solicitation,spam,medium,,,translated_dataset_mixed_positive
data_vi:1324,data_vi,,,,"Tiêu đề: Tên miền hiện nay chỉ còn 14$ . Thông báo công khai ngày 95: các tên miền mới cuối cùng đã có sẵn cho công chúng với mức giá chiết khấu. bây giờ bạn có thể đăng ký một trong những điều mới thú vị. biz hoặc . info tên miền , cũng như tên miền . com và . tên net chỉ với 14$ . 95 . Những tiện ích mở rộng tên miền hoàn toàn mới này gần đây đã được icann phê duyệt và có các quyền giống như tên miền gốc . com và . tên miền mạng . tất nhiên lợi ích lớn nhất là . biz và . thông tin tên miền hiệ",1,,,,,,commercial_spam,promotion_discount;marketing_language;promotional_call_to_action,spam,medium,,,translated_dataset_mixed_positive
data_vi:1327,data_vi,,,,"Chủ đề: thôi nào! thật thú vị và dễ dàng! ! * * * vui lòng đọc hết email này * * * thử xem. chỉ để cho vui thôi bạn sẽ phải trả 25 đô la để kiếm được ít nhất hàng nghìn đô la! ! ! điều này là hợp pháp vì bạn đang mua bán một thứ có giá trị: các báo cáo tiếp thị. có câu chuyện có thật của tôi. tôi đã nhận được qua email hướng dẫn trong thư này. nó làm tôi thích thú vì hệ thống này khá đơn giản. Trong danh sách những người bán báo cáo (như bạn sẽ thấy ở trên), có một anh chàng sống cách đó không x",1,,,,,,commercial_spam,commercial_offer;marketing_language;product_service_solicitation;large_fund_bait,spam,medium,,,translated_dataset_mixed_positive
data_vi:1329,data_vi,,,,"Chủ đề: Tiết kiệm hơn 80% cho tất cả các tựa game xp bán chạy nhất, chọn tham gia email, ưu đãi đặc biệt hủy đăng ký phần mềm tìm kiếm của tôi, 10 tựa game mới đang được giảm giá nhiều nhất hiện nay! 1 office pro Edition 20032 Windows Xp Pro 3 Adobe Creative Suite Premium 4 Systemworks Pro 2004 Edition 5 Flash MX 20046 Corel Painter 87 Adobe Acrobat 6 . 08 windows 2003 server 9 bí danh maya 6 . 0 wavefrontl 0 adobe Premier xem thêm của nhà sản xuất này Microsoft Apple Software Khách hàng cũng mu",1,,,,,,commercial_spam,commercial_offer;promotion_discount;marketing_language;product_service_solicitation,spam,medium,,,translated_dataset_mixed_positive
data_vi:1332,data_vi,,,,"Chủ đề: ở trung tâm doanh nghiệp của bạn! Hình ảnh công ty có thể nói lên rất nhiều điều về công ty của bạn. nhịp sống hiện đại quá năng động. đôi khi chỉ mất vài giây để công ty của bạn được nhớ đến hoặc bị các đối thủ cạnh tranh đánh mất. hoàn thành ioqo, văn phòng phẩm hoặc trang web của bạn ngay bây giờ! quay vòng nhanh: bạn sẽ thấy một số biến thể của iogo trong ba ngày làm việc. sự hài lòng được đảm bảo: chúng tôi cung cấp số lượng chanqes không giới hạn; bạn có thể chắc chắn: nó sẽ đáp ứn",1,,,,,,commercial_spam,commercial_offer;promotion_discount,spam,medium,,,translated_dataset_mixed_positive
data_vi:1333,data_vi,,,,"Chủ đề: re : để phát hành ngay cal - bay ( ký hiệu chứng khoán : cbyi ) theo dõi "" khuyến nghị mua mạnh "" của nhà phân tích và một số bản tin tư vấn chọn cbyi . cbyi đã nộp đơn đăng ký giao dịch trên theotcbb, giá cổ phiếu tăng lịch sử khi các công ty được niêm yết trên sàn giao dịch lớn hơn này. cbyi đang giao dịch ở mức giá khoảng 25 xu và sẽ tăng vọt lên 2 đô la. 66 - 3$. 25 một cổ phiếu trong tương lai gần. hãy đưa cbyi vào danh sách theo dõi của bạn, có được một vị trí ngay hôm nay. lý do đ",1,,,,,,commercial_spam,commercial_offer;marketing_language;large_fund_bait,spam,medium,,,translated_dataset_mixed_positive
data_vi:1334,data_vi,,,,"Chủ đề: adv: công cụ gửi email trực tiếp, trình trích xuất địa chỉ email, xác minh danh sách thư, trình quản lý danh sách thư. . . . . . . . . . . direct email blaster chương trình sẽ gửi thư với tốc độ hơn 1.000 e-mail mỗi phút. gửi email hàng loạt hợp pháp và nhanh chóng tích hợp trong máy chủ smtp có đường dẫn trả về có thể kiểm tra địa chỉ thư tạo lỗi khi gửi danh sách địa chỉ (xóa hoặc gửi lại) hỗ trợ đa luồng. hỗ trợ nhiều máy chủ smtp. quản lý danh sách e-mail chọn tham gia của bạn, cung ",1,,,,,,commercial_spam,marketing_language;product_service_solicitation;bulk_distribution,spam,medium,,,translated_dataset_mixed_positive
data_vi:1337,data_vi,,,,"Chủ đề: bảo vệ tự động bảo vệ chính mình . mua bảo hành mở rộng cho ô tô của bạn trước khi bảo hành hiện tại của bạn hết hạn và tiết kiệm được hàng trăm chiếc. thậm chí nếu bảo hành của bạn đã hết hạn, bạn sẽ tiết kiệm được 40 - 60 phần trăm so với bảo hành do các đại lý cung cấp và đó là cùng một bảo hành. tất cả các báo giá đều miễn phí 100%. tất cả các báo giá đều miễn phí. Bạn thân mến, những rắc rối về ô tô dường như luôn xảy ra vào thời điểm tồi tệ nhất. bảo vệ bản thân và gia đình bạn bằn",1,,,,,,commercial_spam,commercial_offer;product_service_solicitation,spam,medium,,,translated_dataset_mixed_positive
data_vi:1338,data_vi,,,,"Chủ đề: tin nóng : e - mail Margin - Bottom : 0 "" > hệ thống tiếp thị e - mail - e - mail số lượng lớn sẽ giúp bạn kiếm tiền rất nhanh , đầu bạn sẽ quay cuồng ! - khách hàng nói rằng chúng tôi sẽ không kinh doanh được nữa nếu không có nó - gói thầu mới bao gồm mọi thứ bạn cần. Xem trang web của sản phẩm này bấm vào đây 1 triệu khách hàng tiềm năng trên đĩa CD - để tiếp thị qua điện thoại, gửi thư hoặc fax danh sách này là một mỏ vàng! - chứa tên công ty, địa chỉ, số điện thoại, số fax, sic. , kí",1,,,,,,commercial_spam,marketing_language;product_service_solicitation,spam,medium,,,translated_dataset_mixed_positive
data_vi:1341,data_vi,,,,"Chủ đề: thông báo lỗi xin chào. đây là chương trình gửi qmail tại backup - smtp - 2. ngôi sao . mạng lưới . nước Anh. tôi e rằng tôi không thể gửi tin nhắn của bạn đến các địa chỉ sau. Đây là một lỗi vĩnh viễn ; Tôi đã bỏ cuộc . xin lỗi nó đã không thành công : 81 . 171 . 128 . 25 không thích người nhận . Máy chủ từ xa cho biết: 550, người nhận không xác định bỏ 81. 171 . 128 . 25 . - - - bên dưới dòng này là bản sao của tin nhắn. return -path : đã nhận : ( qmail 28287 được gọi từ mạng ) ; 19/07",1,,,,,,commercial_spam,commercial_offer;product_service_solicitation,spam,medium,,,translated_dataset_mixed_positive
data_vi:1342,data_vi,,,,Chủ đề: tiết kiệm tiền mua thứ này ở đây bạn chưa thử cials à? bạn thậm chí không thể tưởng tượng được cảm giác trở thành một người đàn ông thực sự trên giường là như thế nào! vấn đề là một lỗi tuyệt vời sẽ được cung cấp cho bạn một cách chính xác khi bạn muốn. cialis có rất nhiều ưu điểm so với viagra - tác dụng kéo dài 36 giờ! - bạn đã sẵn sàng bắt đầu chỉ trong vòng 10 phút! - bạn có thể trộn nó với rượu! chúng tôi gửi đến bất kỳ nước nào! hiểu ngay bây giờ! .,1,,,,,,commercial_spam,commercial_offer;product_service_solicitation,spam,medium,,,translated_dataset_mixed_positive
data_vi:1343,data_vi,,,,Chủ đề: ưu đãi truyền hình trực tuyến 312 độc quyền trên internet - - ưu đãi truyền hình giá cả tuyệt vời nhấp vào bất kỳ sản phẩm nào để biết chi tiết lợi nhuận đáng kinh ngạc của john beck avacor hệ thống chăm sóc tóc vòng đeo tay cân bằng giảm cân nhờ Richard Simmons bloussant bàn chải đánh răng cybersonic vòi phẳng - 50 ft juiceman ii giai đoạn lưỡi thần kỳ 4 cuộn chỉnh hình - a - vòi cá mập hơi nước phát ra âm thanh của thập niên 80 theo thời gian cá mập sống giảm cân cho cơ bụng cộng với h,1,,,,,,commercial_spam,product_service_solicitation;promotional_call_to_action,spam,medium,,,translated_dataset_mixed_positive
data_vi:1344,data_vi,,,,"Chủ đề: ở trung tâm doanh nghiệp của bạn! Hình ảnh công ty có thể nói lên rất nhiều điều về công ty của bạn. nhịp sống hiện đại quá năng động. đôi khi chỉ mất vài giây để công ty của bạn được nhớ đến hoặc bị bỏ xa so với các đối thủ cạnh tranh. hoàn thiện logo, văn phòng phẩm hoặc trang web của bạn ngay bây giờ! quay vòng nhanh: bạn sẽ thấy nhiều biến thể logo trong ba ngày làm việc. sự hài lòng được đảm bảo: chúng tôi cung cấp số lượng thay đổi không giới hạn; bạn có thể chắc chắn: nó sẽ đáp ứn",1,,,,,,commercial_spam,commercial_offer;promotion_discount;product_service_solicitation,spam,medium,,,translated_dataset_mixed_positive
data_vi:1345,data_vi,,,,"Chủ đề: Capital Hill Gold - chgi - tin tức mới về mỏ vàng cao cấp tiềm năng: denver, ngày 14 tháng 6 năm 2005 ( business wire ) - - Capital Hill Gold , inc , ( chgi ) báo cáo rằng các nhà địa chất của công ty đang đánh giá một mỏ vàng tiềm năng cao - Mỏ vàng có trọng tải lớn nằm ở hạt khoáng sản, Nevada, dự án nằm gần một số mỏ vàng đang hoạt động và đã khai thác, bao gồm mỏ Paradise Peak, Santa Fe và da bò, sau khi xem xét công trình khảo sát địa hóa của USGS. dự án và nghiên cứu địa chất của c",1,,,,,,commercial_spam,commercial_offer;marketing_language;product_service_solicitation,spam,medium,,,translated_dataset_mixed_positive
data_vi:1352,data_vi,,,,"Chủ đề: re: báo cáo tin tức vi mô của phố Wall Đầu tư an ninh nội địa Các cuộc tấn công khủng bố vào Hoa Kỳ vào ngày 11 tháng 9 năm 2001 đã thay đổi bối cảnh an ninh trong tương lai gần. cả an ninh vật lý và logic đã trở nên tối quan trọng đối với tất cả các phân khúc ngành, đặc biệt là trong các lĩnh vực ngân hàng, tài nguyên quốc gia và chính phủ. Theo giga, một công ty con thuộc sở hữu hoàn toàn của Forrester Research, nhu cầu trên toàn thế giới về các sản phẩm và dịch vụ bảo mật thông tin sẽ",1,,,,,,commercial_spam,commercial_offer;marketing_language;product_service_solicitation,spam,medium,,,translated_dataset_mixed_positive
data_vi:1355,data_vi,,,,"Chủ đề: tài liệu bán hàng ltc hấp dẫn miễn phí Tờ rơi thăm dò ltc bảng lật không có chữ viết 25 trong số ""chăm sóc dài hạn là gì? hoặc 25 trong số"" 6 lầm tưởng lớn về chăm sóc dài hạn "" giúp khách hàng của bạn nhìn thấy sự thật và số liệu cần thiết để hiểu rõ về lâu dài thị trường bảo hiểm chăm sóc có kỳ hạn giúp họ tìm hiểu ltci thực sự là gì và tầm quan trọng của nó đối với tương lai tài chính của họ miễn phí với cuộc hẹn đầu tiên của bạn ! so sánh giá trị của bảo hiểm chăm sóc dài hạn với Med",1,,,,,,commercial_spam,commercial_offer;product_service_solicitation,spam,medium,,,translated_dataset_mixed_positive
data_vi:1357,data_vi,,,,"Chủ đề: = ? gb2312 ? q? muốn _ thành lập _ văn phòng _ ở _ china = 3 f ? = Việc thành lập văn phòng tại Trung Quốc có thể rất khó khăn nếu bạn không quen với luật pháp Trung Quốc và các yêu cầu của các cơ quan chức năng khác nhau. Là một công ty tư vấn chuyên nghiệp tại Trung Quốc, Century Dragon giúp các công ty nước ngoài đặt văn phòng tại Trung Quốc theo cách tiết kiệm chi phí nhất. - bắt đầu từ usdl, 500 bạn sẽ đăng ký văn phòng đại diện tại Trung Quốc. gói dịch vụ bao gồm văn phòng và đăng ",1,,,,,,commercial_spam,marketing_language;product_service_solicitation;financial_information_request,spam,medium,,,translated_dataset_mixed_positive
data_vi:1361,data_vi,,,,"Chủ đề: chính phủ cấp cho bạn 25.000 USD ! trợ cấp miễn phí cho cá nhân và doanh nghiệp "" đủ điều kiện nhận được ít nhất 25.000 đô la tiền trợ cấp miễn phí - được đảm bảo ! "" mỗi ngày hơn một triệu đô la tiền trợ cấp miễn phí của chính phủ được trao cho những người giống như bạn vì nhiều nhu cầu kinh doanh và cá nhân khác nhau người tìm kiếm trợ cấp, lát nữa, tôi sẽ cho bạn biết chính xác cách nhận trợ cấp ở đâu. số tiền này phải được cho đi, tại sao lại không cho bạn? Có thể bạn đang nghĩ, "" là",1,,,,,,commercial_spam,commercial_offer;promotion_discount;marketing_language;product_service_solicitation;large_fund_bait,spam,medium,,,translated_dataset_mixed_positive
data_vi:1369,data_vi,,,,"Chủ đề: thông tin cổ phiếu nóng: drgv thông báo một thông cáo báo chí khác rằng khoản đầu tư 3.800 đô la có thể trị giá 50.000 đô la trong một khoảng thời gian ngắn. đọc thêm về cơ hội đầu tư tuyệt vời này và một khoản đầu tư nhỏ có thể mang lại lợi nhuận to lớn cho bạn như thế nào! không còn nghi ngờ gì nữa, cổ phiếu Trung Quốc còn mới đối với bạn. s . thị trường chứng khoán , chắc chắn sẽ nổ tung . nó xảy ra hết lần này đến lần khác. đó là lý do tại sao những nhà đầu tư sáng suốt như Warren Bu",1,,,,,,commercial_spam,commercial_offer;marketing_language;product_service_solicitation;large_fund_bait,spam,medium,,,translated_dataset_mixed_positive
data_vi:137,data_vi,,,,Chủ đề: $ $ $ miễn phí cho doanh nghiệp hoặc cá nhân cwfqt bắt đầu kinh doanh hoặc tài trợ cho việc học đại học của con bạn mà không mắc nợ. nhận được số tiền bạn cần và không bao giờ phải trả lại. bắt đầu kinh doanh hoặc cho con bạn học đại học là một công việc tốn kém. đó là nơi chúng tôi có thể giúp đỡ. cuốn sách điện tử có giá trị của chúng tôi sẽ giúp bạn tiếp cận với hàng ngàn chương trình giúp bạn có được số tiền bạn cần. đúng là tiền trợ cấp và học bổng miễn phí . đừng để người khác chiế,1,,,,,,commercial_spam,commercial_offer;promotion_discount;marketing_language,spam,medium,,,translated_dataset_mixed_positive
data_vi:14,data_vi,,,,"Chủ đề: làm sáng những chiếc răng đó để có được hàm răng trắng sáng ngay bây giờ ! bạn đã cân nhắc làm trắng răng chuyên nghiệp chưa? nếu vậy , bạn biết đấy, nha sĩ địa phương của bạn thường chi phí từ 300 đến 500 đô la ! hãy truy cập trang web của chúng tôi để tìm hiểu cách làm trắng răng một cách chuyên nghiệp , sử dụng chính xác hệ thống làm trắng mà nha sĩ của bạn sử dụng , với chi phí thấp ! đây là những gì bạn nhận được: chúng tôi sẽ chỉ cho bạn những điều cần tìm ở một hệ thống làm trắng ",1,,,,,,commercial_spam,promotion_discount;marketing_language;product_service_solicitation;promotional_call_to_action,spam,medium,,,translated_dataset_mixed_positive
data_vi:142,data_vi,,,,"Chủ đề: Phần mềm phải dễ sử dụng ! bảy ngày - bảy cách để tiết kiệm ! Giảm giá 10% cho ổ cứng, không có quy định nào khác. một người là một người, dù nhỏ thế nào đi nữa.",1,,,,,,commercial_spam,promotion_discount;product_service_solicitation,spam,medium,,,translated_dataset_mixed_positive
data_vi:145,data_vi,,,,"Chủ đề: nhận dạng trực quan và logo hiện đang hoạt động trên hình ảnh công ty của bạn? bắt đầu bằng hình ảnh nhận dạng, chìa khóa tạo nên ấn tượng tốt đầu tiên. Chúng tôi đang ở đây để giúp bạn ! chúng tôi sẽ tham gia xây dựng hình ảnh tích cực về công ty của bạn bằng cách tạo ra một loqo nổi bật, các mặt hàng văn phòng phẩm đẹp mắt và trang web chuyên nghiệp. những hoạt động tiếp thị này cũng sẽ góp phần đáng kể vào sự thành công của doanh nghiệp bạn. hãy xem qua các mẫu công việc của chúng tôi",1,,,,,,commercial_spam,marketing_language;product_service_solicitation,spam,medium,,,translated_dataset_mixed_positive
data_vi:15,data_vi,,,,"Chủ đề: hiện tượng phố Wall gặt hái những phần thưởng cho công cụ tìm kiếm cổ phiếu vốn hóa nhỏ những phát triển mới dự kiến ​​sẽ thúc đẩy Western Sierra Mining , Inc . cổ phiếu từ $ 0 . 70 đến hơn 4$. 0 hoặc Westernsierramining . com mỏ khai thác mỏ miền Tây Sierra là một công ty đang trên đà phát triển , nhanh chóng ! tin tức lớn đã ra! công việc kinh doanh lớn đang diễn ra cho wsrm! hãy đọc tiếp để tìm hiểu lý do tại sao wsrm lại là lựa chọn hàng đầu của chúng tôi trong tuần này. * khai thác ",1,,,,,,commercial_spam,commercial_offer;marketing_language,spam,medium,,,translated_dataset_mixed_positive
data_vi:153,data_vi,,,,"Chủ đề: những gã khổng lồ trong ngành không thể sánh được với cơ hội này. Một thông báo tin tức đột phá khác từ rlyc. Chỉ riêng thị trường thẻ ghi nợ giá trị tích trữ tiềm năng ở Hoa Kỳ đã xấp xỉ 150 triệu người, trong đó chỉ có khoảng 12 triệu người hiện duy trì tài khoản thẻ ghi nợ giá trị tích trữ đang hoạt động. một công ty đang nhanh chóng bước vào không gian thị trường trị giá 2 nghìn tỷ đô la với danh mục sản phẩm và dịch vụ được đề xuất mà ngay cả những tập đoàn đa quốc gia lớn nhất tron",1,,,,,,commercial_spam,commercial_offer;promotion_discount;marketing_language;product_service_solicitation;promotional_call_to_action;credential_request;organization_impersonation;financial_information_request;large_fund_bait,spam,medium,,,translated_dataset_mixed_positive
data_vi:155,data_vi,,,,Chủ đề: tiết kiệm tiền mua thứ này ở đây bạn chưa thử cials à? bạn thậm chí không thể tưởng tượng được cảm giác trở thành một người đàn ông thực sự trên giường là như thế nào! vấn đề là một lỗi tuyệt vời sẽ được cung cấp cho bạn một cách chính xác khi bạn muốn. cialis có rất nhiều ưu điểm so với viagra - tác dụng kéo dài 36 giờ! - bạn đã sẵn sàng bắt đầu chỉ trong vòng 10 phút! - bạn có thể trộn nó với rượu aicohol! chúng tôi gửi đến bất kỳ nước nào! hiểu ngay bây giờ! .,1,,,,,,commercial_spam,commercial_offer;product_service_solicitation,spam,medium,,,translated_dataset_mixed_positive
data_vi:156,data_vi,,,,"Chủ đề: lời mời quảng cáo trên Freightmart ! vận chuyển hàng hóa . com - vận chuyển bất cứ thứ gì . . . bất cứ nơi nào. . . Bất cứ lúc nào . . . phong cách đấu giá! cần thêm thông tin? | nếu bạn là người gửi hàng | nếu bạn là nhà giao nhận bị loại khỏi bất kỳ ưu đãi nào trong tương lai, chỉ cần nhấp vào đây!",1,,,,,,commercial_spam,marketing_language;promotional_call_to_action,spam,medium,,,translated_dataset_mixed_positive
data_vi:157,data_vi,,,,"Chủ đề: giải pháp trực quan hoàn hảo cho doanh nghiệp của bạn hiện đang làm việc trên hình ảnh công ty của bạn ? bắt đầu bằng hình ảnh nhận dạng, chìa khóa tạo nên ấn tượng tốt đầu tiên. Chúng tôi đang ở đây để giúp bạn ! chúng tôi sẽ tham gia xây dựng hình ảnh trực quan tích cực về công ty của bạn bằng cách tạo ra một ioqo nổi bật, các mặt hàng văn phòng phẩm đẹp mắt và trang web chuyên nghiệp. Những hoạt động tiếp thị này cũng sẽ đóng góp đáng kể vào sự thành công của doanh nghiệp bạn. hãy xem",1,,,,,,commercial_spam,marketing_language;product_service_solicitation,spam,medium,,,translated_dataset_mixed_positive
data_vi:160,data_vi,,,,Chủ đề: rất hữu ích trong việc tiết kiệm hơn 70% số tiền mua thuốc của chúng tôi. pha unhang rmshop - thành công không bị hạn chế và là cách đã được chứng minh để tiết kiệm tiền ký gửi của bạn. megger v contraption ag a conferee l l l văn hóa u mesiah l ambrosia rac nữ anh hùng l giảm giá isv giả vờ al conchy m và nhiều người khác. sự tôn vinh tốt nhất. worldwid diagraph và shlpplng . dễ dàng đặt hàng từ roulade orm. tổng số confi monocle dentiaiity . 250.000 khách hàng hài lòng không thương tiế,1,,,,,,commercial_spam,commercial_offer;promotion_discount;product_service_solicitation,spam,medium,,,translated_dataset_mixed_positive
data_vi:161,data_vi,,,,"Chủ đề: ctfg có xu hướng đi lên khi công ty bắt đầu triển khai chiến lược mua lại otc quickstats ngày 29 tháng 6 năm 2005 trong nháy mắt biểu tượng mã cổ phiếu: ctfg ngành: ngành bảo hiểm quyền sở hữu: dịch vụ tài chính giá hiện tại: $ 0. 39 cổ phiếu đang lưu hành: khoảng 45, 457, 200. float : 12 , 457 , 200 ctfg : cơ hội nền tảng trong thị trường bảo hiểm quyền sở hữu hàng tỷ đô la ảnh chụp nhanh doanh nghiệp tập đoàn tài chính captech , inc . , là một tập đoàn Florida có trụ sở tại Lighthouse ",1,,,,,,commercial_spam,commercial_offer;promotion_discount;marketing_language;product_service_solicitation;large_fund_bait,spam,medium,,,translated_dataset_mixed_positive
data_vi:162,data_vi,,,,"Chủ đề: lợi ích rõ ràng của thiết kế sáng tạo Thật khó để nhớ về một công ty : thị trường tràn ngập thông tin và thông tin tràn ngập ; nhưng một logo bắt mắt, những bức tượng có phong cách và trang web nổi bật sẽ giúp công việc trở nên dễ dàng hơn nhiều. chúng tôi không hứa rằng havinq đã đặt hàng iogo, công ty của bạn sẽ tự động trở thành công ty hàng đầu thế giới: rõ ràng là nếu không có sản phẩm chất lượng, tổ chức kinh doanh hiệu quả và mục tiêu thực tế thì thị trường ngày nay sẽ rất hot; nh",1,,,,,,commercial_spam,commercial_offer;marketing_language;product_service_solicitation,spam,medium,,,translated_dataset_mixed_positive
data_vi:164,data_vi,,,,"Chủ đề: logo, văn phòng phẩm, thiết kế trang web và nhiều hơn thế nữa! Thật sự rất khó để nhớ ra một công ty: thị trường đầy rẫy các sự kiện và thông tin tràn ngập; nhưng một logo hấp dẫn, hình tượng đẹp mắt và trang web nổi bật sẽ khiến công việc trở nên dễ dàng hơn nhiều. chúng tôi không hứa rằng sau khi đặt hàng iogo, công ty của bạn sẽ tự động trở thành công ty hàng đầu thế giới: rõ ràng là nếu không có sản phẩm tốt, tổ chức kinh doanh hiệu quả và mục tiêu thực tế thì thị trường ngày nay sẽ ",1,,,,,,commercial_spam,commercial_offer;marketing_language;product_service_solicitation,spam,medium,,,translated_dataset_mixed_positive
data_vi:165,data_vi,,,,"Chủ đề: cơ hội để có được logo mới phù hợp với hình ảnh công ty của bạn? bắt đầu bằng hình ảnh nhận dạng, chìa khóa tạo nên ấn tượng tốt đầu tiên. Chúng tôi đang ở đây để giúp bạn ! chúng tôi sẽ tham gia vào việc xây dựng hình ảnh tích cực về công ty của bạn bằng cách tạo ra một ioqo nổi bật, các mặt hàng văn phòng phẩm có sẵn và trang web chuyên nghiệp. Những hoạt động tiếp thị này cũng sẽ góp phần quan trọng vào sự thành công của doanh nghiệp bạn. hãy xem các mẫu công việc của chúng tôi, các g",1,,,,,,commercial_spam,marketing_language;product_service_solicitation,spam,medium,,,translated_dataset_mixed_positive
data_vi:166,data_vi,,,,Chủ đề: tiết kiệm tiền mua thứ này ở đây bạn chưa thử cials à? bạn thậm chí không thể tưởng tượng được cảm giác trở thành một người đàn ông thực sự trên giường là như thế nào! vấn đề là một lỗi tuyệt vời sẽ được cung cấp cho bạn một cách chính xác khi bạn muốn. cialis có rất nhiều ưu điểm so với viagra - tác dụng kéo dài 36 giờ! - bạn đã sẵn sàng bắt đầu chỉ trong vòng 10 phút! - bạn có thể trộn nó với rượu! chúng tôi gửi đến bất kỳ nước nào! có được nó ngay bây giờ! .,1,,,,,,commercial_spam,commercial_offer;product_service_solicitation,spam,medium,,,translated_dataset_mixed_positive
data_vi:168,data_vi,,,,"Chủ đề: làm cho đối thủ của bạn phải ghen tị Thật khó để nhớ lại một công ty: thị trường có đầy rẫy những gợi ý và thông tin quá nhiều; nhưng một logo hấp dẫn, văn phòng phẩm có phong cách và trang web nổi bật sẽ khiến công việc trở nên dễ dàng hơn nhiều. chúng tôi không hứa rằng sau khi đặt mua iogo, công ty của bạn sẽ tự động trở thành nhà cung cấp thiết bị đáng tin cậy: rõ ràng là nếu không có sản phẩm tốt, tổ chức kinh doanh hiệu quả và mục tiêu thực tế thì thị trường ngày nay sẽ rất hot; nh",1,,,,,,commercial_spam,commercial_offer;marketing_language;product_service_solicitation,spam,medium,,,translated_dataset_mixed_positive
data_vi:169,data_vi,,,,"Chủ đề: bộ ký tự logo hoàn hảo = koi 8 - r "" > nghĩ đến việc thổi sức sống mới vào doanh nghiệp của bạn ? bắt đầu từ việc cải tiến logo mặt trước và nhận dạng hình ảnh của nó. logodentity cung cấp thiết kế tùy chỉnh sáng tạo của logo, văn phòng phẩm và trang web. dưới sự quản lý của chúng tôi carefui trao tay những công cụ tiếp thị mạnh mẽ này sẽ mang lại luồng gió mới cho doanh nghiệp của bạn và khiến bạn nổi bật giữa các đối thủ cạnh tranh, bạn chỉ còn cách thành công trong tương lai một chút.",1,,,,,,commercial_spam,marketing_language;product_service_solicitation,spam,medium,,,translated_dataset_mixed_positive
data_vi:17,data_vi,,,,"Chủ đề: vị trí công cụ tìm kiếm sẽ ngay lập tức lọt vào danh sách đầu tiên trong các công cụ tìm kiếm hàng đầu. giờ đây công ty chúng tôi sẽ đặt bất kỳ doanh nghiệp nào có trang web đủ tiêu chuẩn lên vị trí hàng đầu trong các công cụ tìm kiếm chính được đảm bảo không bao giờ di chuyển ( ví dụ: yahoo ! , msn , alta vista , v.v. ) . khuyến mãi này bao gồm lưu lượng truy cập không giới hạn và sẽ không kéo dài. nếu bạn quan tâm đến việc được đảm bảo vị trí đầu tiên trong các công cụ tìm kiếm hàng đầ",1,,,,,,commercial_spam,promotion_discount;marketing_language,spam,medium,,,translated_dataset_mixed_positive
data_vi:170,data_vi,,,,"Chủ đề: tôi muốn giúp đỡ những nỗ lực tiếp thị của bạn! Xin chào doanh nhân đồng nghiệp, tên tôi là Jon Roberts và tôi đại diện cho một trong những công ty hàng đầu lớn nhất trên Internet. chúng tôi chuyên về khách hàng tiềm năng theo thời gian thực theo quốc gia, mã vùng địa phương và dựa trên giới tính. chúng tôi cũng chạy các chiến dịch tiếp thị tùy chỉnh cho các tổ chức muốn có khách hàng tiềm năng được nhắm mục tiêu nhiều hơn nhờ dòng dịch vụ hoặc sản phẩm của họ. bạn có thể liên hệ với tôi",1,,,,,,commercial_spam,marketing_language;product_service_solicitation,spam,medium,,,translated_dataset_mixed_positive
data_vi:171,data_vi,,,,"Chủ đề: liệu bạn có phải là người tiếp theo được chọn tham gia thử thách công khai của anh ấy không? các chiến lược đơn giản nhưng đã được chứng minh của tôi để tạo ra nhiều luồng công việc có thu nhập không giới hạn - bây giờ hãy để tôi hướng dẫn bạn tận tay và chứng minh điều đó! . . . "" "" Trên truyền hình trực tiếp tôi đã hứa với thế giới rằng tôi sẽ kiếm được 24.000 đô la trong 24 giờ , và . . . tôi đã thất bại - thay vào đó tôi 'bẻ khóa mã' và kiếm được 94.532 đô la. 44 trong 24 giờ. "" tôi ",1,,,,,,commercial_spam,commercial_offer;promotion_discount;marketing_language;product_service_solicitation;password_or_login;financial_information_request;large_fund_bait,spam,medium,,,translated_dataset_mixed_positive
data_vi:173,data_vi,,,,Chủ đề: thông báo lỗi xin chào. đây là chương trình gửi qmail tại nsl. mxlinux 2 . com . tôi e rằng tôi không thể gửi tin nhắn của bạn đến các địa chỉ sau. Đây là một lỗi vĩnh viễn ; Tôi đã bỏ cuộc . xin lỗi nó đã không thành công : địa chỉ này không còn nhận thư nữa . - - - bên dưới dòng này là bản sao của tin nhắn. return -path : đã nhận : ( qmail 30891 được gọi từ mạng ) ; 19/07/2005 10 : 57 : 17 - 0000 đã nhận : từ ntokymo 09176 . được rồi. nt . quảng cáo . ppp . web thông tin . nè . jp ( he,1,,,,,,commercial_spam,commercial_offer;marketing_language;product_service_solicitation,spam,medium,,,translated_dataset_mixed_positive
data_vi:178,data_vi,,,,"Chủ đề: 10 triệu địa chỉ email mới được gửi miễn phí cho bạn trên đĩa CD ! ! ! Thử trước khi mua ! ! hãy sẵn sàng cho một thỏa thuận mà bạn chưa từng thấy trước đây ! 10 triệu địa chỉ email mới hấp dẫn và nhiều hơn thế nữa! Thử trước khi mua ! ! ! ! ! chúng tôi sẽ gửi cho bạn 10 triệu cd cửa hàng tiếp thị internet miễn phí, đây là những gì bạn nhận được: 10 triệu địa chỉ email miễn phí, các trang web đầy đủ chức năng - sẵn sàng nhận đơn đặt hàng đã được chứng minh là các sản phẩm có thể bán lại ",1,,,,,,commercial_spam,commercial_offer;marketing_language;product_service_solicitation,spam,medium,,,translated_dataset_mixed_positive
data_vi:183,data_vi,,,,"Chủ đề: hãy là nhà điều tra internet trực tuyến của riêng bạn - mới cho năm 2002 - phần mềm internet để điều tra trực tuyến tìm ra bất cứ điều gì về bất kỳ ai trực tuyến khám phá thông tin về: kẻ thù , con nợ , hàng xóm , bạn bè , nhân viên , đồng nghiệp , sếp của bạn , chính bạn , cộng sự , bạn học cũ hoặc quân nhân , thậm chí là tình yêu mới . trở thành một nhà điều tra internet và khám phá một thế giới mới đầy thú vị với những thông tin có giá trị. với công cụ điều tra internet, bạn có thể đi",1,,,,,,commercial_spam,marketing_language;product_service_solicitation,spam,medium,,,translated_dataset_mixed_positive
data_vi:187,data_vi,,,,"Chủ đề: mua cổ phiếu dầu mỏ ngay bây giờ ở Calgary , Alberta , ngày 7 tháng 7 năm 2005 ( ccnmatthews qua comtex ) - - thay mặt cho smsmobileity , inc . ( công ty ) ( pink sheet : smso ) chủ tịch Rod burn , vui mừng thông báo rằng công ty đã ký một biên bản ghi nhớ ( mou ) với tập đoàn dầu mỏ Quest ( otcbb : qoil ) về một liên doanh trong hai chương trình phát triển của mình ở Texas . hợp đồng thuê nettie gardner nằm ở trung tâm Texas và hợp đồng thuê quận Eastland nằm ở phía bắc trung tâm Texas.",1,,,,,,commercial_spam,commercial_offer;marketing_language,spam,medium,,,translated_dataset_mixed_positive
data_vi:190,data_vi,,,,"Chủ đề: ít thời gian hơn, ít công sức hơn nhưng tiết kiệm hơn. về các biện pháp giảm nhẹ. đòi hỏi năng lượng tốt hơn để đối mặt với thách thức từ cuộc sống hàng ngày? thỉnh thoảng cảm thấy yêu thương và mệt mỏi? để nhanh chóng xoa dịu những phiền não và những khó chịu khác của bạn, hãy đến với khu vực trung tâm của chúng tôi. và biết cách giảm bớt chi phí cung cấp thuốc. thuốc generic chất lượng của chúng tôi chắc chắn sẽ m . đáp ứng nhu cầu của bạn về thuốc chữa bệnh có chất lượng và giá trị lớ",1,,,,,,commercial_spam,commercial_offer;product_service_solicitation,spam,medium,,,translated_dataset_mixed_positive
data_vi:191,data_vi,,,,"Chủ đề: bất kỳ loại thuốc nào để cô gái của bạn được hạnh phúc ! cô gái của bạn không hài lòng với tiềm năng của bạn? đừng đợi cho đến khi cô ấy tìm được người đàn ông khác! bấm vào đây để chọn từ rất nhiều tình yêu có hương vị t @ bs ! giá tốt nhất, giao hàng nhanh và hiệu quả được kiểm dịch! ở đây bạn mua nó ngay từ kho! cửa hàng được bbb xác minh và vlsa phê duyệt!",1,,,,,,commercial_spam,commercial_offer;product_service_solicitation,spam,medium,,,translated_dataset_mixed_positive
data_vi:193,data_vi,,,,"Chủ đề: re: bạn khỏe không? 8456 hãy điền vào đơn đăng ký ngắn của chúng tôi để có được con số 4 không thể tin được. thế chấp 1% ( tháng 4 ) ( ) tái cấp vốn nhà ( ) sửa nhà ( ) hợp nhất nợ ( ) rút tiền vui lòng nhấp vào đây để đăng ký ngắn hạn của chúng tôi . những điều sau đây không có vấn đề gì và sẽ không ngăn cản bạn nhận được nguồn tài chính mà bạn cần: * * * không thể chứng minh thu nhập * * * tự làm chủ * * * vấn đề tín dụng * * * phá sản gần đây * * * khoản vay bất thường, chúng tôi có h",1,,,,,,commercial_spam,commercial_offer;promotional_call_to_action,spam,medium,,,translated_dataset_mixed_positive
data_vi:194,data_vi,,,,"Chủ đề: diễn đàn ngành #136 diễn đàn ngành phút người đàn ông ii 160 lbs . nhẹ - không cần điện - hoàn thành dưới $ 6000 ! bây giờ mọi người đều có thể trở thành người tạo bọt! dự án nhỏ, một lần? bọt - pak là câu trả lời! ứng dụng bọt tự đóng gói nhỏ nhất để sửa chữa và các công việc nhỏ ! cũng có sẵn: insta-stick, brickbond, Roofpak và nhiều hơn nữa! lấy bản sao của danh mục ngành! tài liệu tham khảo đầy đủ nhất cho ngành của chúng tôi! bấm vào hình trên để tìm hiểu thêm về thiết bị! vấn đề di",1,,,,,,commercial_spam,commercial_offer;marketing_language;product_service_solicitation,spam,medium,,,translated_dataset_mixed_positive
data_vi:195,data_vi,,,,"Chủ đề: bộ ký tự logo hoàn hảo = koi 8 - r "" > nghĩ đến việc thổi luồng sinh khí mới vào doanh nghiệp của bạn ? bắt đầu từ việc cải tiến logo mặt trước và nhận dạng thị giác của nó. loqodentity cung cấp thiết kế tùy chỉnh sáng tạo cho loqos, văn phòng phẩm và các trang web. dưới sự quản lý của chúng tôi carefui trao tay những công cụ tiếp thị mạnh mẽ này sẽ mang lại luồng gió mới cho doanh nghiệp của bạn và khiến bạn nổi bật giữa các đối thủ cạnh tranh, bạn chỉ còn cách thành công trong tương la",1,,,,,,commercial_spam,marketing_language;product_service_solicitation,spam,medium,,,translated_dataset_mixed_positive
data_vi:197,data_vi,,,,"Chủ đề: logo, văn phòng phẩm, thiết kế trang web và nhiều hơn thế nữa! Thật sự rất khó để nhớ ra một công ty: thị trường đầy rẫy các sự kiện và thông tin tràn ngập; nhưng một logo bắt mắt, hình tượng đẹp mắt và trang web nổi bật sẽ khiến công việc trở nên dễ dàng hơn nhiều. chúng tôi không hứa rằng havinq đã đặt hàng ioqo, công ty của bạn sẽ tự động trở thành công ty hàng đầu thế giới: rõ ràng là nếu không có sản phẩm tốt, tổ chức kinh doanh hiệu quả và mục tiêu thực tế thì thị trường ngày nay s",1,,,,,,commercial_spam,commercial_offer;marketing_language;product_service_solicitation,spam,medium,,,translated_dataset_mixed_positive
data_vi:2,data_vi,,,,"Chủ đề: tất nhiên không thể cưỡng lại được danh tính công ty của bạn Thật khó để nhớ lại một công ty : thị trường tràn ngập thông tin và thông tin tràn ngập ; nhưng một logo bắt mắt, những bức tượng có phong cách và một trang web nổi bật sẽ khiến công việc trở nên dễ dàng hơn nhiều. chúng tôi không hứa rằng havinq đã đặt hàng iogo, công ty của bạn sẽ tự động trở thành công ty hàng đầu thế giới: chắc chắn rằng nếu không có sản phẩm tốt, tổ chức kinh doanh hiệu quả và mục tiêu thực tế thì nó sẽ tr",1,,,,,,commercial_spam,commercial_offer;marketing_language;product_service_solicitation,spam,medium,,,translated_dataset_mixed_positive
data_vi:201,data_vi,,,,"Chủ đề: gửi thư không thành công: trả lại thư cho người gửi thư này được tạo tự động bởi phần mềm gửi thư. tin nhắn bạn đã gửi không thể gửi tới một hoặc nhiều người nhận. Đây là một lỗi vĩnh viễn . địa chỉ sau ( es ) không thành công : lưu vào hộp thư đến được tạo bởi kremp - gbr @ 01019 freenet . de hộp thư đã đầy: vượt quá thời gian chờ thử lại - - - - - - đây là bản sao của thư, bao gồm tất cả các tiêu đề. - - - - - - return - path : đã nhận : từ [ 194 . 97 . 50 . 136 ] ( helo = mx 3 . freen",1,,,,,,commercial_spam,commercial_offer;product_service_solicitation,spam,medium,,,translated_dataset_mixed_positive
data_vi:204,data_vi,,,,"Chủ đề: bộ ký tự logo hoàn hảo = koi 8 - r "" > nghĩ đến việc thổi luồng sinh khí mới vào doanh nghiệp của bạn ? bắt đầu từ việc cải tiến logo mặt trước và nhận dạng hình ảnh của nó. loqodentity cung cấp thiết kế tùy chỉnh sáng tạo cho logo, văn phòng phẩm và trang web. dưới sự quản lý của chúng tôi hãy cẩn thận với những sức mạnh tiếp thị này sẽ mang lại luồng gió mới cho doanh nghiệp của bạn và khiến bạn nổi bật giữa các đối thủ cạnh tranh, bạn chỉ cần nhấn chuột là có thể đạt được thành công t",1,,,,,,commercial_spam,marketing_language;product_service_solicitation;promotional_call_to_action,spam,medium,,,translated_dataset_mixed_positive
data_vi:207,data_vi,,,,Chủ đề: Tôi đang thay đổi cách tiết kiệm thuốc của bạn hoặc phiên bản xuất bản 70 %. Thermit Pharmshop - cách thành công và đã được chứng minh để tiết kiệm tiền mua súng hỏa mai của chúng ta bằng cách lần hạt Mân Côi. grummet v a neuter g a mittimus ll đơn giản hóa khả năng thanh toán của bạn l r twoties a valetudinary cl operacloak is seaward val Juncture m andmanyother. sự ly khai tốt nhất của prlces. trên toàn thế giới shl laser pplng. đặt hàng dễ dàng cho coatee m. hoàn toàn tự tin xử lý aii,1,,,,,,commercial_spam,commercial_offer;product_service_solicitation,spam,medium,,,translated_dataset_mixed_positive
data_vi:209,data_vi,,,,"Chủ đề: tất nhiên không thể cưỡng lại được danh tính công ty của bạn Thật khó để nhớ lại một công ty : thị trường tràn ngập thông tin và thông tin tràn ngập ; nhưng một logo bắt mắt, hình tượng đẹp mắt và trang web nổi bật sẽ khiến công việc trở nên dễ dàng hơn nhiều. chúng tôi không hứa rằng sau khi đặt mua ioqo, công ty của bạn sẽ tự động trở thành công ty dẫn đầu thế giới: điều chắc chắn là nếu không có sản phẩm tốt, tổ chức kinh doanh hiệu quả và mục tiêu thực tế thì công ty sẽ trở nên hấp d",1,,,,,,commercial_spam,commercial_offer;marketing_language;product_service_solicitation,spam,medium,,,translated_dataset_mixed_positive
data_vi:21,data_vi,,,,"Chủ đề: Các chuyên gia web thế kỷ 21 jrgbm thân mến, các chuyên gia có vấn đề hoặc ý tưởng nào đó mà bạn cần giải pháp? không chắc chắn chi phí sẽ là bao nhiêu để bạn có thể lập ngân sách phù hợp? cung cấp thông tin chi tiết và chúng tôi sẽ vui lòng gửi cho bạn báo giá phạm vi dự án miễn phí bao gồm tất cả thông tin chi tiết bạn cần biết và các biến số cần xem xét. chúng tôi rất vui được cung cấp các giải pháp tiên tiến cho những thách thức của bạn với chất lượng tương đương hoặc vượt trội so vớ",1,,,,,,commercial_spam,commercial_offer;marketing_language;product_service_solicitation,spam,medium,,,translated_dataset_mixed_positive
data_vi:210,data_vi,,,,"Chủ đề: xem đề xuất này xin chào! lời khen ngợi tôi đang tìm kiếm một người mà chúng ta có thể cùng đầu tư, tin tưởng và cũng có thể thu hút được mối quan hệ đối tác danh dự. tôi muốn xác nhận rằng thông tin liên hệ của bạn được lấy từ thư mục email trên web. Tôi đại diện cho một khách hàng quan tâm đến việc đầu tư vào đất nước của bạn trong các lĩnh vực liên quan đến nông nghiệp hoặc bất kỳ hoạt động kinh doanh nào mà bạn lựa chọn, để bắt đầu một mối quan hệ phù hợp và có cấu trúc. vui lòng cho",1,,,,,,commercial_spam,commercial_offer;product_service_solicitation,spam,medium,,,translated_dataset_mixed_positive
data_vi:211,data_vi,,,,"Chủ đề: bước tiến tiếp theo cao hơn đối với các khoản đầu tư an ninh nội địa dẫn đầu thị trường mạnh mẽ các cuộc tấn công khủng bố vào Hoa Kỳ vào ngày 11 tháng 9 năm 2 ool đã thay đổi an ninh | và cảnh quan cho tương lai gần. cả an ninh vật lý và logic đã trở nên tối quan trọng đối với tất cả các phân khúc ngành, đặc biệt là trong ngân hàng, quốc gia | khu vực tài nguyên và chính phủ. theo giga , ai | | Là công ty con thuộc sở hữu của Forrester Research, nhu cầu trên toàn thế giới về các sản phẩ",1,,,,,,commercial_spam,commercial_offer;marketing_language;product_service_solicitation,spam,medium,,,translated_dataset_mixed_positive
data_vi:213,data_vi,,,,"Chủ đề: bộ ký tự logo hoàn hảo = koi 8 - r "" > nghĩ đến việc thổi luồng sinh khí mới vào doanh nghiệp của bạn ? bắt đầu từ việc cải tiến logo mặt trước và nhận dạng thị giác của nó. loqodentity cung cấp thiết kế tùy chỉnh sáng tạo cho loqos, văn phòng phẩm và các trang web. dưới sự quản lý của chúng tôi carefui trao tay những công cụ tiếp thị mạnh mẽ này sẽ mang lại luồng gió mới cho doanh nghiệp của bạn và khiến bạn nổi bật so với các đối thủ cạnh tranh, chỉ cần một cú nhấp chuột là bạn sẽ thàn",1,,,,,,commercial_spam,marketing_language;product_service_solicitation;promotional_call_to_action,spam,medium,,,translated_dataset_mixed_positive
data_vi:214,data_vi,,,,"Chủ đề: cần một logo nổi bật ngay bây giờ? làm việc dựa trên hình ảnh của công ty bạn? bắt đầu bằng hình ảnh nhận dạng, chìa khóa tạo nên ấn tượng tốt đầu tiên. Chúng tôi đang ở đây để giúp bạn ! chúng tôi sẽ tham gia xây dựng hình ảnh tích cực về công ty của bạn bằng cách tạo ra một iogo nổi bật, các mặt hàng văn phòng phẩm hiện tại và trang web chuyên nghiệp. những công cụ tiếp thị này sẽ đóng góp đáng kể vào sự thành công của doanh nghiệp bạn. hãy xem các mẫu công việc của chúng tôi, các gói ",1,,,,,,commercial_spam,marketing_language;product_service_solicitation,spam,medium,,,translated_dataset_mixed_positive
data_vi:215,data_vi,,,,"Chủ đề: đầu tư tăng trưởng cao cho ngày mai phỏng vấn giám đốc điều hành công ty đầu tư tăng trưởng cao công nghệ mới nổi xu hướng mới để xem xem thống kê ngành pdf người Mỹ và phần còn lại của thế giới có trở nên nghiện chơi game trực tuyến không? các nhà phân tích dự đoán hơn 14 tỷ đô la mỗi năm sẽ đổ vào các sòng bạc trực tuyến, cổ phiếu trò chơi có thể sắp bùng nổ ! đọc báo cáo đầy đủ 10 trang bao gồm bên trong: hồ sơ công ty: giao dịch trò chơi inc. công ty giao dịch công khai này có vẻ như",1,,,,,,commercial_spam,commercial_offer;marketing_language;product_service_solicitation,spam,medium,,,translated_dataset_mixed_positive
data_vi:216,data_vi,,,,"Chủ đề: trẻ ra 10 tuổi - mẫu miễn phí ! ! ! ! ! ! ! ! E-mail quảng cáo này đang được gửi tuân thủ đầy đủ các yêu cầu của bạn. s . dự luật thượng viện 1618, tiêu đề số 3, mục 301 để tự xóa bỏ bản thân gửi một e-mail trống tới: loại bỏ 992002 @ yahoo. com mẫu miễn phí! băng miễn phí! bước đột phá mỹ phẩm mới! trông trẻ hơn 10 tuổi trong (6) tuần hoặc ít hơn! nhìn đẹp đôi đấy. . từ trong ra ngoài . . . . . > từ ngoài vào trong ! giới thiệu . . . . Natures trả lời cho kết quả nhanh hơn và rõ ràng hơ",1,,,,,,commercial_spam,commercial_offer;marketing_language,spam,medium,,,translated_dataset_mixed_positive
data_vi:22,data_vi,,,,"Chủ đề: bất kỳ loại thuốc nào để cô gái của bạn được hạnh phúc ! cô gái của bạn không hài lòng với tiềm năng của bạn? đừng đợi cho đến khi cô ấy tìm được người đàn ông khác! bấm vào đây để chọn từ rất nhiều tình yêu có hương vị t @ bs ! giá tốt nhất, vận chuyển nhanh và hiệu quả được đảm bảo! ở đây bạn mua nó từ kho! cửa hàng được bbb xác minh và được visa chấp thuận!",1,,,,,,commercial_spam,commercial_offer;product_service_solicitation,spam,medium,,,translated_dataset_mixed_positive
data_vi:221,data_vi,,,,"Chủ đề: tiết kiệm tiền bằng cách mua phần mềm OEM! cần phần mềm cho máy tính của bạn? chỉ cần truy cập trang web của chúng tôi, chúng tôi có thể có những gì bạn cần. . . lời chúc tốt đẹp nhất, Fallon",1,,,,,,commercial_spam,commercial_offer;product_service_solicitation,spam,medium,,,translated_dataset_mixed_positive
data_vi:226,data_vi,,,,"Chủ đề: giảm mỡ sau 9 ngày bạn có thừa cân không? giảm 9 pound sau mỗi 11 ngày! Bạn có muốn giảm cân nhanh theo cách tự nhiên? Chế độ ăn kiêng bằng chứng ngu ngốc sẽ giúp bạn giảm 9 pound sau mỗi 11 ngày , hãy dùng thử miễn phí tại liên kết bên dưới : nhấp vào đây để xem cảnh báo về chế độ ăn kiêng bằng chứng ngu ngốc : nếu bạn nhận thấy rằng mình đang giảm cân quá nhiều một cách nhanh chóng , thì bạn nên ngừng ăn kiêng vài ngày nếu bạn sụt quá 1 pound mỗi ngày thì bạn nên ăn chậm lại một chút. ",1,,,,,,commercial_spam,marketing_language;promotional_call_to_action,spam,medium,,,translated_dataset_mixed_positive
data_vi:231,data_vi,,,,"Chủ đề: cần sức mạnh sáng tạo? logodentity ở đây để trợ giúp. nghĩ đến việc thổi sức sống mới vào doanh nghiệp của bạn? bắt đầu từ việc cải tiến logo mặt trước và nhận dạng trực quan của nó. chúng tôi cung cấp các thiết kế tùy chỉnh sáng tạo của logo, văn phòng phẩm và trang web. dưới sự chăm sóc của chúng tôi, những nhà tiếp thị mạnh mẽ này cũng sẽ mang lại một luồng gió mới cho doanh nghiệp của bạn và khiến bạn nổi bật hơn so với các đối thủ cạnh tranh. bạn chỉ còn cách thành công trong tương ",1,,,,,,commercial_spam,marketing_language;product_service_solicitation,spam,medium,,,translated_dataset_mixed_positive
data_vi:233,data_vi,,,,"Chủ đề: kỷ nguyên mới của chăm sóc y tế trực tuyến. đúng nơi để tìm mua viagra giá rẻ trực tuyến! hãy giải phóng mình khỏi sự nô lệ tinh thần, không ai ngoài chính chúng ta có thể giải phóng tâm trí mình. đừng để nó kết thúc như thế này . nói với họ là tôi đã nói gì đó đừng đo lường công việc cho đến khi hết ngày và công việc đã hoàn thành .",1,,,,,,commercial_spam,commercial_offer;product_service_solicitation,spam,medium,,,translated_dataset_mixed_positive
data_vi:234,data_vi,,,,"Chủ đề: re : bảo vệ máy tính của bạn , bạn cần hệ thống ! coxr kiểm soát máy tính của bạn bằng phần mềm hàng đầu này! Bộ phần mềm Norton systemworks 2002 - phiên bản chuyên nghiệp - bao gồm sáu - có 6 ! - đầy đủ tính năng tiện ích, tất cả chỉ với 1 mức giá đặc biệt chỉ 29$. 99 ! phần mềm này sẽ: - bảo vệ máy tính của bạn khỏi các virus nguy hiểm và không mong muốn - giúp bảo mật thông tin cá nhân có giá trị của bạn - cho phép bạn truyền tệp và gửi e - mail một cách an toàn - sao lưu tất cả dữ li",1,,,,,,commercial_spam,commercial_offer;promotion_discount;marketing_language;product_service_solicitation,spam,medium,,,translated_dataset_mixed_positive
data_vi:235,data_vi,,,,"Chủ đề: ở trung tâm doanh nghiệp của bạn! Hình ảnh công ty có thể nói lên rất nhiều điều về công ty của bạn. nhịp sống hiện đại quá năng động. đôi khi chỉ mất vài giây để công ty của bạn được nhớ đến hoặc bị các đối thủ cạnh tranh đánh mất. hoàn thành iogo, văn phòng phẩm hoặc trang web của bạn ngay bây giờ! quay vòng nhanh: bạn sẽ thấy một số biến thể của iogo trong ba ngày làm việc. đảm bảo sự hài lòng: chúng tôi cung cấp số lượng chanqes không giới hạn; bạn có thể chắc chắn: nó sẽ đáp ứng nhu",1,,,,,,commercial_spam,commercial_offer;promotion_discount,spam,medium,,,translated_dataset_mixed_positive
data_vi:24,data_vi,,,,"Chủ đề: logo cấp cao nhất và bản sắc doanh nghiệp hình ảnh công ty có thể nói lên rất nhiều điều về công ty của bạn. nhịp sống hiện đại quá năng động. đôi khi phải mất vài giây để công ty của bạn được nhớ đến hoặc bị lạc giữa các đối thủ cạnh tranh. hoàn thiện logo, văn phòng phẩm hoặc trang web của bạn ngay bây giờ! quay vòng nhanh: bạn sẽ thấy nhiều biến thể ioqo trong ba ngày làm việc. đảm bảo sự hài lòng: chúng tôi cung cấp số lượng thay đổi không giới hạn; bạn có thể chắc chắn: nó sẽ đáp ứn",1,,,,,,commercial_spam,commercial_offer;promotion_discount;product_service_solicitation,spam,medium,,,translated_dataset_mixed_positive
data_vi:241,data_vi,,,,"Chủ đề: ltc miễn phí ""kết thúc bán hàng"" hầu như bán dịch vụ chăm sóc dài hạn cho khách hàng của bạn! bài thuyết trình chìa khóa trao tay này giúp khách hàng của bạn chuẩn bị cho việc bán hàng. nó có cả video và âm thanh, vì vậy bạn chỉ cần ngồi lại, chạy bản trình bày và chuẩn bị sẵn các ứng dụng. cùng một công cụ tuyệt vời ở định dạng biểu đồ lật với một tập lệnh hoàn chỉnh để giúp bạn đi đúng hướng. sự lựa chọn là của bạn hãy chọn một trong những mặt hàng ltc điểm bán hàng tuyệt vời này . bạn",1,,,,,,commercial_spam,commercial_offer;product_service_solicitation,spam,medium,,,translated_dataset_mixed_positive
data_vi:242,data_vi,,,,"Chủ đề: atft . pk vừa công bố việc mua lại giữa atft và first pet life. tấm màu hồng : atft . pk đã công bố việc mua lại giữa atft và cuộc sống thú cưng đầu tiên. giao dịch sẽ không bị pha loãng đối với các cổ đông hiện tại . về cuộc sống đầu tiên của thú cưng: atft cung cấp phạm vi bảo hiểm ở mức hợp lý sẽ giúp bạn tránh khỏi lo lắng về các hóa đơn bác sĩ thú y bất ngờ một cách an toàn và bảo mật. atft cung cấp các dịch vụ giảm giá bảo hiểm thú cưng, chẳng hạn như cung cấp vật tư, chải lông và ",1,,,,,,commercial_spam,commercial_offer;promotion_discount;marketing_language;product_service_solicitation,spam,medium,,,translated_dataset_mixed_positive
data_vi:244,data_vi,,,,"Chủ đề: logo, văn phòng phẩm, thiết kế trang web và nhiều hơn thế nữa! Thật khó để nhớ được một công ty: thị trường đầy rẫy các cung ứng và thông tin thì tràn ngập; nhưng một logo hấp dẫn, văn phòng phẩm có phong cách và trang web nổi bật sẽ khiến công việc trở nên dễ dàng hơn nhiều. chúng tôi không hứa rằng sau khi đặt hàng loqo, công ty của bạn sẽ tự động trở thành công ty hàng đầu thế giới: rõ ràng là nếu không có sản phẩm tốt, tổ chức kinh doanh hiệu quả và mục tiêu thực tế thì thị trường ng",1,,,,,,commercial_spam,commercial_offer;marketing_language;product_service_solicitation,spam,medium,,,translated_dataset_mixed_positive
data_vi:246,data_vi,,,,"Chủ đề: kiếm bộn tiền trên ebay 24772 ebay - cơ hội kinh doanh làm việc tại nhà được xếp hạng số 1 - vận may trên tạp chí pc thực sự đang được tạo ra ở thị trường mới tuyệt vời này! hơn 9 tỷ USD hàng hóa đã được bán trên eBay vào năm 2001 bởi những người giống như bạn - ngay tại nhà của họ. bây giờ bạn cũng có thể tìm hiểu các bí quyết bán hàng thành công trên ebay và kiếm được thu nhập đáng kinh ngạc từ sự thoải mái ngay tại nhà riêng của mình. nếu bạn có động lực, có khả năng suy nghĩ cởi mở v",1,,,,,,commercial_spam,commercial_offer;product_service_solicitation,spam,medium,,,translated_dataset_mixed_positive
data_vi:247,data_vi,,,,"Chủ đề: re : 6 . 25 30 năm vay mua nhà cố định , không có điểm cúm chủ nhà ơi , * 6 . 25 % Lãi suất thế chấp cố định trong 30 năm đang ở mức thấp nhất trong 40 năm ! chúng tôi giúp bạn tìm được mức giá tốt nhất cho tình huống của bạn bằng cách kết hợp nhu cầu của bạn với hàng trăm người cho vay! cải thiện nhà cửa , tái cấp vốn , thế chấp thứ hai , cho vay thế chấp nhà , và hơn thế nữa ! ngay cả với tín dụng ít hơn hoàn hảo! bấm vào đây để được báo giá miễn phí! chốt lãi suất cố định thấp ngay hô",1,,,,,,commercial_spam,commercial_offer;product_service_solicitation,spam,medium,,,translated_dataset_mixed_positive
data_vi:250,data_vi,,,,"Chủ đề: giao phó nhận dạng hình ảnh của bạn cho chúng tôi khi nghĩ đến việc thổi sức sống mới vào doanh nghiệp của bạn? bắt đầu từ việc cải tiến logo mặt trước và nhận dạng trực quan của nó. chúng tôi cung cấp các thiết kế tùy chỉnh sáng tạo của logo, văn phòng phẩm và trang web. dưới bàn tay cẩn thận của chúng tôi, những nguồn tiếp thị mạnh mẽ này cũng sẽ thổi một luồng gió mới vào hoạt động kinh doanh của bạn và khiến bạn nổi bật giữa các đối thủ cạnh tranh. bạn chỉ cần một cú nhấn chuột là có",1,,,,,,commercial_spam,marketing_language;product_service_solicitation,spam,medium,,,translated_dataset_mixed_positive
data_vi:255,data_vi,,,,"Chủ đề: bạn đã sẵn sàng để có được nó chưa? Xin chào ! viagra là loại thuốc số 1 giúp điều trị chứng rối loạn cương dương ở nam giới . như người ta nói đùa, nó đủ mạnh mẽ cho đàn ông nhưng lại dành cho phụ nữ; - ) đặt hàng quaqra trực tuyến là một cách rất thuận tiện, nhanh chóng và an toàn ! hàng triệu người làm điều đó hàng ngày để bảo vệ quyền riêng tư và lệnh chuyển tiền của họ ở đây. . .",1,,,,,,commercial_spam,commercial_offer;product_service_solicitation,spam,medium,,,translated_dataset_mixed_positive
data_vi:256,data_vi,,,,"Chủ đề: kinh doanh tư vấn đám cưới của riêng bạn bạn có biết tư vấn đám cưới là gì không? có thể đó là điều bạn luôn nghĩ tới việc thực hiện nhưng không biết bắt đầu từ đâu, bắt đầu như thế nào, khi nào bắt đầu. hoặc thậm chí nếu một cơ hội như thế này tồn tại. nó có! và một phần của lớp muốn bạn mời bạn tham gia vào nó. tư vấn đám cưới không phải là kế hoạch đám cưới. đó là một công việc vui vẻ, thú vị, bổ ích và được trả lương cao cho phép bạn sử dụng khả năng sáng tạo của mình để trở thành mộ",1,,,,,,commercial_spam,commercial_offer;marketing_language;product_service_solicitation,spam,medium,,,translated_dataset_mixed_positive
data_vi:257,data_vi,,,,"Chủ đề: ở trung tâm doanh nghiệp của bạn! Hình ảnh công ty có thể nói lên rất nhiều điều về công ty của bạn. nhịp sống hiện đại quá năng động. đôi khi chỉ mất vài giây để công ty của bạn được nhớ đến hoặc bị bỏ xa so với các đối thủ cạnh tranh. hoàn thành ioqo, văn phòng phẩm hoặc trang web của bạn ngay bây giờ! quay vòng nhanh: bạn sẽ thấy một số biến thể ioqo trong ba ngày làm việc. đảm bảo sự hài lòng: chúng tôi cung cấp số lượng thay đổi không giới hạn; bạn có thể chắc chắn: nó sẽ đáp ứng nh",1,,,,,,commercial_spam,commercial_offer;promotion_discount,spam,medium,,,translated_dataset_mixed_positive
data_vi:258,data_vi,,,,"Chủ đề: bộ ký tự logo hoàn hảo = koi 8 - r "" > nghĩ đến việc thổi luồng sinh khí mới vào doanh nghiệp của bạn ? bắt đầu từ việc cải tiến logo mặt trước và nhận dạng thị giác của nó. logodentity cung cấp thiết kế tùy chỉnh sáng tạo của loqos, văn phòng phẩm và trang web. dưới sự quản lý của chúng tôi hãy cẩn thận với những hoạt động tiếp thị mạnh mẽ này sẽ mang lại luồng gió mới cho doanh nghiệp của bạn và khiến bạn nổi bật giữa các đối thủ cạnh tranh, bạn chỉ cần nhấp chuột là có thể đạt được th",1,,,,,,commercial_spam,marketing_language;product_service_solicitation;promotional_call_to_action,spam,medium,,,translated_dataset_mixed_positive
data_vi:259,data_vi,,,,"Chủ đề: cần thợ đồ họa? đến đây . nghĩ đến việc thổi sức sống mới vào doanh nghiệp của bạn? bắt đầu từ việc cải tiến logo mặt trước và nhận dạng trực quan của nó. chúng tôi cung cấp thiết kế tùy chỉnh sáng tạo của ioqos, văn phòng phẩm và các trang web. dưới bàn tay cẩn thận của chúng tôi, hoạt động tiếp thị mạnh mẽ này cũng sẽ mang lại một luồng gió mới cho doanh nghiệp của bạn và khiến bạn nổi bật giữa các đối thủ cạnh tranh. bạn chỉ còn cách thành công trong tương lai một khoảng cách ngắn. bấ",1,,,,,,commercial_spam,marketing_language;product_service_solicitation,spam,medium,,,translated_dataset_mixed_positive
data_vi:26,data_vi,,,,Chủ đề: hãy tin cậy vào chúng tôi để đặt hàng thuốc theo toa trực tuyến cho bạn. nguồn thông tin sức khỏe tại nhà của bạn kết luận là nơi bạn cảm thấy mệt mỏi khi phải suy nghĩ . một người đàn ông vẽ bằng bộ não chứ không phải bằng đôi tay. một nhà thơ hơn ba mươi tuổi chỉ là một đứa trẻ quá lớn . người ta phải luôn chơi công bằng khi có quân bài thắng.,1,,,,,,commercial_spam,commercial_offer;product_service_solicitation,spam,medium,,,translated_dataset_mixed_positive
data_vi:261,data_vi,,,,"Chủ đề: câu hỏi của uae thưa ngài, các tiểu vương quốc cung cấp cho bạn thông tin kinh doanh mới nhất về các dự án, đấu thầu, yêu cầu và giao dịch kinh doanh ở các Tiểu vương quốc Ả Rập thống nhất. chúng tôi sẽ thông báo cho bạn về tất cả các hoạt động kinh doanh ở Abu Dhabi, Dubai, Sharjah, Al Ain và các tiểu vương quốc phía Bắc trong các lĩnh vực như xây dựng, phát triển mỏ dầu, viễn thông, công nghệ thông tin, y tế, sản xuất điện, đường và cầu, v.v. emiratestenders cung cấp cho các thành viên",1,,,,,,commercial_spam,commercial_offer;marketing_language,spam,medium,,,translated_dataset_mixed_positive
data_vi:262,data_vi,,,,Chủ đề: tin tức về stox maven - lá thư * * * xem phần này số báo cảnh báo tin nóng ngày 21 tháng 7 - tin tức lớn sắp tới * * * tập đoàn thương mại thế giới Trung Quốc. ký hiệu : cwtd giá hiện tại : 2$ . 46 Mục tiêu 7 ngày : 8$ . 00 $ $ $ chúng tôi đã đưa cho bạn : pntv với giá 1 đô la . 10 cdgt với giá 1$. 97 hãy giành 3 ăn 3 để tìm kiếm những tin tức quan trọng về việc công ty này đang hoạt động trở lại. có tin đồn quần short sẽ bị hỏng và stock * ck sẽ chạy . Địa chỉ trang web cwtd là www. chi,1,,,,,,commercial_spam,commercial_offer;marketing_language,spam,medium,,,translated_dataset_mixed_positive
data_vi:271,data_vi,,,,"Chủ đề: [ ilug ] ngừng lời chào điên rồ MLM đi ! bạn nhận được lá thư này vì bạn đã bày tỏ sự quan tâm đến việc nhận thông tin về các cơ hội kinh doanh trực tuyến. nếu điều này là sai sót thì xin hãy chấp nhận lời xin lỗi chân thành nhất của tôi. đây là thư chỉ được gửi một lần nên không cần phải gỡ bỏ. nếu bạn đã bị đốt cháy, phản bội và bị đâm sau lưng bởi tiếp thị đa cấp, MLM, thì hãy đọc lá thư này. nó có thể là email quan trọng nhất từng có trong hộp thư đến của bạn . tiếp thị đa cấp là một",1,,,,,,commercial_spam,marketing_language;product_service_solicitation,spam,medium,,,translated_dataset_mixed_positive
data_vi:277,data_vi,,,,"Chủ đề: trở nên to lớn, mạnh mẽ và mạnh mẽ! ! deca , d - bol , winni - v ! 1095 trở nên to lớn, rách rưới và mạnh mẽ! dược phẩm đồng hóa thực sự! * - d - bol - winni - v - trang bị - ghb - và hơn thế nữa ! - bấm vào đây để nhập = = = = = > sdi-labs anabolics (vui lòng bấm vào liên kết bên dưới hoặc sao chép và dán url sau vào trình duyệt của bạn nếu liên kết trên không hoạt động.) http: / / www. sdilabsol - 02 . com / s - labs / - xây dựng kích thước và sức mạnh cơ bắp đáng kinh ngạc - thu được ",1,,,,,,commercial_spam,product_service_solicitation;promotional_call_to_action;bulk_distribution,spam,medium,,,translated_dataset_mixed_positive
data_vi:278,data_vi,,,,"Chủ đề: cái này sẽ giúp bạn kiếm tiền 20/9/02 11 : 34 : 52 chiều một nhà tài trợ tuyệt vời sẽ không kiếm tiền cho bạn . một dòng sản phẩm tuyệt vời cũng sẽ không giúp bạn kiếm được tiền. một kế hoạch trả thưởng tuyệt vời cũng sẽ không giúp bạn kiếm được tiền. một công ty lớn cũng sẽ không giúp bạn kiếm được tiền. một số người nói đó là sự kết hợp của những điều trên. một số người nói rằng những gì bên trong bạn là quan trọng nhất. quên đi những cuộc gặp gỡ, những cuộc gọi một đối một, những cuộc",1,,,,,,commercial_spam,marketing_language;product_service_solicitation;promotional_call_to_action,spam,medium,,,translated_dataset_mixed_positive
data_vi:279,data_vi,,,,"Chủ đề: cơ hội để có được logo mới phù hợp với hình ảnh công ty của bạn? bắt đầu bằng hình ảnh nhận dạng, chìa khóa tạo nên ấn tượng tốt đầu tiên. Chúng tôi đang ở đây để giúp bạn ! chúng tôi sẽ tham gia xây dựng hình ảnh tích cực về công ty của bạn bằng cách tạo ra một loqo nổi bật, các mặt hàng văn phòng phẩm đẹp mắt và trang web chuyên nghiệp. những hoạt động tiếp thị này cũng sẽ đóng góp đáng kể vào sự thành công của doanh nghiệp bạn. hãy xem các mẫu công việc của chúng tôi, các gói deai hấp",1,,,,,,commercial_spam,marketing_language;product_service_solicitation,spam,medium,,,translated_dataset_mixed_positive
data_vi:28,data_vi,,,,"Chủ đề: bạn có đang thua không? câu trả lời sẽ làm bạn ngạc nhiên! ? kết nối doanh nghiệp của bạn với world wide web ? bạn đang mất bao nhiêu người mua sắm? con số này sẽ làm bạn ngạc nhiên! bạn làm mất chúng như thế nào? họ không thể tìm thấy trang web của bạn! một phương trình đơn giản không được tìm thấy = mất khách hàng mới! chúng ta có thể thay đổi điều đó! chỉ với $119 . 97, chúng tôi sẽ gửi trang web của bạn tới hơn 360 công cụ tìm kiếm lớn trên khắp thế giới ( xem danh sách đầy đủ trên t",1,,,,,,commercial_spam,commercial_offer;promotional_call_to_action,spam,medium,,,translated_dataset_mixed_positive
data_vi:281,data_vi,,,,"Chủ đề: phát các bộ phim có thời lượng đầy đủ trên máy tính của bạn để đảm bảo gửi đến hộp thư đến của bạn (không phải các thư mục rác hoặc hàng loạt), vui lòng thêm tin tức @ real - email. net vào sổ địa chỉ của bạn. chỉ có 12$. 95 mỗi tháng sau khi dùng thử miễn phí. tải xuống phim không giới hạn, chọn từ 100 phim mỗi tháng, với các tựa phim mới được bổ sung hàng tuần. không bao giờ phải xếp hàng để quản lý, chỉ cần chọn phim của bạn, bắt đầu tải xuống và bạn có thể bắt đầu xem sau vài phút. k",1,,,,,,commercial_spam,commercial_offer;marketing_language;product_service_solicitation;promotional_call_to_action,spam,medium,,,translated_dataset_mixed_positive
data_vi:283,data_vi,,,,"Chủ đề: đợt giảm giá tạ ơn, chúng tôi muốn cảm ơn bạn vì công việc kinh doanh vừa qua của bạn và chúc bạn và gia đình một kỳ nghỉ lễ tạ ơn năm nay thật vui vẻ. Như bạn đã biết, người da đỏ đóng vai trò quan trọng trong việc giúp đỡ những người tiên phong tìm kiếm thức ăn và nước uống. không có gì ngạc nhiên khi họ được vinh danh trên đồng xu của đất nước chúng ta từ năm 1859 đến năm 1909 và tiền vàng từ năm 1854 đến năm 1933. Để tri ân khách hàng, chúng tôi vừa mua một lô hàng hiếm gồm 900 vf và",1,,,,,,commercial_spam,commercial_offer;promotion_discount;product_service_solicitation;large_fund_bait,spam,medium,,,translated_dataset_mixed_positive
data_vi:287,data_vi,,,,"Chủ đề: bộ ký tự logo hoàn hảo = koi 8 - r "" > nghĩ đến việc thổi luồng sinh khí mới vào doanh nghiệp của bạn ? bắt đầu từ việc cải tiến logo mặt trước và nhận dạng thị giác của nó. loqodentity cung cấp thiết kế tùy chỉnh sáng tạo cho loqos, văn phòng phẩm và các trang web. dưới sự quản lý của chúng tôi hãy cẩn thận sử dụng những công cụ tiếp thị mạnh mẽ này để mang lại luồng gió mới cho doanh nghiệp của bạn và khiến bạn nổi bật giữa các đối thủ cạnh tranh, bạn chỉ cần nhấp chuột là có thể đạt đ",1,,,,,,commercial_spam,marketing_language;product_service_solicitation;promotional_call_to_action,spam,medium,,,translated_dataset_mixed_positive
data_vi:289,data_vi,,,,"Chủ đề: re: ngày 11 tháng 9 năm 2001 xin chào, tên tôi là Jason, gần đây tôi đã truy cập www. muhajabah . com / wtc . htm và muốn cung cấp dịch vụ của tôi. chúng tôi có thể giúp bạn với trang web ngày 11 tháng 9 năm 2001 của bạn. chúng tôi tạo ra các trang web có ý nghĩa kinh doanh cho bạn! Đây là phần hay nhất, sau khi chúng tôi tạo lại trang web của bạn trong quá trình thiết lập ban đầu, chúng tôi sẽ cung cấp cho bạn bảng điều khiển chính thân thiện với người dùng. bây giờ bạn có khả năng dễ d",1,,,,,,commercial_spam,marketing_language;product_service_solicitation,spam,medium,,,translated_dataset_mixed_positive
data_vi:293,data_vi,,,,"Chủ đề: hãy để chúng tôi tìm người cho vay thế chấp phù hợp với bạn, thưa chủ nhà, lãi suất đang ở mức thấp nhất trong 40 năm! chúng tôi giúp bạn tìm được mức giá tốt nhất cho tình huống của bạn bằng cách kết hợp nhu cầu của bạn với hàng trăm người cho vay! cải thiện nhà cửa , tái cấp vốn , thế chấp thứ hai , cho vay thế chấp nhà , và hơn thế nữa ! ngay cả với tín dụng ít hơn hoàn hảo! dịch vụ này miễn phí 100% cho chủ sở hữu nhà và người mua nhà mới mà không có bất kỳ nghĩa vụ nào. chỉ cần điền",1,,,,,,commercial_spam,commercial_offer;marketing_language;product_service_solicitation,spam,medium,,,translated_dataset_mixed_positive
data_vi:296,data_vi,,,,"Chủ đề: bong bóng bất động sản bao giờ vỡ? - cuộc họp trực tiếp ngày 21 tháng 7 về sự kiện đầu tư thay thế: thứ năm ngày 21 tháng 7 lúc 10:30 sáng, 2:30 chiều, và 7:30 tối với người quản lý đầu tư thay thế hàng đầu, Michael Mansfield ""bong bóng tài chính lớn nhất trong lịch sử "" trong bài viết "" sau mùa thu "" trên tạp chí kinh tế số ra ngày 16 tháng 6 năm 2005 , bất động sản được gọi là "" bong bóng tài chính lớn nhất trong lịch sử "" điều khiến thị trường bất động sản này trở nên rủi ro đến vậy c",1,,,,,,commercial_spam,commercial_offer;marketing_language;product_service_solicitation;large_fund_bait,spam,medium,,,translated_dataset_mixed_positive
data_vi:297,data_vi,,,,Chủ đề: Youthh đã khám phá lại cách tiết kiệm hơn 70% tiền mua thuốc. cửa hàng thư của pharmz rightwards - một cách thành công và đã được chứng minh để giúp bạn tiết kiệm một cách dễ dàng. tiếng lóng v người dự bị ag tạp chí tất cả tư nhân u chích l r xông khói một mối quan tâm cl bất thường là hành tây al Carpetbagger m và nhiều thứ khác. * các dịch vụ nội soi hoại tử tốt nhất * sự tái tạo toàn cầu và sự bảo mật toàn diện * sự may vá của 5 triệu khách hàng chúc một ngày tốt lành thôi miên!,1,,,,,,commercial_spam,commercial_offer;product_service_solicitation,spam,medium,,,translated_dataset_mixed_positive
data_vi:30,data_vi,,,,Chủ đề: 25 mg đã lừa được khoản phải thu để tiết kiệm trên 70% số tiền mua thuốc của bạn. cửa hàng thư pharmz ibidem - toàn cảnh thành công và cách đã được chứng minh để tiết kiệm tiền của bạn. không thoải mái và bị bỏ rơi g một tư thế được báo trước bởi bạn bẩm sinh l r người đề xuất thực tế l banian được ủy thác giá trị khắc khổ m và nhiều thứ khác . * những kênh truyền hình hấp dẫn nhất * panjandrum trên toàn thế giới shlpplng * tổng số iaiity truyền hình tự tin * hơn 5 triệu khách hàng thân ,1,,,,,,commercial_spam,commercial_offer;product_service_solicitation,spam,medium,,,translated_dataset_mixed_positive
data_vi:300,data_vi,,,,"Chủ đề: quảng cáo chuyên nghiệp projecthoneypot @ projecthoneypot thân mến. org: chúng tôi cung cấp dịch vụ tiếp thị qua email với các dịch vụ tốt nhất. 1 . danh sách mục tiêu, chúng tôi có thể cung cấp danh sách email mục tiêu mà bạn cần, danh sách này chỉ được biên soạn theo đơn đặt hàng của bạn. chúng tôi sẽ tùy chỉnh danh sách khách hàng của bạn. * chúng tôi có hàng triệu danh sách ở nhiều danh mục. 2 . gửi danh sách mục tiêu cho bạn, chúng tôi có thể gửi email của bạn đến khách hàng mục tiê",1,,,,,,commercial_spam,commercial_offer;marketing_language;product_service_solicitation;bulk_distribution,spam,medium,,,translated_dataset_mixed_positive
data_vi:301,data_vi,,,,"Chủ đề: thu thập thật nhiều địa chỉ email một cách nhanh chóng ! các cpunks thân mến, bạn muốn thu thập nhiều địa chỉ email trong một thời gian rất ngắn? Công cụ tìm kiếm email dễ dàng là một phần mềm email mạnh mẽ thu thập danh sách email chung từ các máy chủ thư. Công cụ tìm kiếm email dễ dàng có thể nhận được 100.000 địa chỉ email trực tiếp từ máy chủ email chỉ trong một giờ! công cụ tìm kiếm email dễ dàng là một chương trình Windows 32 bit dành cho tiếp thị qua email. nó nhằm mục đích tìm ki",1,,,,,,commercial_spam,marketing_language;product_service_solicitation;bulk_distribution,spam,medium,,,translated_dataset_mixed_positive
data_vi:302,data_vi,,,,"Chủ đề: hãy để người điều tra này làm việc cho bạn. phần mềm mới đáng kinh ngạc cho phép bạn tìm hiểu hầu hết mọi thứ về bất kỳ ai nhấp vào đây để tải xuống ngay bây giờ (không cần thẻ tính phí): trang tải xuống (việc này sẽ mất vài phút để tải - hãy kiên nhẫn) tìm hiểu mọi thứ bạn từng muốn biết về : bạn bè của bạn, gia đình của bạn, kẻ thù của bạn, nhân viên của bạn - có ai đó đang sử dụng danh tính của bạn không? ngay cả ông chủ của bạn! bạn có biết rằng bạn có thể tìm kiếm bất cứ ai, bất cứ ",1,,,,,,commercial_spam,product_service_solicitation;promotional_call_to_action,spam,medium,,,translated_dataset_mixed_positive
data_vi:303,data_vi,,,,Chủ đề: thông báo lỗi đây là đại lý chuyển phát thư tại messagelabs. com . tôi không thể gửi tin nhắn của bạn đến các địa chỉ sau. : 144 . 189 . 100 . 102 không thích người nhận. máy chủ từ xa cho biết : 550 5 . 0 . 0 . . . Host down - - - bên dưới dòng này là bản sao của tin nhắn. return - path : x - viruschecked : đã kiểm tra x - env ​​- người gửi : projecthoneypot @ projecthoneypot . org x - msg - ref : máy chủ - 3 . tháp - 115 . tin nhắnlabs . com ! 1121770867! 6986571 ! 1 x - starscan - phi,1,,,,,,commercial_spam,commercial_offer;product_service_solicitation,spam,medium,,,translated_dataset_mixed_positive
data_vi:305,data_vi,,,,"Chủ đề: logo, văn phòng phẩm, thiết kế trang web và nhiều hơn thế nữa! Thật sự rất khó để nhớ ra một công ty : thị trường có rất nhiều gợi ý và thông tin quá nhiều ; nhưng một logo bắt mắt, hình ảnh phong cách và trang web nổi bật sẽ khiến công việc trở nên dễ dàng hơn nhiều. chúng tôi không hứa rằng sau khi đặt hàng loqo, công ty của bạn sẽ tự động trở thành công ty dẫn đầu thế giới: rõ ràng là nếu không có sản phẩm tốt, tổ chức kinh doanh hiệu quả và mục tiêu thực tế thì thị trường ngày nay sẽ",1,,,,,,commercial_spam,commercial_offer;marketing_language;product_service_solicitation,spam,medium,,,translated_dataset_mixed_positive
data_vi:306,data_vi,,,,"Chủ đề: giới thiệu hgh : loại thuốc chống béo phì mạnh nhất từ ​​trước đến nay xin chào , jm @ example . liệu pháp comhuone giảm cân đồng thời xây dựng khối lượng cơ nạc và đẩy lùi sự tàn phá của lão hóa cùng một lúc . như đã thấy trên nbc , cbs , và cnn , và thậm chí cả oprah ! khám phá về sức khỏe thực sự làm đảo ngược quá trình lão hóa trong khi đốt cháy chất béo mà không cần ăn kiêng hay tập thể dục ! khám phá đã được chứng minh này thậm chí còn được tạp chí y học New England công bố. quên đ",1,,,,,,commercial_spam,product_service_solicitation;promotional_call_to_action,spam,medium,,,translated_dataset_mixed_positive
data_vi:307,data_vi,,,,"Chủ đề: bạn đã sẵn sàng để có được nó chưa? Xin chào ! viagra là loại thuốc số 1 giúp điều trị chứng rối loạn cương dương ở nam giới . như người ta nói đùa, nó đủ mạnh đối với đàn ông nhưng lại dành cho phụ nữ; - ) đặt hàng viagra trực tuyến là một cách rất thuận tiện , nhanh chóng và an toàn ! nhiều người làm điều đó hàng ngày để tiết kiệm quyền riêng tư và lệnh chuyển tiền của họ ở đây. . .",1,,,,,,commercial_spam,commercial_offer;product_service_solicitation,spam,medium,,,translated_dataset_mixed_positive
data_vi:309,data_vi,,,,"Chủ đề: nhận dạng trực quan và logo hiện đang hoạt động trên hình ảnh công ty của bạn? bắt đầu bằng hình ảnh nhận dạng, chìa khóa tạo nên ấn tượng tốt đầu tiên. Chúng tôi đang ở đây để giúp bạn ! chúng tôi sẽ tham gia xây dựng hình ảnh trực quan tích cực về công ty của bạn bằng cách tạo ra một ioqo nổi bật, các mặt hàng văn phòng phẩm đẹp mắt và trang web chuyên nghiệp. những công cụ tiếp thị này sẽ góp phần đáng kể vào sự thành công của doanh nghiệp bạn. hãy xem các mẫu công việc của chúng tôi,",1,,,,,,commercial_spam,marketing_language;product_service_solicitation,spam,medium,,,translated_dataset_mixed_positive
data_vi:311,data_vi,,,,"Chủ đề: viagra là loại thuốc số 1 giúp điều trị chứng rối loạn cương dương ở nam giới. để thuận tiện cho bạn, hãy mua tất cả các nhu cầu theo toa và không theo toa của bạn với giá chiết khấu. sự thất vọng là một trong những điều tuyệt vời nhất trong nghệ thuật; sự hài lòng là không có gì. cuộc hôn nhân nào cũng hạnh phúc. việc sống chung sau đó mới là thử thách. cười sâu sắc là sống sâu sắc.",1,,,,,,commercial_spam,commercial_offer;promotion_discount;product_service_solicitation,spam,medium,,,translated_dataset_mixed_positive
data_vi:313,data_vi,,,,"Chủ đề: dễ dàng giảm cân / xây dựng cơ bắp / đẩy lùi lão hóa ! 21231 như đã thấy trên nbc , cbs , cnn và oprah ! bạn có muốn giảm cân trong khi ngủ không? không ăn kiêng! Không có cơn đói ! không thèm ăn! không tập thể dục vất vả! thay đổi cuộc sống của bạn mãi mãi! Đảm bảo 100%! www. chất lượng - hgh. com * cơ thể giảm mỡ cải thiện 82%. * Cải thiện giảm nếp nhăn 61%. * mức năng lượng được cải thiện 84%. * sức mạnh cơ bắp được cải thiện 88%. * Cải thiện khả năng tình dục 75%. * ổn định cảm xúc c",1,,,,,,commercial_spam,marketing_language;promotional_call_to_action,spam,medium,,,translated_dataset_mixed_positive
data_vi:315,data_vi,,,,"Chủ đề: logo và nhận dạng hình ảnh của bạn từ chúng tôi khi nghĩ đến việc thổi sức sống mới vào doanh nghiệp của bạn? bắt đầu từ việc cải tiến logo mặt trước và nhận dạng trực quan của nó. chúng tôi cung cấp thiết kế tùy chỉnh sáng tạo của ioqos, văn phòng phẩm và các trang web. dưới sự chăm sóc của chúng tôi, những nhà tiếp thị mạnh mẽ này cũng sẽ mang lại luồng gió mới cho doanh nghiệp của bạn và khiến bạn nổi bật giữa các đối thủ cạnh tranh. bạn chỉ cần một cú nhấn chuột là có thể đạt được th",1,,,,,,commercial_spam,marketing_language;product_service_solicitation,spam,medium,,,translated_dataset_mixed_positive
data_vi:317,data_vi,,,,Chủ đề: Giảm giá 80% cho tất cả các tựa game Adobe chọn tham gia ưu đãi đặc biệt qua email hủy đăng ký phần mềm tìm kiếm của tôi Top 10 tựa game mới đang được giảm giá ngay bây giờ ! 1 office pro Edition 20032 Windows Xp Pro 3 Adobe Creative Suite Premium 4 Systemworks Pro 2004 Edition 5 Flash MX 20046 Corel Painter 87 Adobe Acrobat 6 . 08 windows 2003 server 9 bí danh maya 6 . 0 wavefrontl 0 adobe Premier xem thêm của nhà sản xuất này Microsoft Apple Software Khách hàng cũng mua các mặt hàng kh,1,,,,,,commercial_spam,commercial_offer;promotion_discount;marketing_language;product_service_solicitation,spam,medium,,,translated_dataset_mixed_positive
data_vi:319,data_vi,,,,"Chủ đề: máy ghi âm kỹ thuật số thưa ông / bà công ty chúng tôi là nhà thiết kế và sản xuất máy ghi âm kỹ thuật số ( dvr ) edic - mini http : // www . telesys . ru / tiếng anh / edic - mini . shtml với những đặc điểm nổi bật: edic - mini model a - kích thước nhỏ nhất thế giới ( 17 x 57 xl 0 mm ) , thời gian ghi lên tới 1120 phút . edic - model mini b - thời lượng pin dài nhất ( lên tới 70 giờ ở chế độ ghi , vỏ kim loại 27 x 54 x 7 mm ) , thời gian ghi lên tới 1120 phút . edic - mini model bl - dv",1,,,,,,commercial_spam,commercial_offer;product_service_solicitation,spam,medium,,,translated_dataset_mixed_positive
data_vi:324,data_vi,,,,Chủ đề: tin tức tuyệt vời về việc giảm một nửa để tiết kiệm hơn 70% số tiền mua thuốc của bạn. máy xay dược phẩm hop - suc hầm hố đầy đủ và cách đã được chứng minh để cứu lấy khí tượng của bạn. biết trước và một người khép kín g một kẻ ngốc đỏ mặt l l magnetron u testatrix l r máy ủi acoration l i squalor s senentious val centigram m và nhiều thứ khác . sự khéo léo tốt nhất. wo kiêu ngạo rldwide shlpplng. dễ dàng hoặc hình thức thứ tự xương cựa. tổng cộng có sách tranh nfidentiaiity . 250.000 kh,1,,,,,,commercial_spam,commercial_offer;product_service_solicitation,spam,medium,,,translated_dataset_mixed_positive
data_vi:334,data_vi,,,,"Chủ đề: mực in và hộp mực in phun giá rẻ hơn. . . . p tiết kiệm đáng kể mực in , máy in phun , fax , và các thiết bị bổ sung nhiệt ! ! Toner 2 go là vũ khí bí mật giúp bạn giảm chi phí mua vật tư máy in chất lượng cao, chi phí thấp! chúng tôi đã hoạt động trong lĩnh vực kinh doanh bổ sung máy in từ năm 1992 và tự hào về khả năng phản hồi nhanh chóng và dịch vụ khách hàng xuất sắc. những gì chúng tôi bán là những sản phẩm thay thế tương thích 100% cho epson, canon, hewlett packard, xerox, okidata",1,,,,,,commercial_spam,commercial_offer;product_service_solicitation;promotional_call_to_action,spam,medium,,,translated_dataset_mixed_positive
data_vi:336,data_vi,,,,"Chủ đề: bảo vệ tương lai của gia đình bạn và tiết kiệm tới 70% Bảo hiểm nhân thọ thời hạn 10 năm nam / nữ Phí bảo hiểm hàng tháng không nicotine $ 250 , 000 $ 500 , 000 tuổi nam nữ nam nữ 35 $ 10 . 33$9 . 19$ 16 . 19$ 14 . 00 40 $13 . 30$11 . 64$ 22 . 32$18 . 82 45 $19 . 43$16 . 63$35 . 57$ 22 . 88 50 $29 . 49$ 22 . 32$54 . 69$ 40 . 25 55 $44 . 89$ 32 . 12$85 . 32$59 . 94 2002 trích dẫn lại . mọi quyền được bảo lưu cuộc sống có thể thay đổi ngay lập tức. đừng đợi cho đến khi quá muộn. mang lại c",1,,,,,,commercial_spam,marketing_language;product_service_solicitation;promotional_call_to_action,spam,medium,,,translated_dataset_mixed_positive
data_vi:337,data_vi,,,,"Chủ đề: thảm và lò nung Ba Tư thân mến, nhà thiết kế / trang trí chuyên nghiệp thân mến: chúng tôi đến những vùng xa xôi của Iran (Persia) để mang đến cho bạn những tấm thảm và lò nung du mục cổ và cũ. chúng tôi mời bạn xem các phần trong bộ sưu tập của chúng tôi bằng cách truy cập trang web của chúng tôi ( www . pazirik . com ). nếu bạn quan tâm đến việc mua bất kỳ mặt hàng nào đã xem, chúng tôi sẽ thực hiện mọi sắp xếp cần thiết để việc mua hàng của bạn không gặp rủi ro. lời chúc tốt đẹp nhất,",1,,,,,,commercial_spam,commercial_offer;promotional_call_to_action,spam,medium,,,translated_dataset_mixed_positive
data_vi:340,data_vi,,,,"Chủ đề: lợi ích rõ ràng của thiết kế sáng tạo Thật khó để nhớ về một công ty : thị trường đầy rẫy những gợi ý và thông tin tràn ngập ; nhưng một logo hấp dẫn, văn phòng phẩm có phong cách và trang web nổi bật sẽ khiến công việc trở nên dễ dàng hơn nhiều. chúng tôi không hứa rằng sau khi đặt hàng loqo, công ty của bạn sẽ tự động trở thành công ty dẫn đầu thế giới: điều chắc chắn là nếu không có sản phẩm tốt, tổ chức kinh doanh hiệu quả và mục tiêu thực tế thì thị trường ngày nay sẽ rất hot; nhưng",1,,,,,,commercial_spam,commercial_offer;marketing_language;product_service_solicitation,spam,medium,,,translated_dataset_mixed_positive
data_vi:341,data_vi,,,,"Chủ đề: tiết kiệm tiền bằng cách mua phần mềm OEM! cần phần mềm cho máy tính của bạn? chỉ cần truy cập trang web của chúng tôi, chúng tôi có thể có những gì bạn cần. . . lời chúc tốt đẹp nhất, manie",1,,,,,,commercial_spam,commercial_offer;product_service_solicitation,spam,medium,,,translated_dataset_mixed_positive
data_vi:345,data_vi,,,,"Chủ đề: Hoa hồng 6% cho niên kim 12 tháng "" cd - style "" 3 . Các tùy chọn chuyển đổi tuyệt vời được đảm bảo 35% được cấp cho 85 tuổi Hoa hồng 6% cho đến 85 tuổi kiếm được tiền thưởng từ $75 đến $125 cho mỗi ứng dụng phải trả phí. . . ưu đãi thưởng hết hạn vào ngày 31 tháng 7 năm 2002, hãy gọi hoặc e-mail tiếp thị ngay hôm nay! hoặc vui lòng điền vào mẫu bên dưới để biết thêm thông tin Tên : e - mail : điện thoại : thành phố : tiểu bang : chúng tôi không muốn bất cứ ai nhận được thư của chúng tôi",1,,,,,,commercial_spam,marketing_language;product_service_solicitation,spam,medium,,,translated_dataset_mixed_positive
data_vi:346,data_vi,,,,Chủ đề: thông báo lỗi xin chào. đây là chương trình gửi qmail tại stl 7. startlogic . com . tôi e rằng tôi không thể gửi tin nhắn của bạn đến các địa chỉ sau. Đây là một lỗi vĩnh viễn ; Tôi đã bỏ cuộc . xin lỗi nó đã không thành công : vdeliver : 'thông tin người dùng ảo không hợp lệ hoặc không xác định' - - - bên dưới dòng này là bản sao của tin nhắn. return -path : đã nhận : ( qmail 68912 được gọi từ mạng ) ; 19 tháng 7 năm 2005 10 : 58 : 03 - 0000 đã nhận : từ không xác định ( helo mailwiscon,1,,,,,,commercial_spam,commercial_offer;product_service_solicitation,spam,medium,,,translated_dataset_mixed_positive
data_vi:348,data_vi,,,,"Chủ đề: bán không gian quảng cáo trên trang web của bạn bạn có biết rằng bán quảng cáo trên trang web của bạn là một cách tuyệt vời để kiếm thêm doanh thu mà hoàn toàn không cần nỗ lực thêm không? admerchant cho phép bạn thiết lập không gian quảng cáo trên trang web của mình và bán nó một cách nhanh chóng, dễ dàng và trực tiếp cho người mua. bạn sẽ có lợi ích ngay lập tức là kiếm được doanh thu đáng kể. điều này là do admerchant trả tiền cho bạn để hiển thị quảng cáo chứ không chỉ cho clickthrus",1,,,,,,commercial_spam,commercial_offer;promotion_discount;marketing_language;product_service_solicitation,spam,medium,,,translated_dataset_mixed_positive
data_vi:349,data_vi,,,,"Chủ đề: fwd: Norton cung cấp phần mềm tốt nhất hiện có, hiện chỉ có 29 USD. 99 ! 32053 bạn có quan tâm đến máy tính của mình không? symantecsystemworks 2002 phiên bản chuyên nghiệp từ những người tạo ra phần mềm chống vi-rút được xếp hạng số 1! bộ phần mềm vượt trội này đi kèm với mọi chương trình mà bạn cần để giải quyết các vấn đề hoặc mối đe dọa mà máy tính của bạn phải đối mặt hàng ngày trong đời! Bao gồm trong thỏa thuận tuyệt vời này là các chương trình sau: Norton Antivirus?ffff 99 2002 -",1,,,,,,commercial_spam,commercial_offer;promotion_discount;marketing_language;product_service_solicitation;promotional_call_to_action,spam,medium,,,translated_dataset_mixed_positive
data_vi:350,data_vi,,,,"Chủ đề: tiết kiệm tiền bằng cách mua phần mềm OEM! cần phần mềm cho máy tính của bạn? chỉ cần truy cập trang web của chúng tôi, chúng tôi có thể có những gì bạn cần. . . Trân trọng, hien",1,,,,,,commercial_spam,commercial_offer;product_service_solicitation,spam,medium,,,translated_dataset_mixed_positive
data_vi:353,data_vi,,,,"Chủ đề: bộ ký tự logo hoàn hảo = koi 8 - r "" > nghĩ đến việc thổi luồng sinh khí mới vào doanh nghiệp của bạn ? bắt đầu từ việc cải tiến logo mặt trước và nhận dạng thị giác của nó. logodentity cung cấp thiết kế tùy chỉnh sáng tạo cho loqos, văn phòng phẩm và các trang web. dưới sự quản lý của chúng tôi hãy cẩn thận với những công cụ tiếp thị mạnh mẽ này sẽ mang lại một luồng gió mới cho doanh nghiệp của bạn và khiến bạn nổi bật so với các đối thủ cạnh tranh, bạn chỉ còn cách thành công trong tư",1,,,,,,commercial_spam,marketing_language;product_service_solicitation;promotional_call_to_action,spam,medium,,,translated_dataset_mixed_positive
data_vi:355,data_vi,,,,"Chủ đề: norton systemworks 2002 giải phóng mặt bằng cuối cùng 1093 norton systemworks 2002 bộ phần mềm phiên bản chuyên nghiệp 6 tính năng tiện ích đóng gói, 1 mức giá tuyệt vời 300 USD. 00 + giá trị bán lẻ kết hợp chỉ $29 . 99 ! bảo vệ máy tính của bạn và thông tin có giá trị của bạn! đừng để mình trở thành con mồi của những virus phá hoại ! bấm vào đây để biết thêm thông tin và đặt hàng nếu bạn muốn hủy đăng ký khỏi danh sách này , vui lòng bấm vào đây để xóa .",1,,,,,,commercial_spam,commercial_offer;marketing_language;product_service_solicitation,spam,medium,,,translated_dataset_mixed_positive
data_vi:358,data_vi,,,,"Chủ đề: thông báo lỗi xin chào. đây là chương trình gửi qmail tại baco. liên kết nóng. com . anh . tôi e rằng tôi không thể gửi tin nhắn của bạn đến các địa chỉ sau. Đây là một lỗi vĩnh viễn ; Tôi đã bỏ cuộc . xin lỗi nó đã không thành công : 200 . 164 . 232 . 214 không thích người nhận. máy chủ từ xa nói : 550 xin lỗi , không có hộp thư nào có tên đó ( # 5 . 7 . 1 ) từ bỏ 200 . 164 . 232 . 214 . - - - bên dưới dòng này là bản sao của tin nhắn. return -path : đã nhận : ( qmail 5021 được gọi bởi ",1,,,,,,commercial_spam,commercial_offer;marketing_language;product_service_solicitation,spam,medium,,,translated_dataset_mixed_positive
data_vi:36,data_vi,,,,"Chủ đề: ms 2003 các tựa phần mềm có sẵn để tải xuống, chọn tham gia email ưu đãi đặc biệt hủy đăng ký phần mềm tìm kiếm của tôi top 10 tựa phần mềm mới đang được bán ngay bây giờ! 1 office pro 20032 adobe photoshop 9 . 03 windows xp pro 4 adobe acrobat 7 pro 5 flash mx 20046 corel draw 127 norton Antivirus 20058 windows 2003 server 9 bí danh maya 6 wavefrtl 0 adobe illustrator 11 xem thêm của nhà sản xuất này microsoft symantec adobe Khách hàng cũng mua các mặt hàng khác này. . . Microsoft Offic",1,,,,,,commercial_spam,commercial_offer;promotion_discount;marketing_language;product_service_solicitation,spam,medium,,,translated_dataset_mixed_positive
data_vi:360,data_vi,,,,"Chủ đề: http://www. những người bạn lướt sóng. net xin chào, tôi đã truy cập www. những người bạn lướt sóng. net và nhận thấy rằng trang web của bạn không được liệt kê trên một số công cụ tìm kiếm. tôi chắc chắn rằng thông qua dịch vụ của chúng tôi số lượng người truy cập trang web của bạn chắc chắn sẽ tăng lên. seekercenter là một công nghệ độc đáo giúp gửi trang web của bạn ngay lập tức tới hơn 500.000 công cụ tìm kiếm và thư mục - - một cách thực sự hiệu quả và chi phí thấp để quảng cáo trang",1,,,,,,commercial_spam,commercial_offer;marketing_language;product_service_solicitation,spam,medium,,,translated_dataset_mixed_positive
data_vi:362,data_vi,,,,"Chủ đề: Phần thưởng bán niên kim $ 500 lần đầu tiên một niên kim mới được đảm bảo sẽ tiếp tục tăng lên và tăng lên. . . . mức giá ngày càng tăng - tất cả đều được đảm bảo miễn trừ phí bảo hiểm linh hoạt hoặc phí bảo hiểm đơn lẻ * tuổi phát hành 0 - 85 * * vui lòng điền vào biểu mẫu bên dưới để biết thêm thông tin tên : e - mail : điện thoại : thành phố : tiểu bang : * hầu hết các tiểu bang . * * phí đầu hàng thay đổi tùy theo lứa tuổi 56 + ở ct , in , md , ok , sc . hợp đồng do công ty bảo hiểm ",1,,,,,,commercial_spam,commercial_offer;product_service_solicitation;large_fund_bait,spam,medium,,,translated_dataset_mixed_positive
data_vi:364,data_vi,,,,Chủ đề: chỉ với cô ấy. . . viagra mềm ở mức 1 USD. 62 mỗi liều đã sẵn sàng để tăng cường đời sống tình dục của bạn chưa? tích cực ? đã đến lúc phải làm điều đó ngay bây giờ! đặt mua viagra mềm với mức giá cực kỳ thấp bắt đầu từ $1 . 99 mỗi liều! không thể tin được!,1,,,,,,commercial_spam,commercial_offer;product_service_solicitation,spam,medium,,,translated_dataset_mixed_positive
data_vi:367,data_vi,,,,"Chủ đề: bạn đã sẵn sàng để có được nó chưa? Xin chào ! viagra là loại thuốc số 1 giúp điều trị chứng rối loạn cương dương ở nam giới . như người ta nói đùa, nó đủ mạnh đối với đàn ông nhưng lại dành cho phụ nữ; - ) đặt hàng viagra trực tuyến là một cách rất thuận tiện , nhanh chóng và an toàn ! hàng triệu người làm điều đó hàng ngày để tiết kiệm quyền riêng tư và lệnh chuyển tiền của họ ở đây. . .",1,,,,,,commercial_spam,commercial_offer;product_service_solicitation,spam,medium,,,translated_dataset_mixed_positive
data_vi:37,data_vi,,,,Chủ đề: thông báo lỗi xin chào. đây là chương trình gửi qmail tại gigas. phím . là . tôi e rằng tôi không thể gửi tin nhắn của bạn đến các địa chỉ sau. Đây là một lỗi vĩnh viễn ; Tôi đã bỏ cuộc . xin lỗi nó đã không thành công : địa chỉ này không còn nhận thư nữa . - - - bên dưới dòng này là bản sao của tin nhắn. return -path : đã nhận : ( qmail 10006 được gọi từ mạng ) ; 19 tháng 7 năm 2005 10 : 57 : 35 - 0000 đã nhận : từ không rõ ( helo mailwisconsin . com ) ( 220 . 162 . 170 . 32 ) bởi gigas,1,,,,,,commercial_spam,commercial_offer;product_service_solicitation,spam,medium,,,translated_dataset_mixed_positive
data_vi:371,data_vi,,,,"Chủ đề: giải cứu bạn khỏi thuốc đắt tiền và cơn đau nặng. các đơn đặt hàng được xử lý kín đáo nhưng vẫn hiệu quả và kịp thời. yên tâm về dịch vụ tốt nhất. giảm giá cả phải chăng cho bạn. ví r. kiểm tra chúng tôi sản phẩm đặc biệt hàng tuần của chúng tôi. tìm ra cách tốt hơn để nhận được các biện pháp khắc phục theo quy định . . tại trang web chernist của chúng tôi, bạn có rất nhiều lựa chọn về thuốc rx chất lượng. . các bác sĩ được cấp phép tại e-zone của chúng tôi hoàn thành việc xem xét hồ sơ ",1,,,,,,commercial_spam,commercial_offer;promotion_discount;product_service_solicitation,spam,medium,,,translated_dataset_mixed_positive
data_vi:375,data_vi,,,,"Chủ đề: cơ hội thứ hai #5182 hoàn thiện hệ thống xử lý thẻ tín dụng cho doanh nghiệp của bạn. internet - đặt hàng tại nhà - đặt hàng qua thư - đặt hàng qua điện thoại bạn có chấp nhận thẻ tín dụng không? đối thủ cạnh tranh của bạn làm được điều đó! mọi người đều chấp thuận - vấn đề tín dụng được rồi! phê duyệt trong vòng chưa đầy 24 giờ! tăng doanh số bán hàng của bạn lên 300%, hãy bắt đầu chấp nhận thẻ tín dụng trên trang web của bạn! thông tin miễn phí, không rủi ro, bảo mật 100%. tên và thông",1,,,,,,commercial_spam,commercial_offer;promotion_discount;product_service_solicitation;organization_impersonation,spam,medium,,,translated_dataset_mixed_positive
data_vi:377,data_vi,,,,"Chủ đề: bạn có muốn nhận tờ séc 250 USD không? chúng tôi đang nhận được séc trị giá 100 đô la và 1.000 đô la mỗi tháng - hãy để tôi chỉ cho bạn cách bạn có thể dễ dàng thực hiện điều tương tự! bạn nhận được email này với tư cách là người đăng ký danh sách gửi thư của dealuwant. để xóa chính bạn khỏi danh sách email này và các danh sách email liên quan hãy nhấp vào đây : hủy đăng ký email của tôi theo dự luật ( s ) 1618 tiêu đề iii của Quốc hội Hoa Kỳ lần thứ 105 , theo mục 301 , đoạn ( a ) ( 2 )",1,,,,,,commercial_spam,marketing_language;promotional_call_to_action;bulk_distribution,spam,medium,,,translated_dataset_mixed_positive
data_vi:378,data_vi,,,,"Chủ đề: cần thợ đồ họa? đến đây . nghĩ đến việc thổi sức sống mới vào doanh nghiệp của bạn? bắt đầu từ việc cải tiến logo mặt trước và nhận dạng trực quan của nó. chúng tôi cung cấp các thiết kế tùy chỉnh sáng tạo của logo, văn phòng phẩm và trang web. dưới bàn tay chăm sóc của chúng tôi, những công cụ tiếp thị mạnh mẽ này sẽ mang lại luồng gió mới cho doanh nghiệp của bạn và khiến bạn nổi bật so với các đối thủ cạnh tranh. bạn chỉ còn cách thành công trong tương lai một khoảng cách ngắn. ciick ",1,,,,,,commercial_spam,marketing_language;product_service_solicitation,spam,medium,,,translated_dataset_mixed_positive
data_vi:380,data_vi,,,,"Chủ đề: [ ilug - social ] yêu cầu thẻ quà tặng kmart trị giá 25 đô la của bạn 1 ) yêu cầu thẻ quà tặng kmart trị giá 25 đô la của bạn 2 ) các khoản vay mua ô tô , phê duyệt nhanh chóng cho bất kỳ khoản tín dụng nào ! http://www. nhấp vào quảng cáo . ws / p . cfm ? o = 383 & s = pkl 3 ) bạn có đang trả quá nhiều tiền cho bảo hiểm ô tô - tìm hiểu ? http://www. nhấp vào quảng cáo . ws / p . cfm ? o = 334 & s = pkl chúc một ngày tuyệt vời, thưa mẹ. com - - - - - - - - - - - - - - - - - - bạn nhận đư",1,,,,,,commercial_spam,commercial_offer;marketing_language;product_service_solicitation,spam,medium,,,translated_dataset_mixed_positive
data_vi:382,data_vi,,,,"Chủ đề: những khách hàng tiềm năng mới, rõ ràng từ Allmerica Financial thông qua các chương trình thị trường được tài trợ đã được thiết lập với các công ty cpa, ngân hàng, công đoàn tín dụng và các công ty tài sản và tai nạn, bạn sẽ nhận được những khách hàng tiềm năng cần thiết để phát triển cơ sở khách hàng của mình và đáp ứng các yêu cầu tài chính dài hạn của họ. nhu cầu . Các chuyên gia của allmerica sẽ giúp bạn vạch ra chiến lược lựa chọn và thâm nhập vào các thị trường phù hợp để phát triể",1,,,,,,commercial_spam,commercial_offer;marketing_language;product_service_solicitation,spam,medium,,,translated_dataset_mixed_positive
data_vi:383,data_vi,,,,"Chủ đề: tombrandon , to hơn , ngực đầy đặn hơn một cách tự nhiên chỉ sau vài tuần = = = = = = = = = = = = = = = = = = = = = = = = đảm bảo tăng , nâng và làm săn chắc bộ ngực của bạn sau 60 ngày nếu không bạn sẽ được hoàn lại tiền! ! 100% thảo dược và thiên nhiên. công thức đã được chứng minh từ năm 1996. tăng vòng ngực của bạn lên từ 1 đến 3 cỡ trong vòng 30 - 60 ngày và hoàn toàn tự nhiên . bấm vào đây : http:// 64 . 123 . 160 . 91: 81/li/linxiao/http://202. 101 . 163 . 34 : 81 / li / linxiao /",1,,,,,,commercial_spam,promotional_call_to_action;bulk_distribution,spam,medium,,,translated_dataset_mixed_positive
data_vi:39,data_vi,,,,"Chủ đề: bộ ký tự logo hoàn hảo = koi 8 - r "" > nghĩ đến việc thổi sức sống mới vào doanh nghiệp của bạn ? bắt đầu từ việc cải tiến logo mặt trước và nhận dạng hình ảnh của nó . logodentity cung cấp thiết kế tùy chỉnh sáng tạo của ioqos , văn phòng phẩm và các trang web . dưới sự quản lý của chúng tôi carefui sẽ trao cho bạn những công cụ tiếp thị mạnh mẽ này để mang lại một luồng gió mới cho doanh nghiệp của bạn và khiến bạn nổi bật so với các đối thủ cạnh tranh, bạn chỉ cần nhấp chuột là có thể",1,,,,,,commercial_spam,marketing_language;product_service_solicitation,spam,medium,,,translated_dataset_mixed_positive
data_vi:391,data_vi,,,,"Chủ đề: hãy tích cực 0 ns trước khi tung tin nóng hổi thế này | và khí đốt hiện nay khi dầu khí đã bước vào giai đoạn tăng trưởng dài hạn | thị trường , chuyên môn của chúng tôi trong việc xác định những công ty hot nhất trong số ít các công ty năng lượng bị định giá thấp còn lại đã mang lại lợi nhuận tăng vọt . emerson ơi | và gas ( eogi ) là nhà phát triển năng lượng ở "" oi | vành đai "" của Hoa Kỳ và ở các hồ chứa được thèm muốn nhất ở Canada với tiềm năng tạo ra hàng triệu mỗi tuần . tin nóng",1,,,,,,commercial_spam,commercial_offer;marketing_language,spam,medium,,,translated_dataset_mixed_positive
data_vi:393,data_vi,,,,"Chủ đề: tiết kiệm tiền bằng cách mua phần mềm OEM! cần phần mềm cho máy tính của bạn? chỉ cần truy cập trang web của chúng tôi, chúng tôi có thể có những gì bạn cần. . . Trân trọng, rosita",1,,,,,,commercial_spam,commercial_offer;product_service_solicitation,spam,medium,,,translated_dataset_mixed_positive
data_vi:396,data_vi,,,,"Chủ đề: áp lực tăng giá báo hiệu bản tin về lợi ích tổ chức - số tháng 6 ngày 2 và ngày 5 tháng 6 chúng ta sẽ phân tích một cổ phiếu. k được định giá rất thấp và có liên quan đến lĩnh vực an ninh nội địa đang rất nóng . cơ hội tầng trệt cho tất cả mọi người. kho báu nhỏ này là :vnbl . ob ( vinoble , inc ) the stoc . k chỉ giao dịch ở mức o . 09 - ồ. 1 o xu và chúng tôi kỳ vọng nó có thể đạt 0 đô la. 3 o - $ 0 . 35 vào giữa tháng bảy. chiến dịch PR khổng lồ được mong đợi trong tuần này vì vậy hãy",1,,,,,,commercial_spam,marketing_language;product_service_solicitation,spam,medium,,,translated_dataset_mixed_positive
data_vi:397,data_vi,,,,"Chủ đề: kiếm 10 k mỗi tuần với hệ thống mới ! 9652 cyuh 7 - 164rdh - 15 lời chào ! bạn có thể kiếm tới 10 nghìn mỗi tuần khi thực hiện các tác vụ trực tuyến đơn giản với hệ thống hoàn toàn mới có tên emm ? nó thổi bay mlm : không bán . . . không tuyển dụng. . . không giải thích hoặc trả lời những câu hỏi khó. . . không có cuộc gọi 3 chiều. . . không van xin bạn bè và gia đình. . . không có sự từ chối. . . tất cả những gì bạn phải làm là quảng cáo, quảng cáo, quảng cáo và sau đó nhập địa chỉ e-ma",1,,,,,,commercial_spam,commercial_offer;marketing_language,spam,medium,,,translated_dataset_mixed_positive
data_vi:399,data_vi,,,,"Chủ đề: bộ ký tự logo hoàn hảo = koi 8 - r "" > nghĩ đến việc thổi luồng sinh khí mới vào doanh nghiệp của bạn ? bắt đầu từ việc cải tiến logo mặt trước và nhận dạng thị giác của nó. logodentity cung cấp thiết kế tùy chỉnh sáng tạo cho loqos, văn phòng phẩm và các trang web. dưới sự quản lý của chúng tôi carefui hand những công cụ tiếp thị mạnh mẽ này sẽ mang lại một luồng gió mới cho doanh nghiệp của bạn và khiến bạn nổi bật giữa các đối thủ cạnh tranh, bạn chỉ còn cách thành công trong tương la",1,,,,,,commercial_spam,marketing_language;product_service_solicitation;promotional_call_to_action,spam,medium,,,translated_dataset_mixed_positive
data_vi:400,data_vi,,,,Chủ đề: người mua miễn phí. com đại lý niêm yết bảo hiểm nhân thọ niên kim bảo hiểm khuyết tật bảo hiểm y tế bảo hiểm chăm sóc dài hạn bảo hiểm thế chấp kế hoạch bất động sản bảo hiểm bổ sung medicare bảo hiểm nha khoa hợp pháp trả trước bảo hiểm du lịch định cư bảo hiểm ô tô bảo hiểm nhà gọi điện hoặc gửi email cho chúng tôi ngay hôm nay! hoặc vui lòng điền vào biểu mẫu bên dưới để có tên danh sách miễn phí: công ty: địa chỉ: thành phố: tiểu bang: zip: điện thoại: e-mail: trang web: chúng tôi k,1,,,,,,commercial_spam,commercial_offer;product_service_solicitation,spam,medium,,,translated_dataset_mixed_positive
data_vi:401,data_vi,,,,"Chủ đề: tư vấn chứng khoán về cơ cấu và báo cáo công nghệ ngày 10 tháng 5 năm 2005 - - dành cho các nhà đầu tư và nhà giao dịch phát hành ngay lập tức : Pinnacle Group Limited , Inc . ( pgpu ) thông báo mua lại aerofoam metallic inc . aerofoam metallic inc là một | cấu trúc đọc | công ty công nghệ tập trung vào việc phát triển và thương mại hóa các sản phẩm và linh kiện nhôm xốp cho thị trường thế giới. trên thị trường ngày nay , aerofoam metallic inc có công nghệ tiên tiến và | sự cạnh tranh ga",1,,,,,,commercial_spam,commercial_offer;product_service_solicitation,spam,medium,,,translated_dataset_mixed_positive
data_vi:402,data_vi,,,,Chủ đề: đơn thuốc trực tuyến tốt nhất ở đây Nicaragua cá ngừ đóng cửa muốn một loại thuốc theo toa ? tìm nó ở đây! chúng tôi có tất cả máy tính bảng mà bạn có thể cần! bạn đặt tên cho nó ! chúng tôi có nó! ngừng nhận tài liệu quảng cáo ngay bây giờ hãy kiềm chế hậu quả cơn bão dễ đọc cấm trứng kimberly,1,,,,,,commercial_spam,marketing_language;product_service_solicitation,spam,medium,,,translated_dataset_mixed_positive
data_vi:406,data_vi,,,,"Chủ đề: tin tức: công ty được định vị để phát triển tập đoàn truyền thông pop 3 (popt), một công ty đã đặt mình vào khoảng cách giữa các tập đoàn truyền thông lớn và thế giới của các công ty âm nhạc, phim ảnh, xuất bản và công nghệ độc lập. giá hiện tại : . o 25 ý kiến ​​| nó tiếp tục cao hơn? hãy xem chương trình này vào thứ Hai vì chúng tôi biết nhiều bạn thích động lực. tin nóng hổi ! ! tập đoàn truyền thông pop 3 ( popt ) và tập đoàn roxxy thông báo rằng các công ty đã ký kết một lá thư bày ",1,,,,,,commercial_spam,commercial_offer;marketing_language;product_service_solicitation,spam,medium,,,translated_dataset_mixed_positive
data_vi:407,data_vi,,,,"Chủ đề: tiết kiệm tiền bằng cách mua phần mềm OEM! cần phần mềm cho máy tính của bạn? chỉ cần truy cập trang web của chúng tôi, chúng tôi có thể có những gì bạn cần. . . Trân trọng, shiloh",1,,,,,,commercial_spam,commercial_offer;product_service_solicitation,spam,medium,,,translated_dataset_mixed_positive
data_vi:409,data_vi,,,,"Chủ đề: thông báo lỗi xin chào. đây là chương trình gửi qmail qua mail. bmadesign . com . tôi e rằng tôi không thể gửi tin nhắn của bạn đến các địa chỉ sau. Đây là một lỗi vĩnh viễn ; Tôi đã bỏ cuộc . xin lỗi nó đã không thành công : xin lỗi , ở đây không có hộp thư nào có tên đó . vpopmail ( #5 . 1 . 1 ) - - - bên dưới dòng này là bản sao của tin nhắn . return -path : đã nhận : ( qmail 63778 được gọi từ mạng ) ; Ngày 19 tháng 7 năm 2005 11: 07: 06 - 0000 đã nhận: từ ntsitmo 26173. ngồi đi. nt .",1,,,,,,commercial_spam,commercial_offer;marketing_language;product_service_solicitation,spam,medium,,,translated_dataset_mixed_positive
data_vi:412,data_vi,,,,"Chủ đề: giải pháp trực quan hoàn hảo cho doanh nghiệp của bạn hiện đang làm việc trên hình ảnh công ty của bạn ? bắt đầu bằng hình ảnh nhận dạng, chìa khóa tạo nên ấn tượng tốt đầu tiên. Chúng tôi đang ở đây để giúp bạn ! chúng tôi sẽ tham gia vào việc xây dựng hình ảnh tích cực về công ty của bạn bằng cách tạo ra một ioqo nổi bật, các mặt hàng văn phòng phẩm và trang web chuyên nghiệp. những công cụ tiếp thị này sẽ đóng góp đáng kể vào sự thành công của doanh nghiệp bạn. hãy xem qua các mẫu côn",1,,,,,,commercial_spam,marketing_language;product_service_solicitation,spam,medium,,,translated_dataset_mixed_positive
data_vi:415,data_vi,,,,"Chủ đề: tiết kiệm tiền bằng cách mua phần mềm OEM! cần phần mềm cho máy tính của bạn? chỉ cần truy cập trang web của chúng tôi, chúng tôi có thể có những gì bạn cần. . . Trân trọng, particia",1,,,,,,commercial_spam,commercial_offer;product_service_solicitation,spam,medium,,,translated_dataset_mixed_positive
data_vi:416,data_vi,,,,Chủ đề: thuốc chữa liệt dương số 1 mua đơn thuốc trực tuyến giá rẻ http : / / fre . ix 3 tmjitfsi 8 ml 0 . cisekldej . com tham vọng là một giấc mơ với động cơ v 8. tai nạn sẽ xảy ra trong những gia đình được quản lý tốt nhất. tử tế với con chó của bạn không làm cho bạn trở thành một nghệ sĩ giỏi hơn.,1,,,,,,commercial_spam,commercial_offer;product_service_solicitation,spam,medium,,,translated_dataset_mixed_positive
data_vi:417,data_vi,,,,"Chủ đề: các tiện ích mở rộng mới hiện chỉ còn 14$. Thông báo công khai ngày 95: các tên miền mới cuối cùng đã có sẵn cho công chúng với mức giá chiết khấu. bây giờ bạn có thể đăng ký một trong những điều mới thú vị. biz hoặc . info tên miền , cũng như tên miền . com và . tên net chỉ với 14$ . 95 . Những tiện ích mở rộng tên miền hoàn toàn mới này gần đây đã được icann phê duyệt và có các quyền giống như tên miền gốc . com và . tên miền mạng . tất nhiên lợi ích lớn nhất là . biz và . thông tin tê",1,,,,,,commercial_spam,promotion_discount;marketing_language;promotional_call_to_action,spam,medium,,,translated_dataset_mixed_positive
data_vi:42,data_vi,,,,"Chủ đề: nhận được giá tốt nhất cho chiếc xe tiếp theo của bạn ! ưu đãi độc quyền từ tin nhắn 24 x 7 tìm kiếm xe đã qua sử dụng mua xe đã qua sử dụng trực tuyến bạn nhận được tin nhắn này vì bạn đã đăng ký nhận ưu đãi từ một trong những đối tác tiếp thị được lựa chọn cẩn thận của chúng tôi. Nhắn tin 24 x 7 là nguồn cung cấp và giảm giá mới hấp dẫn nhất trên Internet. nếu bạn không còn muốn nhận những ưu đãi này nữa, vui lòng làm theo hướng dẫn hủy đăng ký ở phía dưới. để hủy đăng ký khỏi danh sác",1,,,,,,commercial_spam,commercial_offer;promotion_discount;marketing_language;promotional_call_to_action,spam,medium,,,translated_dataset_mixed_positive
data_vi:422,data_vi,,,,"Chủ đề: chiến thắng một trong những chiếc chopard của chúng tôi và cảm nhận niềm hân hoan trên cổ tay bạn. những người đẹp này có những đặc điểm và logo giống như bản gốc của họ. bạn sẽ tìm thấy tất cả các điểm bán chạy nhất trên hàng hóa của chúng tôi. chọn pin / thạch anh hoặc loại có chuyển động tự động. http://714i. ừm. bản chất và lõi . com / i 5 h / - - - - - tin nhắn gốc - - - - - from : alfonso@afdt . com [ mailto : jefferson @ hk . com ] đã gửi : thứ năm , ngày 4 tháng 3 năm 2005 4 : 07",1,,,,,,commercial_spam,commercial_offer;product_service_solicitation,spam,medium,,,translated_dataset_mixed_positive
data_vi:424,data_vi,,,,"Chủ đề: đã bao giờ có một chiếc sm 4 ll spock cất cánh chưa? thẻ giao dịch cd ( cdtd ) giá hiện tại : 0 . 15 đây có phải là viên ngọc quý chưa được khám phá và được định vị để tiến lên cao hơn không? xem lại chính xác những gì công ty này làm. tin nóng hổi ! ! cdtc thông báo rằng họ đã đổi tên thành nex 2 u cdtc inc. , nhà cung cấp danh mục đa phương tiện hàng đầu , hôm nay đã tiết lộ thương hiệu mới của mình là nex 2 u ( tm ) ( cdtd ) . Quyết định tạo ra thương hiệu mới nhằm giúp bộc lộ quan đi",1,,,,,,commercial_spam,commercial_offer;marketing_language;product_service_solicitation,spam,medium,,,translated_dataset_mixed_positive
data_vi:427,data_vi,,,,Chủ đề: tiết kiệm tiền mua thứ này ở đây bạn chưa thử cials à? bạn thậm chí không thể tưởng tượng được cảm giác trở thành một người đàn ông thực sự trên giường là như thế nào! vấn đề là một lỗi tuyệt vời sẽ được cung cấp cho bạn một cách chính xác khi bạn muốn. Cialls có nhiều ưu điểm hơn viagra - tác dụng kéo dài 36 giờ! - bạn đã sẵn sàng bắt đầu chỉ trong vòng 10 phút! - bạn có thể trộn nó với rượu aicohol! chúng tôi gửi đến bất kỳ nước nào! hiểu ngay bây giờ! .,1,,,,,,commercial_spam,commercial_offer;product_service_solicitation,spam,medium,,,translated_dataset_mixed_positive
data_vi:429,data_vi,,,,"Chủ đề: re : cơ hội giáo dục chúng ta đã nói về gf . trường đại học . d i p lo m a s . bạn có muốn có một tương lai thịnh vượng, khả năng kiếm tiền tăng lên và được mọi người tôn trọng không? chúng tôi có thể hỗ trợ cấp bằng từ các trường đại học danh tiếng không được công nhận dựa trên kiến ​​thức hiện tại và kinh nghiệm sống của bạn. không có bài kiểm tra, lớp học, sách hoặc phỏng vấn bắt buộc. các bằng cử nhân , thạc sĩ , mba , và tiến sĩ ( tiến sĩ ) có sẵn trong lĩnh vực bạn chọn - đúng vậy ",1,,,,,,commercial_spam,marketing_language;promotional_call_to_action,spam,medium,,,translated_dataset_mixed_positive
data_vi:430,data_vi,,,,"Chủ đề: báo giá bảo hiểm y tế miễn phí cần bảo hiểm y tế ? Ngoài việc cung cấp nhiều lựa chọn nhất về các chương trình bảo hiểm y tế lớn từ các công ty hàng đầu , dịch vụ của chúng tôi còn cung cấp nhiều lựa chọn về các chương trình nha khoa chất lượng . bạn có thể nhận được báo giá tức thì miễn phí , so sánh song song , giá tốt nhất hiện có , ứng dụng trực tuyến và đội ngũ chăm sóc khách hàng am hiểu để giúp bạn tìm được kế hoạch phù hợp với mình . nếu bạn muốn biết thêm thông tin, vui lòng gửi",1,,,,,,commercial_spam,commercial_offer;product_service_solicitation,spam,medium,,,translated_dataset_mixed_positive
data_vi:434,data_vi,,,,Chủ đề: bạn có thể cần nó làm thế nào để tiết kiệm hơn 70% chi phí khám nghiệm tử thi. p strychnine harmshop - cách ba âm tiết thành công và đã được chứng minh để tiết kiệm tiền thuốc đạn của bạn. phân bổ v phép nhân ag a stencil l công cụ thắt chặt lu thay thế l rac đồng nhất có thể nén được l i leadman s surrejoinder val bất hợp pháp m và nhiều thứ khác . xin chúc mừng boxcar t. thế giới Leviticus de shlpplng . hình thức đặt hàng dễ dàng không thể quản lý được. tổng số bí mật nang. 250.000 sat,1,,,,,,commercial_spam,commercial_offer;product_service_solicitation,spam,medium,,,translated_dataset_mixed_positive
data_vi:436,data_vi,,,,Chủ đề: DVD dành cho người lớn miễn phí. không cần mua hàng. . . tới : yyyy @ netnoteinc . id com : ksdk tới : yyyy @ netnoteinc . com # # # siêu cửa hàng trực tuyến dành cho người lớn # # shhhhhhh . . . # # bạn vừa tìm thấy # # bí mật tốt nhất được giữ bí mật của Internet ! ! ! # # 3 DVD sống động hoàn toàn miễn phí ! ! ! # # # > > > > > > > > không cần mua hàng ! > > > > > > > không cần mua hàng ! < < < < < < < < < # # # đừng quên chuyển tiếp email này tới # # tất cả bạn bè của bạn để có cùng ,1,,,,,,commercial_spam,commercial_offer;marketing_language,spam,medium,,,translated_dataset_mixed_positive
data_vi:438,data_vi,,,,"Chủ đề: đừng trả thêm một hóa đơn hàng tháng nào nữa cho đến khi bạn đọc được điều này. Mạng lưới thế chấp nhà ở của những người cho vay tự do nhất ở Mỹ lãi suất vẫn ở mức thấp nhất mọi thời đại! đây là thời điểm tuyệt vời để tái cấp vốn cho ngôi nhà của bạn , tổng hợp tất cả các hóa đơn và khoản nợ thẻ tín dụng lãi suất cao của bạn , đồng thời nhận được số tiền mặt bạn cần ! tất cả các chủ nhà ở Mỹ đều dễ dàng hội đủ điều kiện! tín dụng bị hư hỏng không bao giờ là một vấn đề! chúng tôi có các c",1,,,,,,commercial_spam,commercial_offer;product_service_solicitation,spam,medium,,,translated_dataset_mixed_positive
data_vi:439,data_vi,,,,"Chủ đề: add sennse xin chào , chào mừng đến với pipeclay dzonline của tôi - cửa hàng dược phẩm nén trực tuyến . thư ký và u bụi rậm m truy tìm vi charnelhouse rac quán cà phê và tegument là tôi bực bội với một lời hứa hôn g một anh đào l và nhiều người khác. với sự khắc nghiệt của cửa hàng chúng tôi, bạn sẽ nhận được - những ưu đãi tốt nhất về âm thanh, dịch vụ khai sáng xuất sắc, nhanh chóng, tạo âm thanh riêng tư, hạn chế đặt hàng, chúc một ngày tốt lành.",1,,,,,,commercial_spam,commercial_offer;product_service_solicitation,spam,medium,,,translated_dataset_mixed_positive
data_vi:44,data_vi,,,,"Chủ đề: những viên ngọc ẩn giúp có chỗ đứng trên thị trường đầu tư an ninh nội địa Các cuộc tấn công khủng bố vào Hoa Kỳ vào ngày 11 tháng 9 năm 2001 đã thay đổi bối cảnh an ninh trong tương lai gần. cả vật lý | và | an ninh logic đã trở nên tối quan trọng đối với | | phân khúc ngành , đặc biệt là ngân hàng , quốc gia | khu vực tài nguyên và chính phủ. Theo giga , một công ty con thuộc sở hữu hoàn toàn của Forrester Research , nhu cầu trên toàn thế giới về các sản phẩm và dịch vụ bảo mật thông t",1,,,,,,commercial_spam,commercial_offer;marketing_language;product_service_solicitation,spam,medium,,,translated_dataset_mixed_positive
data_vi:441,data_vi,,,,"Chủ đề: bộ ký tự logo hoàn hảo = koi 8 - r "" > nghĩ đến việc thổi luồng sinh khí mới vào doanh nghiệp của bạn ? bắt đầu từ việc cải tiến logo mặt trước và nhận dạng hình ảnh của nó . chúng tôi cung cấp thiết kế tùy chỉnh sáng tạo của ioqos , văn phòng phẩm và trang web . dưới bàn tay cẩn thận của chúng tôi những mạnh mẽ này tiếp thị cũng sẽ mang lại một luồng gió mới cho công việc kinh doanh của bạn và khiến bạn nổi bật giữa các đối thủ cạnh tranh . Bạn chỉ cần nhấp chuột là có thể đạt được thàn",1,,,,,,commercial_spam,marketing_language;product_service_solicitation,spam,medium,,,translated_dataset_mixed_positive
data_vi:442,data_vi,,,,"Chủ đề: cổng vào hồ sơ tài sản + chuyên nghiệp của bạn là một công cụ phân tích cá nhân và kinh doanh nhằm phân tích các mục tiêu lập kế hoạch tài chính, đầu tư và bảo hiểm của khách hàng để giúp họ thấy được tình hình ngày nay so với mục tiêu của họ. profile + professional là một công cụ lý tưởng cho việc lập kế hoạch tài chính thực sự. nó không chỉ cung cấp những phân tích kỹ lưỡng , bao gồm cả việc phân bổ tài sản , mà còn có thể tính toán những tác động về thuế trong kế hoạch của khách hàng ",1,,,,,,commercial_spam,commercial_offer;marketing_language;product_service_solicitation,spam,medium,,,translated_dataset_mixed_positive
data_vi:443,data_vi,,,,"Chủ đề: đơn đặt hàng số 5056 của bạn mua một khoản vay chưa bao giờ dễ dàng hơn thế, nhận được báo giá miễn phí về khoản thế chấp đầu tiên mới, thế chấp thứ hai hoặc hạn mức tín dụng mà không mất phí hoặc nghĩa vụ. chúng tôi có thể giúp bạn có được một khoản vay lớn bất kể tình hình tín dụng của bạn như thế nào. Đây là thời điểm tuyệt vời để mua hoặc tái cấp vốn cho ngôi nhà của bạn. cho dù bạn muốn: mua một ngôi nhà mới - hợp nhất các khoản nợ của bạn để tái cấp vốn để giảm các khoản thanh toán",1,,,,,,commercial_spam,commercial_offer;promotional_call_to_action,spam,medium,,,translated_dataset_mixed_positive
data_vi:446,data_vi,,,,"Chủ đề: giao phó nhận dạng hình ảnh của bạn cho chúng tôi khi nghĩ đến việc thổi sức sống mới vào doanh nghiệp của bạn? bắt đầu từ việc cải tiến logo mặt trước và nhận dạng trực quan của nó. chúng tôi cung cấp các thiết kế tùy chỉnh sáng tạo của iogos, văn phòng phẩm và các trang web. dưới bàn tay chăm sóc của chúng tôi, hoạt động tiếp thị mạnh mẽ này cũng sẽ mang lại một luồng gió mới cho doanh nghiệp của bạn và khiến bạn nổi bật giữa các đối thủ cạnh tranh. bạn chỉ còn cách thành công trong tư",1,,,,,,commercial_spam,marketing_language;product_service_solicitation,spam,medium,,,translated_dataset_mixed_positive
data_vi:448,data_vi,,,,"Chủ đề: xin chúc mừng zzzz 8969 ! ! ! Bạn là người chiến thắng ! du khách thân mến, xin chúc mừng bạn có thể là một trong những người chiến thắng may mắn của chúng tôi! bạn có thể sẽ dành kỳ nghỉ tiếp theo của mình ở Orlando Florida xinh đẹp! Chỗ ở 6 ngày 5 đêm ở Orlando đầy nắng Vé máy bay khứ hồi bao gồm cho hai chiếc ô tô thuê với số km không giới hạn Vé 2 ngày đến các studio phổ thông Sách phiếu giảm giá $ 500 cho các bữa ăn và giải trí 2 vé đi du thuyền sòng bạc để nhận giải thưởng của bạn ",1,,,,,,commercial_spam,promotion_discount;promotional_call_to_action;prize_claim,spam,medium,,,translated_dataset_mixed_positive
data_vi:449,data_vi,,,,Chủ đề: adv : Con đường đi đến tự do tài chính của bạn bắt đầu từ đây! bạn đang choáng ngợp với nợ nần và lãi suất cao? bạn có đang nhận được những cuộc gọi khó chịu từ các chủ nợ không? bạn định khắc phục tình trạng tín dụng của mình trong bao lâu? Ngày mai ? tuần tới ? tháng tiếp theo ? tại sao không phải bây giờ? chúng tôi sẽ cung cấp trợ giúp chuyên nghiệp để giảm lãi suất và các khoản thanh toán tối thiểu của bạn! chúng tôi cung cấp thông tin và tài nguyên miễn phí để giúp bạn nhanh chóng t,1,,,,,,commercial_spam,commercial_offer;marketing_language;promotional_call_to_action,spam,medium,,,translated_dataset_mixed_positive
data_vi:450,data_vi,,,,"Chủ đề: bạn đã được chấp thuận cho khoản vay của mình! ! ! phê duyệt số ( 1848025 ) việc tái cấp vốn cho khoản thế chấp của bạn có thể dễ dàng hơn bạn nghĩ ! bây giờ giá đã giảm , đây có thể là thời điểm tốt để bắt đầu tiết kiệm tiền ! bấm vào đây để biết tất cả các chi tiết dịch vụ miễn phí cho chủ nhà ở Hoa Kỳ! cho dù xếp hạng tín dụng của bạn là + + hay bạn đang gặp khó khăn về tín dụng, chúng tôi có nhiều chương trình cho vay thông qua hàng trăm người cho vay tích cực muốn giúp đỡ bạn. khoản",1,,,,,,commercial_spam,commercial_offer;product_service_solicitation,spam,medium,,,translated_dataset_mixed_positive
data_vi:454,data_vi,,,,"Chủ đề: dịch vụ mmedz xin chào, chào mừng bạn đến với medzo kolinsky nline - cửa hàng dược phẩm trực tuyến ph filiform. chalcedony và u nhờn m dung dịch nước vi plantar rac hạt i đoạn được tạo lỗ li ti và nhiều thứ khác. Bạn sẽ sống trong cửa hàng của chúng tôi - trở thành người chơi cờ vua, dịch vụ xuất sắc, vận chuyển nhanh chóng, đặt hàng lề đường tư nhân trực tuyến, chúc một ngày tốt lành.",1,,,,,,commercial_spam,commercial_offer;product_service_solicitation,spam,medium,,,translated_dataset_mixed_positive
data_vi:456,data_vi,,,,"Chủ đề: http://www. wbm . Xin chào chúng tôi, tôi đã ghé thăm www. wbm . chúng tôi và nhận thấy rằng trang web của bạn không được liệt kê trên một số công cụ tìm kiếm. tôi chắc chắn rằng thông qua dịch vụ của chúng tôi số lượng người truy cập trang web của bạn chắc chắn sẽ tăng lên. seekercenter là một công nghệ độc đáo giúp gửi trang web của bạn ngay lập tức tới hơn 500.000 công cụ tìm kiếm và thư mục - - một cách thực sự hiệu quả và chi phí thấp để quảng cáo trang web của bạn. để biết thêm chi",1,,,,,,commercial_spam,commercial_offer;marketing_language;product_service_solicitation,spam,medium,,,translated_dataset_mixed_positive
data_vi:459,data_vi,,,,Chủ đề: tải ngay phần mềm mang nhãn hiệu phần mềm bán hàng http : // francois . jetlow . com / một trò đùa là một điều rất nghiêm trọng . được sợ hãi sẽ an toàn hơn nhiều so với được yêu thương. bạn không bao giờ có thể đánh giá thấp sự ngu ngốc của công chúng.,1,,,,,,commercial_spam,commercial_offer;product_service_solicitation,spam,medium,,,translated_dataset_mixed_positive
data_vi:461,data_vi,,,,"Chủ đề: Công việc thiết kế tùy chỉnh hình ảnh công ty có thể nói lên rất nhiều điều về công ty của bạn. nhịp sống hiện đại quá năng động. đôi khi phải mất vài giây để công ty của bạn được nhớ đến hoặc bị lạc giữa các đối thủ cạnh tranh. hoàn thiện logo, văn phòng phẩm hoặc trang web của bạn ngay bây giờ! quay vòng nhanh : bạn sẽ thấy nhiều biến thể iogo sau ba ngày làm việc . sự hài lòng được đảm bảo: chúng tôi cung cấp số lượng chanqes không giới hạn; bạn có thể chắc chắn: nó sẽ đáp ứng nhu cầu",1,,,,,,commercial_spam,promotion_discount;product_service_solicitation,spam,medium,,,translated_dataset_mixed_positive
data_vi:463,data_vi,,,,Chủ đề: đầu tư tốt hơn thị trường chứng khoán tất cả các thư từ của chúng tôi được gửi tuân thủ h đề xuất. r. 3113 Đạo luật thư điện tử thương mại không được yêu cầu năm 2000 vui lòng xem phần cuối của thông báo này để biết thêm thông tin và hướng dẫn gỡ bỏ. cha mẹ của cậu bé 15 tuổi - tìm thấy 71.000 USD tiền mặt được giấu trong tủ của cậu bé ! tiêu đề này trông quen quen phải không? tất nhiên là thế . rất có thể bạn vừa xem câu chuyện này gần đây được đăng trên một chương trình tin tức lớn hàn,1,,,,,,commercial_spam,commercial_offer;marketing_language;product_service_solicitation;large_fund_bait,spam,medium,,,translated_dataset_mixed_positive
data_vi:47,data_vi,,,,"Chủ đề: 1000 tài liệu quảng cáo đầy màu sắc 335 Triển lãm ý tưởng & sản phẩm thiết kế tsa sắp diễn ra và nếu bạn sắp trở thành nhà triển lãm, bạn sẽ cần thứ gì đó để trao cho khách hàng tiềm năng của mình. Wiley Printing muốn giúp bạn thực hiện điều đó bằng cách cung cấp mức giá tuyệt vời cho tài liệu in có chất lượng. Dưới đây là một vài ví dụ: 1.000 danh thiếp với giá 55 USD - đủ màu, phủ uv 14 pt. 1.000 tấm bưu thiếp với giá 150 USD - đủ màu, phủ tia cực tím 14 pt. giấy stock 1.000 tài liệu q",1,,,,,,commercial_spam,marketing_language;product_service_solicitation,spam,medium,,,translated_dataset_mixed_positive
data_vi:471,data_vi,,,,"Chủ đề: cập nhật trang web vào thứ ba, ngày 05 tháng 7 năm 2005 . chủ đề : cập nhật trang web vào thứ ba, ngày 05 tháng 7 năm 2005 . cảm ơn bạn đã sử dụng cửa hàng trực tuyến của chúng tôi và cho đơn đặt hàng trước đó của bạn. chúng tôi đã cập nhật cửa hàng phần mềm trực tuyến của mình! ? bây giờ chúng tôi có phiên bản mới nhất của chương trình. danh mục đầy đủ của chúng tôi với 2100 tựa phần mềm mới nhất có sẵn để tải xuống ngay tại trang web http : / / meyers . báo lá cải. com / chúng tôi hy v",1,,,,,,commercial_spam,commercial_offer;product_service_solicitation,spam,medium,,,translated_dataset_mixed_positive
data_vi:473,data_vi,,,,Chủ đề: nơi tốt nhất để mua viagra trực tuyến với giá viagra tốt nhất. cảm thấy tốt hơn chỉ là một cú nhấp chuột . vô số sách đang làm cho chúng ta ngu dốt. miệng khép kín không có chân . chúng tôi là những người tạo ra âm nhạc và chúng tôi là những người mơ mộng.,1,,,,,,commercial_spam,commercial_offer;product_service_solicitation,spam,medium,,,translated_dataset_mixed_positive
data_vi:476,data_vi,,,,"Chủ đề: bong bóng bất động sản bao giờ vỡ? - cuộc họp trực tiếp ngày 21 tháng 7 về ngày sự kiện đầu tư thay thế: thứ năm ngày 21 tháng 7 lúc 10:30 sáng, 2:30 chiều, và 7:30 tối với người quản lý đầu tư thay thế hàng đầu, Michael Mansfield để đăng ký sự kiện miễn phí này , hãy truy cập http://www. giao dịch ngoại hối trong ngày. com / forex - trực tuyến - đăng ký. htm . thậm chí Warren Buffett cũng có quan điểm tiêu cực về bất động sản - "" bong bóng tài chính lớn nhất trong lịch sử "" Warren Buffe",1,,,,,,commercial_spam,commercial_offer;marketing_language;product_service_solicitation;large_fund_bait,spam,medium,,,translated_dataset_mixed_positive
data_vi:478,data_vi,,,,"Chủ đề: bảng gắn thẻ dễ dàng : : thêm nhiều lựa chọn để phù hợp với trang web của bạn cảm ơn bạn đã quan tâm đến bảng gắn thẻ dễ dàng . Mục tiêu của chúng tôi là cung cấp cho bạn phần mềm và sự hỗ trợ tốt nhất có thể. chúng tôi biết bạn có quyền lựa chọn và đánh giá cao cơ hội được hỗ trợ các nhu cầu trực tuyến của bạn. chúng tôi tin chắc rằng bạn sẽ thấy được lợi ích của việc sử dụng bảng gắn thẻ dễ dàng. có khả năng tùy biến cao, dễ cấu hình, nhanh, đáng tin cậy và an toàn, o/s, máy chủ độc lậ",1,,,,,,commercial_spam,marketing_language;product_service_solicitation,spam,medium,,,translated_dataset_mixed_positive
data_vi:480,data_vi,,,,"Chủ đề: các tiện ích mở rộng mới hiện chỉ còn 14$. 95 thông tin quan trọng : các tên miền mới cuối cùng đã có sẵn cho công chúng với mức giá chiết khấu . bây giờ bạn có thể đăng ký một trong những điều mới thú vị. biz hoặc . info tên miền , cũng như tên miền . com và . tên net chỉ với 14$ . 95 . Những tiện ích mở rộng tên miền hoàn toàn mới này gần đây đã được icann phê duyệt và có các quyền giống như tên miền gốc . com và . tên miền mạng . tất nhiên lợi ích lớn nhất là . biz và . thông tin tên ",1,,,,,,commercial_spam,promotion_discount;marketing_language;promotional_call_to_action,spam,medium,,,translated_dataset_mixed_positive
data_vi:481,data_vi,,,,Chủ đề: thêm một cơ hội để tiết kiệm chi phí mua thuốc và thú cưng của bạn lên tới 60%. pharmazm spurge ail shop - cách thành công và đã được chứng minh để tiết kiệm tiền cho bạn. Slowcoach và một người yêu nước g theo dõi l l vườn ươm u chủ nghĩa Mỹ l tuyệt vọng ra cầu cạn cla tarantula isva thiết lập l thu hút m và nhiều thứ khác. * mức độ phong phú của PR tốt nhất * kẻ thất bại ldwide shlpplng * tổng số khách hàng không được tiết lộ danh tính * trên 5 mi chứng thực khách hàng có độ nhạy cảm t,1,,,,,,commercial_spam,commercial_offer;product_service_solicitation,spam,medium,,,translated_dataset_mixed_positive
data_vi:484,data_vi,,,,"Tiêu đề: thông tin nợ thứ ba, 28/06/2005 . Tiêu đề : thông tin nợ thứ ba , 28/06/2005 . cảm ơn bạn đã sử dụng cửa hàng trực tuyến của chúng tôi và cho đơn đặt hàng trước đó của bạn. chúng tôi đã cập nhật cửa hàng phần mềm trực tuyến của mình. . . bây giờ chúng tôi có phiên bản mới nhất của chương trình. danh mục đầy đủ của chúng tôi với 2100 tựa phần mềm mới nhất có sẵn để tải xuống ngay tại trang web http : // aloe . báo lá cải. com / chúng tôi hy vọng bạn sẽ chia sẻ với người khác về trải nghi",1,,,,,,commercial_spam,commercial_offer;product_service_solicitation,spam,medium,,,translated_dataset_mixed_positive
data_vi:488,data_vi,,,,"Chủ đề: tôi quan tâm đến việc mua không gian quảng cáo. xin chào, tôi hy vọng mọi việc đều ổn, tôi quan tâm đến việc mua không gian quảng cáo. chúng tôi đang tìm kiếm các nhà xuất bản hàng đầu có thể cung cấp lưu lượng truy cập chất lượng cao cho chúng tôi, đó là lý do tại sao tôi đã liên hệ với bạn. tất cả số lần hiển thị cpm của chúng tôi là thô , không dựa trên số liệu duy nhất , điều này làm tăng cpm hiệu quả . tỷ lệ ecpm của chúng tôi là 10 - 1, không ai trong ngành có thể đánh bại được điề",1,,,,,,commercial_spam,commercial_offer;marketing_language,spam,medium,,,translated_dataset_mixed_positive
data_vi:49,data_vi,,,,"Chủ đề: thông báo lỗi xin chào. đây là chương trình qmail - gửi tại mail - 03 . cdsnet . mạng lưới . tôi e rằng tôi không thể gửi tin nhắn của bạn đến các địa chỉ sau. Đây là một lỗi vĩnh viễn ; Tôi đã bỏ cuộc . xin lỗi nó đã không thành công : xin lỗi , tôi không thể tìm thấy bất kỳ máy chủ nào có tên bb . internetcds . com . ( # 5 . 1 . 2 ) - - - bên dưới dòng này là bản sao của tin nhắn . return - path : đã nhận : ( qmail 50355 được gọi bằng bí danh ) ; 19/07/2005 10 : 58 : 51 - 0000 đã giao ",1,,,,,,commercial_spam,commercial_offer;product_service_solicitation,spam,medium,,,translated_dataset_mixed_positive
data_vi:494,data_vi,,,,Chủ đề: ms office xp pro $49 . 95 ms 2003 chọn tham gia email ưu đãi đặc biệt hủy đăng ký phần mềm tìm kiếm của tôi Top 10 tựa sách mới đang được bán ngay bây giờ ! 1 office pro 20032 windows xp pro 3 adobe Creative suite premium 4 norton diệt virus 20055 flash mx 20046 corel draw 127 adobe acrobat 7 . 08 windows 2003 server 9 bí danh maya 6 wavefrtl 0 adobe ra mắt xem thêm của nhà sản xuất này khách hàng phần mềm microsoft apple cũng đã mua các mặt hàng khác này. . . Microsoft Office Profession,1,,,,,,commercial_spam,commercial_offer;promotion_discount;marketing_language;product_service_solicitation,spam,medium,,,translated_dataset_mixed_positive
data_vi:495,data_vi,,,,"Chủ đề: mục tiêu tương lai thông báo khẩn cấp đang chờ sáp nhập để tăng doanh thu 236 % hiện tại là thời điểm đầu tư vào gwihgwih đang nhanh chóng mở rộng thông qua việc mua lại. trong quý I, hai vụ sáp nhập đang được tiến hành với kế hoạch mua thêm bốn công ty có lợi nhuận vào cuối năm . gwih có kế hoạch nộp đơn cho nasdaq. giá cổ phiếu tăng trong lịch sử khi được niêm yết trên nasdaq. vào ngày 30 tháng 6, chiến dịch quan hệ nhà đầu tư và nâng cao nhận thức cộng đồng kéo dài một năm sẽ được tri",1,,,,,,commercial_spam,commercial_offer;marketing_language;large_fund_bait,spam,medium,,,translated_dataset_mixed_positive
data_vi:497,data_vi,,,,"Chủ đề: các khoản vay mua nhà ngày càng tốt hơn ! dịch vụ miễn phí cho chủ nhà! Các khoản vay mua nhà có sẵn cho mọi tình huống. cho dù xếp hạng tín dụng của bạn là + + hay bạn đang gặp khó khăn về tín dụng, chúng tôi có nhiều chương trình cho vay thông qua hàng trăm người cho vay. khoản thế chấp thứ hai - chúng tôi có thể giúp bạn nhận được tới 125% giá trị căn nhà của bạn (tỷ lệ thay đổi tùy theo tiểu bang). tái cấp vốn - giảm khoản thanh toán hàng tháng của bạn và nhận lại tiền mặt. hợp nhất ",1,,,,,,commercial_spam,commercial_offer;product_service_solicitation,spam,medium,,,translated_dataset_mixed_positive
data_vi:498,data_vi,,,,"Chủ đề: logo công ty chất lượng cao giá cả phải chăng hình ảnh công ty có thể nói lên rất nhiều điều về công ty của bạn. nhịp sống hiện đại quá năng động. đôi khi phải mất vài giây để công ty của bạn được nhớ đến hoặc bị lạc giữa các đối thủ cạnh tranh. hoàn thành loqo, văn phòng phẩm hoặc trang web của bạn ngay bây giờ! quay vòng nhanh: bạn sẽ thấy một số biến thể của iogo trong ba ngày làm việc. sự hài lòng được đảm bảo: chúng tôi cung cấp số lượng thay đổi không giới hạn; bạn có thể chắc chắn",1,,,,,,commercial_spam,commercial_offer;promotion_discount;product_service_solicitation,spam,medium,,,translated_dataset_mixed_positive
data_vi:499,data_vi,,,,"Chủ đề: logo và nhận dạng hình ảnh của bạn từ chúng tôi khi nghĩ đến việc thổi sức sống mới vào doanh nghiệp của bạn? bắt đầu từ việc cải tiến logo mặt trước và nhận dạng trực quan của nó. chúng tôi cung cấp các thiết kế tùy chỉnh sáng tạo của loqos, văn phòng phẩm và các trang web. dưới bàn tay cẩn thận của chúng tôi, hoạt động tiếp thị mạnh mẽ này cũng sẽ mang lại luồng gió mới cho doanh nghiệp của bạn và khiến bạn nổi bật giữa các đối thủ cạnh tranh. bạn chỉ cần một cú nhấn chuột là có thể đạ",1,,,,,,commercial_spam,marketing_language;product_service_solicitation,spam,medium,,,translated_dataset_mixed_positive
data_vi:5,data_vi,,,,"Chủ đề: In 4 màu yêu cầu thêm thông tin đặc biệt ngay bây giờ! bấm vào đây bấm vào đây để có phiên bản in được của mẫu đơn đặt hàng của chúng tôi (định dạng pdf) điện thoại: ( 626) 338 - 8090 fax: ( 626 ) 338 - 8102 e - mail : ramsey @ Goldengraphix . com yêu cầu thêm thông tin ngay bây giờ! bấm vào đây bấm vào đây để có phiên bản có thể in được của mẫu đơn đặt hàng của chúng tôi (định dạng pdf) đồ họa vàng & in ấn 5110 azusa canyon rd. irwindale, ca 91706 tin nhắn e-mail này là một quảng cáo và",1,,,,,,commercial_spam,commercial_offer;marketing_language,spam,medium,,,translated_dataset_mixed_positive
data_vi:503,data_vi,,,,"Chủ đề: ở trung tâm doanh nghiệp của bạn! Hình ảnh công ty có thể nói lên rất nhiều điều về công ty của bạn. nhịp sống hiện đại quá năng động. đôi khi chỉ mất vài giây để công ty của bạn được nhớ đến hoặc bị lạc giữa các đối thủ cạnh tranh. hoàn thiện logo, văn phòng phẩm hoặc trang web của bạn ngay bây giờ! quay vòng nhanh : bạn sẽ thấy một số biến thể logo trong ba ngày làm việc . đảm bảo sự hài lòng: chúng tôi cung cấp số lượng thay đổi không giới hạn; bạn có thể chắc chắn: nó sẽ đáp ứng nhu ",1,,,,,,commercial_spam,commercial_offer;promotion_discount;product_service_solicitation,spam,medium,,,translated_dataset_mixed_positive
data_vi:505,data_vi,,,,"Chủ đề: bất kỳ loại thuốc nào để cô gái của bạn được hạnh phúc ! cô gái của bạn không hài lòng với tiềm năng của bạn? đừng đợi cho đến khi cô ấy tìm được người đàn ông khác! bấm vào đây để chọn từ rất nhiều tình yêu có hương vị t @ bs ! giá tốt nhất, giao hàng nhanh và hiệu quả được kiểm dịch! ở đây bạn mua nó từ kho! cửa hàng đã được bbb xác minh và được visa chấp thuận!",1,,,,,,commercial_spam,commercial_offer;product_service_solicitation,spam,medium,,,translated_dataset_mixed_positive
data_vi:506,data_vi,,,,"Chủ đề: giảm cellulite. đã được chứng minh thay thế cho phẫu thuật thẩm mỹ! gpndq hãy tận dụng bản dùng thử miễn phí của chúng tôi! bạn không có gì phải lo lắng ngoại trừ sự nguy hiểm khi cố gắng đạt được kết quả tương tự với botox mà bạn có thể có được một cách an toàn với bodyshape từ hydroderm! ( ) để hủy đăng ký nhận các ưu đãi về vóc dáng trong tương lai , vui lòng nhấp vào đây. 11240 sân chơi playa. thành phố cống. ca . 90230 lvswinjqgxlx",1,,,,,,commercial_spam,marketing_language;promotional_call_to_action,spam,medium,,,translated_dataset_mixed_positive
data_vi:509,data_vi,,,,"Chủ đề: bạn đã sẵn sàng để có được nó chưa? Xin chào ! viagra là loại thuốc số 1 giúp điều trị chứng rối loạn cương dương ở nam giới . như người ta nói đùa, nó đủ mạnh đối với đàn ông nhưng lại dành cho phụ nữ; - ) đặt mua viagra trực tuyến là một cách rất thuận tiện , nhanh chóng và an toàn ! hàng triệu người làm điều đó hàng ngày để bảo vệ quyền riêng tư và lệnh chuyển tiền của họ ở đây. . .",1,,,,,,commercial_spam,commercial_offer;product_service_solicitation,spam,medium,,,translated_dataset_mixed_positive
data_vi:51,data_vi,,,,"Chủ đề: tin nóng về công nghệ sinh học này, tôi nghĩ bạn có thể muốn xem gtha liệu genthera có thể trở thành con cưng tiếp theo của công nghệ sinh học không khi họ công bố hợp tác với gã khổng lồ trong ngành Beckman Coulter? tin tức công nghệ sinh học mới nhất: genthera inc. hợp tác với gã khổng lồ công nghệ sinh học Beckman Coulter inc. - bản tin genthera ngày 11 tháng 7 năm 2005 . công ty genthera ( otc . bb : gtha ) một công ty công nghệ sinh học phân tử có trụ sở tại Wheat Ridge, co. được tr",1,,,,,,commercial_spam,commercial_offer;marketing_language;product_service_solicitation;promotional_call_to_action;large_fund_bait,spam,medium,,,translated_dataset_mixed_positive
data_vi:511,data_vi,,,,"Chủ đề: lên tới $ 1, 500. 00 bán thời gian 22311 hãy xem 1.000 đô la của chúng tôi. 00 thử thách trên mạng! \ tab \ tab \ ' b 7 điều gì sẽ xảy ra nếu bạn có một công việc được bảo vệ cho phép bạn làm việc ít nhất hai giờ một tuần và công việc đó vẫn trả cho bạn tới 800 đô la. 00 mỗi tuần trong 20 năm tới? à - nó đây rồi! lấy 1.000 đô la của chúng tôi. 00 thử thách trực tuyến! \ tab \ tab \ tab \ tab \ tab \ tab hãy kiểm tra \ tab \ tab \ tab \ tab \ tab \ tab \ tab \ tab \ tab \ tab \ tab người ",1,,,,,,commercial_spam,commercial_offer;promotional_call_to_action,spam,medium,,,translated_dataset_mixed_positive
data_vi:513,data_vi,,,,"Chủ đề: Wallstreet gửi lời chúc một ngày tốt lành tới tất cả các nhà môi giới, nhà giao dịch trong ngày và thế giới nhà đầu tư. báo cáo tock đã trở nên nổi tiếng với một số cổ phiếu tuyệt vời ? k chọn trong thị trường otc, thị trường vốn hóa nhỏ! ! ! ! ! ! ! ! ! ! ở đây tại thế giới chứng khoán? k báo cáo rằng chúng tôi đang làm việc trên đường phố. tin đồn đang lan truyền và tập trung vào tin tức của công ty . chúng tôi chọn các công ty của mình dựa trên tiềm năng tăng trưởng. chúng tôi tập tru",1,,,,,,commercial_spam,commercial_offer;marketing_language,spam,medium,,,translated_dataset_mixed_positive
data_vi:517,data_vi,,,,"Chủ đề: cơ hội vượt trội dành cho ""nhà sản xuất hàng đầu"" đại lý toàn thời gian giám đốc bán hàng tổng đại lý cpa đối tác đại lý độc lập môi giới cộng với quyền truy cập vào 385 công ty khác để phỏng vấn qua điện thoại bí mật vui lòng điền vào mẫu gửi tên : e - mail : điện thoại : thành phố : tiểu bang : khu vực quan tâm: đại lý toàn thời gian giám đốc bán hàng tổng đại lý cpa đối tác đại lý độc lập chúng tôi không muốn bất kỳ ai nhận hoặc gửi thư mà không muốn nhận chúng. đây là thông tin liên ",1,,,,,,commercial_spam,commercial_offer;marketing_language;product_service_solicitation,spam,medium,,,translated_dataset_mixed_positive
data_vi:52,data_vi,,,,"Chủ đề: prop 0 sal siobhan thân yêu _ Riskin công ty chúng tôi sẽ đặt bất kỳ doanh nghiệp nào có trang web đủ tiêu chuẩn vĩnh viễn lên đầu các công cụ tìm kiếm chính được đảm bảo không bao giờ di chuyển ( ví dụ: yahoo ! , msn , alta vista , v.v. ). nếu bạn muốn được đảm bảo vị trí đầu tiên trong các công cụ tìm kiếm hàng đầu với mức phí khuyến mại, vui lòng liên hệ với chúng tôi theo địa chỉ hannah@speedy. com . pe vui lòng bao gồm (các) url mà bạn quan tâm đến việc quảng cáo đây là ví dụ không ",1,,,,,,commercial_spam,promotion_discount;marketing_language,spam,medium,,,translated_dataset_mixed_positive
data_vi:520,data_vi,,,,"Chủ đề: gửi thư không thành công: trả lại thư cho người gửi thư này được tạo tự động bởi phần mềm gửi thư. tin nhắn bạn đã gửi không thể gửi tới một hoặc nhiều người nhận. Đây là một lỗi vĩnh viễn . địa chỉ sau ( es ) không thành công : woksal@eunet . yu (được tạo từ info@woksal. com) lỗi smtp từ người gửi thư từ xa sau khi kết thúc dữ liệu: chuyển tiếp máy chủ. eunet . yu [ 194 . 247 . 192 . 179] : 554 5 . 6 . 1 chúng tôi không chấp nhận thư rác - - - - - - đây là bản sao của thư, bao gồm tất c",1,,,,,,commercial_spam,commercial_offer;product_service_solicitation,spam,medium,,,translated_dataset_mixed_positive
data_vi:522,data_vi,,,,"Chủ đề: một kế hoạch đổi mới dành cho thị trường ngày nay mang lại cho khách hàng của bạn những gì họ muốn và cần: quyền lợi tử vong được đảm bảo và quyền lợi chăm sóc dài hạn mà không phải trả phí chăm sóc dài hạn đắt đỏ và liên tục. đảm bảo trọn đời hoàn trả phí bảo hiểm cho các kế hoạch thanh toán một lần chuyển đổi hoãn thuế thành trợ cấp miễn thuế ( cho người thừa kế của khách hàng của bạn ) . bảo lãnh đơn giản - phi y tế , không máu , không nước tiểu , không ekg . yêu cầu khách hàng của bạ",1,,,,,,commercial_spam,commercial_offer;marketing_language;product_service_solicitation;large_fund_bait;inheritance_or_deceased,spam,medium,,,translated_dataset_mixed_positive
data_vi:524,data_vi,,,,"Chủ đề: bộ ký tự logo hoàn hảo = koi 8 - r "" > nghĩ đến việc thổi luồng sinh khí mới vào doanh nghiệp của bạn ? bắt đầu từ việc cải tiến logo mặt trước và nhận dạng thị giác của nó. logodentity cung cấp thiết kế tùy chỉnh sáng tạo của loqos, văn phòng phẩm và trang web. dưới sự quản lý của chúng tôi hãy cẩn thận với những công cụ tiếp thị mạnh mẽ này sẽ mang lại luồng gió mới cho doanh nghiệp của bạn và khiến bạn nổi bật trước các đối thủ cạnh tranh, bạn chỉ còn cách thành công trong tương lai m",1,,,,,,commercial_spam,marketing_language;product_service_solicitation;promotional_call_to_action,spam,medium,,,translated_dataset_mixed_positive
data_vi:526,data_vi,,,,Chủ đề: thông báo lỗi xin chào. đây là chương trình gửi qmail tại shell 7 . khu vực vịnh . mạng lưới . tôi e rằng tôi không thể gửi tin nhắn của bạn đến các địa chỉ sau. Đây là một lỗi vĩnh viễn ; Tôi đã bỏ cuộc . xin lỗi nó đã không thành công : địa chỉ này không còn nhận thư nữa . - - - bên dưới dòng này là bản sao của tin nhắn. return -path : đã nhận : ( qmail 28217 được gọi từ mạng ) ; 19/07/2005 10 : 58 : 34 - 0000 đã nhận : từ máy tính - 202 - 169 - 136 - 140 . cáp . kumin . nè . jp ( helo,1,,,,,,commercial_spam,commercial_offer;product_service_solicitation,spam,medium,,,translated_dataset_mixed_positive
data_vi:529,data_vi,,,,"Chủ đề: bí mật ghi lại mọi hoạt động trên internet trên bất kỳ máy tính nào. . . c tìm hiểu xem họ đang trò chuyện / gửi thư điện tử cho ai trong suốt thời gian đó ! vợ/chồng của bạn có lừa dối trên mạng không? con bạn có đang nói chuyện với những người nguy hiểm trên tin nhắn tức thời không? tìm ra ngay bây giờ ! - với phần mềm tải xuống tức thì của Big Brother. nhấp vào liên kết này ngay bây giờ để xem ảnh chụp màn hình thực tế và đặt hàng! để được loại trừ khỏi các liên hệ trong tương lai, vu",1,,,,,,commercial_spam,commercial_offer;product_service_solicitation,spam,medium,,,translated_dataset_mixed_positive
data_vi:53,data_vi,,,,"Chủ đề: nhanh chóng nắm lấy bộ ba này với mức đầu tư an ninh nội địa thấp. Các cuộc tấn công khủng bố vào Hoa Kỳ vào ngày 11 tháng 9, ngày 2 tháng 9 đã thay đổi bối cảnh an ninh trong tương lai gần. cả vật lý | và | an ninh logic đã trở thành vấn đề tối quan trọng đối với mọi phân khúc ngành, đặc biệt là trong ngân hàng, quốc gia | khu vực tài nguyên và chính phủ. Theo giga , một công ty con thuộc sở hữu hoàn toàn của Forrester Research , nhu cầu trên toàn thế giới về các sản phẩm và dịch vụ bảo",1,,,,,,commercial_spam,commercial_offer;marketing_language;product_service_solicitation,spam,medium,,,translated_dataset_mixed_positive
data_vi:533,data_vi,,,,Chủ đề: cổ phiếu vốn hóa nhỏ có thể mang lại lợi nhuận cho bạn * * * * hãy xem phần này vào ngày 15 - 21 tháng 7 vì chúng tôi biết nhiều bạn thích động lực * * * * * * * * * vấn đề cảnh báo tin tức nóng hổi - - - tin tức lớn mua mạnh cảnh báo ban hành tại thị trường đóng cửa tập đoàn thương mại thế giới Trung Quốc. ký hiệu : cwtd giá hiện tại : 2$ . 47 Mục tiêu 7 ngày : 7$ . 00 hãy tìm những tin tức lớn về việc công ty này đang hoạt động trở lại. có tin đồn rằng quần short sẽ bị hỏng và hàng sẽ ,1,,,,,,commercial_spam,commercial_offer;marketing_language,spam,medium,,,translated_dataset_mixed_positive
data_vi:534,data_vi,,,,"Chủ đề: thông báo lỗi xin chào. đây là chương trình gửi qmail ở mx 3. seanet . ro . tôi e rằng tôi không thể gửi tin nhắn của bạn đến các địa chỉ sau. Đây là một lỗi vĩnh viễn ; Tôi đã bỏ cuộc . xin lỗi nó đã không thành công : xin lỗi , ở đây không có hộp thư nào có tên đó . ( # 5 . 1 . 1 ) - - - bên dưới dòng này là bản sao của tin nhắn . return -path : đã nhận : ( qmail 31261 được gọi từ mạng ) ; 19 tháng 7 năm 2005 10 : 58 : 20 - 0000 đã nhận : từ không xác định ( helo nsl . seanet . ro ) ( ",1,,,,,,commercial_spam,commercial_offer;product_service_solicitation,spam,medium,,,translated_dataset_mixed_positive
data_vi:536,data_vi,,,,"Chủ đề: ngày đặc biệt hôm nay : sự thâm nhập đáng kinh ngạc không . 17 29264 nhận được 12 vhs hoặc dvd miễn phí! nhấn vào đây để biết thêm chi tiết ! chúng tôi chỉ có phim khiêu dâm chất lượng cao để lựa chọn! "" đây là một ưu đãi rất đặc biệt , trong thời gian có hạn . "" Nhận tới 12 DVD hoàn toàn miễn phí , không cần cam kết ! không có thỏa thuận nào tốt hơn ở bất cứ đâu. không có sản phẩm đánh bắt và không có mánh lới quảng cáo. bạn chỉ phải trả tiền vận chuyển, và các đĩa DVD hoàn toàn miễn ph",1,,,,,,commercial_spam,marketing_language;product_service_solicitation,spam,medium,,,translated_dataset_mixed_positive
data_vi:537,data_vi,,,,"Chủ đề: chính xác - xác minh việc gửi trang web của bạn url sau đã được gửi tới chính xác. com: http://www. datapest . net để trang web của bạn được liệt kê, bạn cần xác nhận danh sách của mình bằng cách sử dụng liên kết bên dưới: cần thêm khách truy cập vào trang web của bạn? hãy xem danh sách nổi bật của chúng tôi : với một khoản phí cố định, thấp bạn sẽ nhận được : một hộp quảng cáo hấp dẫn - sự lựa chọn từ khóa của bạn - xếp hạng top 10 trong 45 + công cụ tìm kiếm - vị trí trong vòng 6 - 8 g",1,,,,,,commercial_spam,commercial_offer;marketing_language;product_service_solicitation;promotional_call_to_action,spam,medium,,,translated_dataset_mixed_positive
data_vi:538,data_vi,,,,"Chủ đề: kiếm hàng ngàn đô la chỉ bằng cách gửi email. dễ thôi . từ : @yahoo . com tới : chủ đề : kiếm tiền gửi e - mail . dễ thôi ! báo cáo cải tiến mới bạn thân mến, bạn có thể kiếm được rất nhiều tiền trong 90 ngày tới bằng cách gửi e-mail. dường như là không thể? có bắt được không? không , không có gì bắt được ; chỉ cần gửi e-mail của bạn và bắt đầu con đường đạt tới tự do tài chính. về cơ bản , tôi gửi nhiều email như vậy nhất có thể , sau đó mọi người gửi tiền mặt cho tôi qua đường bưu điện",1,,,,,,commercial_spam,commercial_offer;marketing_language;product_service_solicitation;large_fund_bait,spam,medium,,,translated_dataset_mixed_positive
data_vi:541,data_vi,,,,"Tiêu đề: re : Bán giải phóng mặt bằng hệ thống _ số lượng có hạn _ chỉ $29 . 99 tj hãy kiểm soát máy tính của bạn bằng phần mềm hàng đầu này! Bộ phần mềm Norton systemworks 2002 - phiên bản chuyên nghiệp - bao gồm sáu - có 6 ! - đầy đủ tính năng tiện ích, tất cả chỉ với 1 mức giá đặc biệt chỉ 29$. 99 ! phần mềm này sẽ: - bảo vệ máy tính của bạn khỏi các virus nguy hiểm và không mong muốn - giúp bảo mật thông tin cá nhân có giá trị của bạn - cho phép bạn truyền tệp và gửi e - mail một cách an toà",1,,,,,,commercial_spam,commercial_offer;promotion_discount;marketing_language;product_service_solicitation;promotional_call_to_action,spam,medium,,,translated_dataset_mixed_positive
data_vi:542,data_vi,,,,"Chủ đề: ở trung tâm doanh nghiệp của bạn! Hình ảnh công ty có thể nói lên rất nhiều điều về công ty của bạn. nhịp sống hiện đại quá năng động. đôi khi chỉ mất vài giây để công ty của bạn được nhớ đến hoặc bị bỏ xa so với các đối thủ cạnh tranh. hoàn thành ioqo, văn phòng phẩm hoặc trang web của bạn ngay bây giờ! quay vòng nhanh: bạn sẽ thấy nhiều biến thể logo trong ba ngày làm việc. sự hài lòng được đảm bảo: chúng tôi cung cấp số lượng chanqes không giới hạn; bạn có thể chắc chắn: nó sẽ đáp ứng",1,,,,,,commercial_spam,commercial_offer;promotion_discount;product_service_solicitation,spam,medium,,,translated_dataset_mixed_positive
data_vi:545,data_vi,,,,Chủ đề: id= : ​​: ffff : 220 . 184 . 181 . 141 + dung lượng lưu trữ thư cdlfnvprj đã vượt quá ýo : il suo Messaggio non e ' stato consegnato ai seguenti detinatari : i destinatari hanno esaurito lo spazio disponbile . tiếng Việt : tin nhắn của bạn không đến được những người nhận sau : những người nhận đã vượt quá mức phân bổ dung lượng lưu trữ . tới : simbol@deejaymail . nó buon lavoro . Tôi . hệ thống thư mạng - - - - - - - thư gốc - - - - return - path : đã nhận : từ : : ffff : 220 . 184 . 181,1,,,,,,commercial_spam,commercial_offer;product_service_solicitation,spam,medium,,,translated_dataset_mixed_positive
data_vi:546,data_vi,,,,"Chủ đề: chuyên gia phân tích trang web - miễn phí, bạn có nghĩ rằng trang web của mình sẽ tạo ra nhiều doanh thu hơn hiện tại không? các nghiên cứu chỉ ra rằng hầu hết những người truy cập lần đầu chỉ dành 10 giây trên một trang web trước khi quyết định xem nó có mang lại giá trị gì cho họ hay không. bảy mươi lăm (75) phần trăm người mua hàng trực tuyến từ bỏ giỏ hàng của họ. những thực tế này nêu bật tầm quan trọng của khả năng trang web của bạn trong việc truyền đạt nhanh chóng và hiệu quả việ",1,,,,,,commercial_spam,commercial_offer;marketing_language;product_service_solicitation;promotional_call_to_action,spam,medium,,,translated_dataset_mixed_positive
data_vi:549,data_vi,,,,"Chủ đề: tiết kiệm tiền bằng cách mua phần mềm OEM! cần phần mềm cho máy tính của bạn? chỉ cần truy cập trang web của chúng tôi, chúng tôi có thể có những gì bạn cần. . . lời chúc tốt đẹp nhất, oliver",1,,,,,,commercial_spam,commercial_offer;product_service_solicitation,spam,medium,,,translated_dataset_mixed_positive
data_vi:551,data_vi,,,,"Chủ đề: phần mềm so sánh chính sách ltci miễn phí, hệ thống tiếp thị tại nơi làm việc bảo hiểm chăm sóc dài hạn tận dụng thông tin mới nhất hiện có liên quan đến thị trường ltci của nhóm. được phát triển sau nhiều tháng nghiên cứu toàn diện và phỏng vấn đại lý , hệ thống tiếp thị tại nơi làm việc là nguồn lực để tuyển sinh nhóm thành công . đi kèm với đơn đặt hàng của bạn: hướng dẫn đại lý - tất cả cách thức - thông tin bao gồm lịch trình thực hiện trình bày biểu đồ lật người quản lý lợi ích / k",1,,,,,,commercial_spam,commercial_offer;marketing_language;product_service_solicitation,spam,medium,,,translated_dataset_mixed_positive
data_vi:555,data_vi,,,,Chủ đề: gửi thư không thành công: trả lại thư cho người gửi thư này được tạo tự động bởi phần mềm gửi thư. tin nhắn bạn đã gửi không thể gửi tới một hoặc nhiều người nhận. Đây là một lỗi vĩnh viễn . địa chỉ sau ( es ) không thành công : salesl@hotmail . com ( được tạo từ antoniopilurzo @ calaluna . com ) lỗi smtp từ trình gửi thư từ xa sau RCpt tới : : Host mx 2 . hotmail . com [ 65 . 54 . 166 . 230]: 550 hành động được yêu cầu không được thực hiện: hộp thư không khả dụng - - - - - - đây là bản ,1,,,,,,commercial_spam,commercial_offer;product_service_solicitation,spam,medium,,,translated_dataset_mixed_positive
data_vi:556,data_vi,,,,"Chủ đề: cổ phiếu nổi bật được định vị để phát triển tập đoàn truyền thông pop 3 (popt), một công ty đã định vị chính mình trong khoảng cách giữa các tập đoàn truyền thông lớn và thế giới của các công ty âm nhạc, fiim, xuất bản và công nghệ độc lập. giá hiện tại : 0 . o 22 ý kiến ​​| nó tiếp tục cao hơn? hãy xem chương trình này vào thứ Tư vì chúng tôi biết nhiều bạn thích động lực. tin nóng hổi ! ! tập đoàn truyền thông pop 3 ( popt ) và tập đoàn roxxy thông báo rằng các công ty đã ký kết | mục ",1,,,,,,commercial_spam,commercial_offer;marketing_language;product_service_solicitation,spam,medium,,,translated_dataset_mixed_positive
data_vi:558,data_vi,,,,"Chủ đề: quảng cáo chuyên nghiệp projecthoneypot @ projecthoneypot thân mến. org: chúng tôi cung cấp dịch vụ tiếp thị qua e-mail với các dịch vụ tốt nhất. 1 . danh sách mục tiêu, chúng tôi có thể cung cấp danh sách email mục tiêu mà bạn cần, danh sách này chỉ được biên soạn theo đơn đặt hàng của bạn. chúng tôi sẽ tùy chỉnh danh sách khách hàng của bạn. * chúng tôi có hàng triệu danh sách ở nhiều danh mục. 2 . gửi danh sách mục tiêu cho bạn, chúng tôi có thể gửi email của bạn đến khách hàng mục ti",1,,,,,,commercial_spam,commercial_offer;marketing_language;product_service_solicitation;bulk_distribution,spam,medium,,,translated_dataset_mixed_positive
data_vi:56,data_vi,,,,"Chủ đề: bạn đã sẵn sàng để có được nó chưa? Xin chào ! viagra là loại thuốc số 1 giúp điều trị chứng rối loạn cương dương ở nam giới . như người ta nói đùa, nó đủ mạnh đối với đàn ông nhưng lại dành cho phụ nữ; - ) đặt hàng quaqra trực tuyến là một cách rất thuận tiện, nhanh chóng và an toàn ! hàng triệu người làm điều đó hàng ngày để bảo vệ quyền riêng tư và lệnh chuyển tiền của họ ở đây. . .",1,,,,,,commercial_spam,commercial_offer;product_service_solicitation,spam,medium,,,translated_dataset_mixed_positive
data_vi:560,data_vi,,,,"Chủ đề: giảm 11 pound trong 7 ngày tôi đã lâu không nói chuyện! Làm thế nào bạn có được ? Nếu bạn giống tôi, bạn đã thử hầu hết mọi cách để giảm cân. tôi biết bạn cảm thấy thế nào - chế độ ăn kiêng đặc biệt , những viên thuốc thần kỳ , và những thiết bị tập thể dục ưa thích cũng chưa bao giờ giúp tôi giảm được số cân tôi cần giảm . Có vẻ như tôi càng tập luyện chăm chỉ thì tôi càng giảm cân ít hơn - cho đến khi tôi nghe về ' sức mạnh cực độ cộng thêm ' . Có lẽ bạn đang tự nghĩ, ""Ôi trời, không p",1,,,,,,commercial_spam,commercial_offer;promotion_discount;product_service_solicitation,spam,medium,,,translated_dataset_mixed_positive
data_vi:564,data_vi,,,,"Chủ đề: cổ phiếu này đã sẵn sàng bùng nổ chưa? báo cáo cơ cấu và công nghệ ngày 10 tháng 5 năm 2005 - - dành cho các nhà đầu tư và nhà kinh doanh phát hành ngay: Pinnacle Group Limited, Inc. ( pgpu ) thông báo mua lại aerofoam metallic inc . aerofoam metallic inc là một | Công ty công nghệ kết cấu Eading tập trung vào phát triển và thương mại hóa các sản phẩm và linh kiện nhôm xốp cho thị trường thế giới. trên thị trường ngày nay , aerofoam metallic inc có công nghệ tiên tiến và | sự cạnh tranh ",1,,,,,,commercial_spam,commercial_offer;marketing_language;product_service_solicitation,spam,medium,,,translated_dataset_mixed_positive
data_vi:566,data_vi,,,,Chủ đề: tiền hoa hồng $ 5000 mỗi tuần của bạn ! ssva cho tôi 5 phút và tôi sẽ chỉ cho bạn cách biến máy tính của bạn thành máy rút tiền! ! ! (có sẵn ở Hoa Kỳ và Canada ) tôi đã kiếm được 25.000 đô la vào tháng trước - hãy gửi báo cáo ngân hàng của tôi ! ! ! chúng tôi đang tặng một kỳ nghỉ 3 ngày miễn phí cho tất cả những người yêu cầu thêm thông tin về cách kiếm được 1000 USD cho mỗi lần bán hàng chỉ bằng cách sử dụng máy tính của họ! bạn sẽ kiếm được 1000 USD cho mỗi lần bán sản phẩm giá rẻ và ,1,,,,,,commercial_spam,commercial_offer;marketing_language;product_service_solicitation,spam,medium,,,translated_dataset_mixed_positive
data_vi:567,data_vi,,,,Chủ đề: gửi thư không thành công: trả lại thư cho người gửi thư này được tạo tự động bởi phần mềm gửi thư. tin nhắn bạn đã gửi không thể gửi tới một hoặc nhiều người nhận. Đây là một lỗi vĩnh viễn . địa chỉ sau ( es ) không thành công : steve . thợ mộc @ lên 4 nó . quỷ . đồng . uk ( được tạo từ steve . carpenter @ up 4 it . info ) lỗi smtp từ người gửi thư từ xa sau khi kết thúc dữ liệu : Host punt - 1 . thư . quỷ . mạng [ 194 . 217 . 242 . 248]: 550 bị chặn bởi tùy chọn lọc thư rác của người nh,1,,,,,,commercial_spam,commercial_offer;product_service_solicitation,spam,medium,,,translated_dataset_mixed_positive
data_vi:569,data_vi,,,,Chủ đề: msnbc : lãi suất chạm mức thấp nhất trong 18 năm 4 . 75%. . . 28940 bây giờ bạn có thể có hàng trăm người cho vay tranh giành khoản vay của bạn ! sự thật: lãi suất đang ở mức thấp nhất trong 40 năm! bạn đủ điều kiện ngay cả khi có tín dụng dưới mức hoàn hảo! ! * tái cấp vốn * cho vay mua nhà mới * hợp nhất nợ * tư vấn về nợ * cho vay mua ô tô * thẻ tín dụng * cho vay sinh viên * thế chấp thứ hai * sở hữu nhà dịch vụ này miễn phí 100% mà không có bất kỳ nghĩa vụ nào. ghé thăm trang web củ,1,,,,,,commercial_spam,commercial_offer;marketing_language;product_service_solicitation,spam,medium,,,translated_dataset_mixed_positive
data_vi:571,data_vi,,,,"Chủ đề: bất kỳ loại thuốc nào để cô gái của bạn được hạnh phúc ! cô gái của bạn không hài lòng với tiềm năng của bạn? đừng đợi cho đến khi cô ấy tìm được người đàn ông khác! bấm vào đây để chọn từ rất nhiều tình yêu có hương vị t @ bs ! giá tốt nhất, vận chuyển nhanh chóng và đảm bảo hiệu quả! ở đây bạn mua nó từ kho! cửa hàng đã được bbb xác minh và được visa chấp thuận!",1,,,,,,commercial_spam,commercial_offer;product_service_solicitation,spam,medium,,,translated_dataset_mixed_positive
data_vi:575,data_vi,,,,"Chủ đề: thông báo lỗi xin chào. đây là chương trình gửi qmail tại hybeammaill. inet . mạng lưới . tôi e rằng tôi không thể gửi tin nhắn của bạn đến các địa chỉ sau. Đây là một lỗi vĩnh viễn ; Tôi đã bỏ cuộc . xin lỗi nó đã không thành công : xin lỗi , ở đây không có hộp thư nào có tên đó . vpopmail ( #5 . 1 . 1 ) - - - bên dưới dòng này là bản sao của tin nhắn . return -path : đã nhận : ( qmail 85396 được gọi bởi uid 85 ) ; 19 tháng 7 năm 2005 10 : 58 : 11 - 0000 đã nhận : từ projecthoneypot @ p",1,,,,,,commercial_spam,commercial_offer;product_service_solicitation,spam,medium,,,translated_dataset_mixed_positive
data_vi:578,data_vi,,,,"Chủ đề: phiên bản mới 7: khám phá sự thật về một ai đó ! phiên bản mới 7 . 0 vừa được phát hành: phần mềm mới đáng kinh ngạc cho phép bạn tìm hiểu hầu hết mọi thứ về bất kỳ ai. . . tải về ngay bây giờ (không cần thẻ nạp): dành cho phiên bản 7 hoàn toàn mới. 0 , bấm vào đây : http : / / lv 724 super . supereva . nó / thế hệ . html khám phá mọi thứ bạn từng muốn biết: bạn bè, gia đình, kẻ thù của bạn, chính nhân viên của bạn - có ai đó đang sử dụng danh tính của bạn không? ngay cả ông chủ của bạn!",1,,,,,,commercial_spam,product_service_solicitation;promotional_call_to_action,spam,medium,,,translated_dataset_mixed_positive
data_vi:580,data_vi,,,,"Chủ đề: tiền thưởng không giới hạn! từ việc tiếp thị mo trên từng sản phẩm niên kim của allianz life! bonusdex ( 9 % comm ) $ 75 tiền thưởng + $ 50 tiền thưởng thêm = $ 125 tiền thưởng ! tiền thưởng flexdex * ( 9 % comm ) $ 75 tiền thưởng + $ 50 tiền thưởng thêm = $ 125 tiền thưởng ! sức mạnh 7 ( 6 % comm ) $ 75 tiền thưởng + $ 50 tiền thưởng thêm = $ 125 tiền thưởng ! nhà máy điện ( 9 % comm ) $ 75 tiền thưởng + $ 50 tiền thưởng thêm = $ 125 tiền thưởng ! thêm $ 50 tiền thưởng trên bonusdex , t",1,,,,,,commercial_spam,marketing_language;product_service_solicitation,spam,medium,,,translated_dataset_mixed_positive
data_vi:583,data_vi,,,,Chủ đề: vaal medz làm thế nào để tránh sâu bệnh hoặc tiết kiệm thuốc của bạn trên 70 %. phar humanid mshop - suc mucilage cessfull và là cách đã được chứng minh để tiết kiệm thời gian của bạn ney . gauleiter v a vui vẻ g flection tất cả l l woodbind u tự nhiên l metcast rac selachian l i partsong s nhân học val melodramatic m vàmanyother. hãy cởi trói cho chúng tôi. wo phthisic rldwide shlpplng . hình thức đơn giản hoặc bất tiện. hoàn toàn tự tin thoát khỏi iaiity. 250.00 Rumani 0 khách hàng hài,1,,,,,,commercial_spam,commercial_offer;product_service_solicitation,spam,medium,,,translated_dataset_mixed_positive
data_vi:585,data_vi,,,,Chủ đề: microsoft autoroute 2005 dvd uk - $19 . 95 cửa hàng phần mềm giảm giá http : // mang lại . jetlow . com / nó không bao giờ chỉ là một trò chơi khi bạn chiến thắng. tính cách là con người bạn khi không có ai để ý. sự mất mát không biết trước là không mất mát gì cả.,1,,,,,,commercial_spam,promotion_discount;product_service_solicitation,spam,medium,,,translated_dataset_mixed_positive
data_vi:587,data_vi,,,,"Chủ đề: thông báo lỗi xin chào. đây là chương trình gửi qmail tại compos - pop . bản soạn . com . anh . tôi e rằng tôi không thể gửi tin nhắn của bạn đến các địa chỉ sau. Đây là một lỗi vĩnh viễn ; Tôi đã bỏ cuộc . xin lỗi nó đã không thành công : xin lỗi , ở đây không có hộp thư nào có tên đó . ( # 5 . 1 . 1 ) - - - bên dưới dòng này là bản sao của tin nhắn . return -path : đã nhận : ( qmail 19673 được gọi từ mạng ) ; 19 tháng 7 năm 2005 11 : 00 : 15 - 0000 đã nhận : từ compos - mail . bản soạn",1,,,,,,commercial_spam,commercial_offer;product_service_solicitation,spam,medium,,,translated_dataset_mixed_positive
data_vi:594,data_vi,,,,"Chủ đề: sự kiện miễn phí lancer sự kiện miễn phí dịch vụ sự kiện chuyên nghiệp? khu vực quảng cáo??o e empresariamento de sự kiện : cocktail * cà phê - nghỉ * churrasco * mesa de frios * queijos & vinhos * bữa nửa buổi * batizados * casamentos * * 15 năm * bodas * fazendas * ch?caras * s?tios * * feiras * triệu tập??es * sự kiện chung . * temos tamb?m encomendas de salgados , bolos , doces và aluguel de Material em geral . contrata??o de profissionais : * gar?on * Copenhagen * fritador * cozinhe",1,,,,,,commercial_spam,marketing_language;product_service_solicitation,spam,medium,,,translated_dataset_mixed_positive
data_vi:599,data_vi,,,,"Chủ đề: tiền có sẵn. các công ty thế chấp csse khiến bạn phải chờ đợi. . . họ yêu cầu phỏng vấn bạn. . . họ đe dọa bạn. . . và tất cả những điều đó trong khi họ quyết định xem họ có muốn hợp tác kinh doanh với bạn hay không. . . chúng tôi lật ngược tình thế với họ. . . bây giờ, bạn chỉ cần điền vào biểu mẫu đơn giản của chúng tôi và họ sẽ phải cạnh tranh để giành được doanh nghiệp của bạn. . . nhấp vào đây để xem biểu mẫu chương trình dành cho mọi tình huống tín dụng người cho vay trả lời trong ",1,,,,,,commercial_spam,marketing_language;promotional_call_to_action,spam,medium,,,translated_dataset_mixed_positive
data_vi:60,data_vi,,,,Chủ đề: bạn đã hoàn thành việc này chưa? lãi suất thế chấp dịch vụ miễn phí chưa bao giờ thấp hơn. tín dụng của bạn có tốt không? nhận được một khoản vay vượt quá mong đợi điên rồ nhất của bạn! bấm vào đây tín dụng của bạn bốc mùi ? người cho vay vẫn sẽ cho bạn một khoản vay hoàn toàn tuyệt vời. bấm vào đây chỉ cần bấm vào đây và bắt đầu. báo giá hoàn toàn miễn phí. bấm vào đây để biết chi tiết nhanh chóng!,1,,,,,,commercial_spam,commercial_offer;product_service_solicitation,spam,medium,,,translated_dataset_mixed_positive
data_vi:602,data_vi,,,,"Chủ đề: tư vấn pháp lý * tin nhắn này được chuyển bằng phiên bản dùng thử của communigate ( tm ) pro * tất cả chúng ta đều cần một luật sư giỏi để gọi điện trong xã hội ngày nay. Việc đón đầu các vấn đề pháp lý trong cuộc sống đơn giản là điều vượt quá sức chịu đựng của chúng tôi. chúng tôi cần lời khuyên pháp lý và chúng tôi cần nó ngay lập tức. Thật không may, là tầng lớp trung lưu, đã đặt chúng ta vào khung thu nhập sai lầm để có được nhu cầu cần thiết như vậy. bây giờ tất cả điều này đã thay",1,,,,,,commercial_spam,commercial_offer;product_service_solicitation,spam,medium,,,translated_dataset_mixed_positive
data_vi:603,data_vi,,,,Chủ đề: tiết kiệm tiền mua thứ này ở đây bạn chưa thử cials à? bạn thậm chí không thể tưởng tượng được cảm giác trở thành một người đàn ông thực sự trên giường là như thế nào! vấn đề là một lỗi tuyệt vời sẽ được cung cấp cho bạn chính xác khi bạn muốn. Cialls có rất nhiều ưu điểm so với viagra - tác dụng kéo dài 36 giờ! - bạn đã sẵn sàng bắt đầu chỉ trong vòng 10 phút! - bạn có thể trộn nó với rượu! chúng tôi gửi đến bất kỳ nước nào! hiểu ngay bây giờ! .,1,,,,,,commercial_spam,commercial_offer;product_service_solicitation,spam,medium,,,translated_dataset_mixed_positive
data_vi:604,data_vi,,,,Chủ đề: thêm tiền mặt cho công việc kinh doanh mà bạn đã viết - ngay lập tức nhận được tiền thưởng của bạn ! Hãy gọi cho mo marketing ngay hôm nay! hoặc vui lòng điền vào mẫu bên dưới để biết thêm thông tin Tên : e - mail : điện thoại : thành phố : tiểu bang : * tiền thưởng được trao từ mo marketing trên doanh nghiệp phát hành trả phí . chỉ dành cho đại lý sử dụng. đề nghị có thể thay đổi mà không cần thông báo trước. Ưu đãi bắt đầu từ ngày 15/7/02. Ưu đãi kết thúc vào ngày 31/12/02. cung cấp dị,1,,,,,,commercial_spam,marketing_language;product_service_solicitation,spam,medium,,,translated_dataset_mixed_positive
data_vi:610,data_vi,,,,"Chủ đề: bạn đã từng mua thuốc qua mạng chưa? lấy lại sự tự tin của bạn viagra online tòa nhà càng cao thì nền móng càng sâu. lịch sự với mọi người nhưng thân mật với ít người. bằng sự tự kỷ luật và tự kiểm soát liên tục, bạn có thể phát triển tính cách vĩ đại",1,,,,,,commercial_spam,commercial_offer;product_service_solicitation,spam,medium,,,translated_dataset_mixed_positive
data_vi:611,data_vi,,,,Chủ đề: hoàn toàn thay thế viagra tự nhiên ! quảng cáo sau đây đang được tài trợ bởi avirtualshopper. com nguồn hàng đầu trên Internet về tiếp thị chọn tham gia dựa trên sự cho phép để chọn không tham gia danh sách gửi thư của chúng tôi hãy nhấp vào đây . . .,1,,,,,,commercial_spam,marketing_language;product_service_solicitation;promotional_call_to_action,spam,medium,,,translated_dataset_mixed_positive
data_vi:614,data_vi,,,,"Chủ đề: bộ ký tự logo hoàn hảo = koi 8 - r "" > nghĩ đến việc thổi luồng sinh khí mới vào doanh nghiệp của bạn ? bắt đầu từ việc cải tiến logo mặt trước và nhận dạng hình ảnh của nó . chúng tôi cung cấp thiết kế tùy chỉnh sáng tạo của loqos , văn phòng phẩm và trang web . dưới bàn tay cẩn thận của chúng tôi những mạnh mẽ này các công cụ tiếp thị sẽ thổi một luồng gió mới vào công việc kinh doanh của bạn và khiến bạn nổi bật hơn so với các đối thủ cạnh tranh . Bạn chỉ còn cách thành công trong tươ",1,,,,,,commercial_spam,marketing_language;product_service_solicitation,spam,medium,,,translated_dataset_mixed_positive
data_vi:615,data_vi,,,,Chủ đề: tìm kiếm bất động sản ở Tây Ban Nha? tìm kiếm tài sản ở Tây Ban Nha? đừng lãng phí thời gian của bạn! đó là điều mà hầu hết mọi người làm khi họ tìm kiếm bất động sản bằng cách sử dụng các trang web bất động sản. Tại sao ? bởi vì nhiều tài sản được quảng cáo trên đó đã được bán rồi! bạn có thể lãng phí thời gian quý báu để tìm kiếm và hỏi thăm những tài sản đã được bán! Bực bội như thế nào ! ! ! Thị trường bất động sản ở Tây Ban Nha đang chuyển động rất nhanh và thực tế là nhiều đại lý b,1,,,,,,commercial_spam,commercial_offer;marketing_language,spam,medium,,,translated_dataset_mixed_positive
data_vi:619,data_vi,,,,"Chủ đề: thông báo lỗi xin chào. đây là chương trình gửi qmail tại nsl. cực đoan . com . tôi e rằng tôi không thể gửi tin nhắn của bạn đến các địa chỉ sau. Đây là một lỗi vĩnh viễn ; Tôi đã bỏ cuộc . xin lỗi nó đã không thành công : xin lỗi , ở đây không có hộp thư nào có tên đó . ( # 5 . 1 . 1 ) - - - bên dưới dòng này là bản sao của tin nhắn . return - path : đã nhận : ( qmail 20410 được gọi bởi uid 0 ) ; 19/07/2005 10 : 59 : 33 - 0000 đã nhận : từ 218 . 2 . 27 . 239 bởi nsl ( phong bì - từ , u",1,,,,,,commercial_spam,commercial_offer;product_service_solicitation,spam,medium,,,translated_dataset_mixed_positive
data_vi:622,data_vi,,,,Chủ đề: trình bày hội thảo từng bước miễn phí chương trình khách hàng tiềm năng cấp cao giàu có hệ thống bán niên kim đa phương tiện cd trình bày hội thảo từng bước hệ thống tiếp thị và tiếp thị lại khách hàng tiềm năng / khách hàng độc quyền * phải được ký hợp đồng thông qua ppmg với các công ty niên kim hàng đầu của chúng tôi. cộng với một ưu đãi rất đặc biệt từ ppmg: chuyến đi bao gồm cabin sang trọng bên ngoài dành cho nhà sản xuất và khách và vé máy bay từ cửa ngõ thành phố quê hương gần nh,1,,,,,,commercial_spam,commercial_offer;marketing_language;product_service_solicitation,spam,medium,,,translated_dataset_mixed_positive
data_vi:626,data_vi,,,,"Chủ đề: bộ ký tự logo hoàn hảo = koi 8 - r "" > nghĩ đến việc thổi luồng sinh khí mới vào doanh nghiệp của bạn ? bắt đầu từ việc cải tiến logo mặt trước và nhận dạng hình ảnh của nó. loqodentity cung cấp thiết kế tùy chỉnh sáng tạo cho logo, văn phòng phẩm và trang web. dưới sự quản lý của chúng tôi hãy cẩn thận với những sức mạnh tiếp thị này sẽ mang lại một luồng gió mới cho công việc kinh doanh của bạn và khiến bạn nổi bật giữa các đối thủ cạnh tranh, bạn chỉ còn cách thành công trong tương la",1,,,,,,commercial_spam,marketing_language;product_service_solicitation;promotional_call_to_action,spam,medium,,,translated_dataset_mixed_positive
data_vi:628,data_vi,,,,"Chủ đề: cuộc gọi quốc tế chỉ với 33 xu mỗi phút mà không cần đăng ký người dùng thân mến, bạn có bao giờ ước mình có thể dễ dàng gọi cho những người bạn biết ở các quốc gia khác với mức giá thấp hơn tới 85% so với giá cuộc gọi tiêu chuẩn không? ! và sau đó thực hiện những khoản tiết kiệm này mà không cần phải đăng ký bất kỳ dịch vụ gọi điện giá rẻ nào? ! Bây giờ chúng tôi đã tung ra một sản phẩm thực hiện được điều đó! giờ đây bạn có thể gọi cho mọi người ở hầu hết các điểm đến phổ biến trên thế",1,,,,,,commercial_spam,marketing_language;product_service_solicitation,spam,medium,,,translated_dataset_mixed_positive
data_vi:629,data_vi,,,,"Chủ đề: quảng cáo chuyên nghiệp projecthoneypot @ projecthoneypot thân mến. org: email là công cụ phát triển tốt nhất. chúng tôi cung cấp tiếp thị với các dịch vụ chất lượng. 1 . danh sách mục tiêu, chúng tôi có thể cung cấp danh sách email mục tiêu mà bạn cần, danh sách này chỉ được biên soạn theo đơn đặt hàng của bạn. chúng tôi sẽ tùy chỉnh danh sách email khách hàng của bạn. * chúng tôi có hàng triệu danh sách ở nhiều danh mục. 2 . gửi danh sách mục tiêu cho bạn, chúng tôi có thể gửi email củ",1,,,,,,commercial_spam,commercial_offer;marketing_language;product_service_solicitation;bulk_distribution,spam,medium,,,translated_dataset_mixed_positive
data_vi:63,data_vi,,,,"Chủ đề: lựa chọn vốn hóa nhỏ cho các nhà đầu tư sắc sảo. Cảnh báo động lực đưa ra vào ngày 18 tháng 7 năm 2005 sự lựa chọn bùng nổ cho các thành viên của chúng tôi ! ! ! đi cầu thang lên thiên đường! ! ! ! chúc tất cả các nhà môi giới, nhà giao dịch trong ngày và báo cáo chứng khoán thế giới của nhà đầu tư một ngày tốt lành đã trở nên nổi tiếng với một số lựa chọn cổ phiếu tuyệt vời trên thị trường otc, thị trường vốn hóa nhỏ! ! ! ở đây tại báo cáo chứng khoán thế giới, chúng tôi làm việc dựa tr",1,,,,,,commercial_spam,commercial_offer;marketing_language,spam,medium,,,translated_dataset_mixed_positive
data_vi:634,data_vi,,,,Chủ đề: gửi thư không thành công: trả lại thư cho người gửi thư này được tạo tự động bởi phần mềm gửi thư. tin nhắn bạn đã gửi không thể gửi tới một hoặc nhiều người nhận. Đây là một lỗi vĩnh viễn . địa chỉ sau ( es ) không thành công : chantellehawaii @ Turquoise . net ( được tạo từ info @ chantelleart . com ) lỗi smtp từ người gửi thư từ xa sau RCpt tới : : Host mail . màu ngọc lam. mạng [ 64 . 75 . 251 . 7]: 550: địa chỉ người nhận bị từ chối: người dùng không xác định trong bảng người nhận c,1,,,,,,commercial_spam,commercial_offer;product_service_solicitation,spam,medium,,,translated_dataset_mixed_positive
data_vi:635,data_vi,,,,"Chủ đề: kiếm được gấp 20 lần hệ thống tiếp thị tài sản của đồng nghiệp của bạn là tổ chức tiếp thị lĩnh vực phát triển nhanh nhất của ngành bảo hiểm trong bốn năm qua. năm nay chúng tôi sẽ đặt $1. 5 tỷ phí bảo hiểm, bán niên kim cố định chất lượng cao, hoa hồng cao cho 35 triệu người cao tuổi ở Mỹ. tại sao có rất nhiều đại lý được chọn để kinh doanh với hệ thống tiếp thị tài sản? tiếp thị tài sản là fmo duy nhất ở Mỹ tạo ra các khách hàng tiềm năng đủ tiêu chuẩn, giúp đặt lịch hẹn, cơ cấu định v",1,,,,,,commercial_spam,commercial_offer;marketing_language;product_service_solicitation,spam,medium,,,translated_dataset_mixed_positive
data_vi:637,data_vi,,,,"Chủ đề: bạn đã sẵn sàng để có được nó chưa? Xin chào ! viagra là loại thuốc số 1 giúp điều trị chứng rối loạn cương dương ở nam giới . như người ta nói đùa, nó đủ mạnh mẽ cho đàn ông nhưng lại dành cho phụ nữ; - ) đặt mua viagra oniine là một cách rất thuận tiện , nhanh chóng và an toàn ! hàng triệu người làm điều đó hàng ngày để tiết kiệm quyền riêng tư và lệnh chuyển tiền của họ ở đây. . .",1,,,,,,commercial_spam,commercial_offer;product_service_solicitation,spam,medium,,,translated_dataset_mixed_positive
data_vi:639,data_vi,,,,"Chủ đề: logo, văn phòng phẩm, thiết kế trang web và nhiều hơn thế nữa! Thật sự rất khó để nhớ ra một công ty: thị trường tràn ngập các thông tin và thông tin tràn ngập; nhưng một logo hấp dẫn, văn phòng phẩm có phong cách và webslte nổi bật sẽ khiến công việc trở nên dễ dàng hơn nhiều. chúng tôi không hứa rằng sau khi đặt mua ioqo, công ty của bạn sẽ tự động trở thành công ty dẫn đầu thế giới: rõ ràng là nếu không có sản phẩm chất lượng, tổ chức kinh doanh hiệu quả và mục tiêu thực tế thì thị tr",1,,,,,,commercial_spam,commercial_offer;marketing_language;product_service_solicitation,spam,medium,,,translated_dataset_mixed_positive
data_vi:64,data_vi,,,,"Chủ đề: tiết kiệm tiền bằng cách mua phần mềm OEM! cần phần mềm cho máy tính của bạn? chỉ cần truy cập trang web của chúng tôi, chúng tôi có thể có những gì bạn cần. . . lời chúc tốt đẹp nhất, alyssa",1,,,,,,commercial_spam,commercial_offer;product_service_solicitation,spam,medium,,,translated_dataset_mixed_positive
data_vi:642,data_vi,,,,"Chủ đề: nâng cấp chào mừng chào mừng bạn đến với cộng đồng người bán đã đạt được mức độ thành công vượt trội và phản hồi tích cực trên ebay ! chúng tôi mời bạn tham gia cùng chúng tôi với tư cách là người bán quyền hạn nếu bạn đồng ý với thứ hạng này, vui lòng đăng ký bằng cách truy cập tài khoản của bạn trong vòng 24 giờ. Rất quan trọng! đăng ký chỉ hoạt động một lần. tại sao lại trở thành người bán quyền lực? người bán hàng hiệu quả là những người bán hàng hàng đầu trên ebay đã duy trì được do",1,,,,,,commercial_spam,commercial_offer;product_service_solicitation;organization_impersonation,spam,medium,,,translated_dataset_mixed_positive
data_vi:645,data_vi,,,,"Chủ đề: otc live's new home run oil stock otc bb : qoil đừng ngủ quên trên cổ phiếu này ! đây là một cái nóng! đơn hàng mới liên tục! ! ! tscinđược giới thiệu vào tháng trướcsprl - - tăng hơn 145 % vài ngày trước, chúng tôi cũng đã giới thiệuford - - tăng 31 % trong 2 ngày, chúng tôi tin rằng ( otc bb : qoil ) cũng sẵn sàng cho một bước chuyển mạnh mẽ khi các yếu tố cơ bản và một dự án mới thu hút cổ phiếu này khi nó đang giao dịch với giá hời, hồ sơ đầy đủ vui lòng truy cập www. otclive . com /",1,,,,,,commercial_spam,commercial_offer;marketing_language;product_service_solicitation;large_fund_bait,spam,medium,,,translated_dataset_mixed_positive
data_vi:654,data_vi,,,,"Chủ đề: viagra là loại thuốc số 1 giúp điều trị chứng rối loạn cương dương ở nam giới. cảm thấy tốt hơn chỉ là một cú nhấp chuột . hãy trung thực với công việc, lời nói và bạn bè của bạn. không cần phải có tiền mới mua được một điều cần thiết của tâm hồn. cuộc sống co lại hay mở rộng tỷ lệ thuận với lòng can đảm của một người. khiêu vũ là một môn thể thao tiếp xúc. bóng đá là một môn thể thao đánh.",1,,,,,,commercial_spam,commercial_offer;product_service_solicitation,spam,medium,,,translated_dataset_mixed_positive
data_vi:66,data_vi,,,,"Chủ đề: làm thế nào để ngâm cô ấy trong tinh dịch "" tôi chỉ muốn viết và cảm ơn bạn vì spur-m . Tôi bị số lượng và khả năng di chuyển của tinh trùng kém . Tôi đã tìm thấy trang web của bạn và đặt mua hỗn hợp tăng cường sinh lý spur-m cho nam giới . Tôi đã băn khoăn trong nhiều năm nguyên nhân gây ra tình trạng tinh dịch và số lượng tinh trùng thấp cũng như cách tôi có thể cải thiện khả năng sinh sản và giúp vợ tôi thụ thai - có vẻ như tôi đã làm được điều đó ! , London , Vương quốc Anh "" spur-m ",1,,,,,,commercial_spam,commercial_offer;marketing_language;product_service_solicitation,spam,medium,,,translated_dataset_mixed_positive
data_vi:663,data_vi,,,,"Tiêu đề: nhà đầu tư tìm hiểu tư vấn dầu khí hiện nay oi | và gas đã bước vào giai đoạn tăng trưởng dài hạn | thị trường , chuyên môn của chúng tôi trong việc xác định chính xác những công ty hot nhất trong số ít các công ty năng lượng bị định giá thấp còn lại đã mang lại lợi nhuận tăng vọt . emerson ơi | và khí đốt (eogi) là nhà phát triển năng lượng trong ""vành đai dầu mỏ"" của Hoa Kỳ và ở các hồ chứa được thèm muốn nhất ở Canada với tiềm năng tạo ra hàng triệu USD mỗi tuần. tin nóng hổi ! ! ! e",1,,,,,,commercial_spam,commercial_offer;marketing_language,spam,medium,,,translated_dataset_mixed_positive
data_vi:664,data_vi,,,,"Chủ đề: tiết kiệm tiền bằng cách mua phần mềm OEM! cần phần mềm cho máy tính của bạn? chỉ cần truy cập trang web của chúng tôi, chúng tôi có thể có những gì bạn cần. . . Trân trọng, Astrid",1,,,,,,commercial_spam,commercial_offer;product_service_solicitation,spam,medium,,,translated_dataset_mixed_positive
data_vi:667,data_vi,,,,"Chủ đề: xin lỗi họ đang họp thông báo khẩn cấp chờ sáp nhập để tăng doanh thu 236 %. Bây giờ là lúc đầu tư vào gwihgwih đang mở rộng nhanh chóng thông qua việc mua lại. trong quý I, hai vụ sáp nhập đang được tiến hành với kế hoạch mua thêm bốn công ty có lợi nhuận vào cuối năm . gwih có kế hoạch nộp đơn cho nasdaq. giá cổ phiếu tăng trong lịch sử khi được niêm yết trên nasdaq. vào ngày 30 tháng 5, chiến dịch quan hệ nhà đầu tư và nâng cao nhận thức cộng đồng kéo dài một năm sẽ được triển khai nh",1,,,,,,commercial_spam,commercial_offer;marketing_language,spam,medium,,,translated_dataset_mixed_positive
data_vi:668,data_vi,,,,"Chủ đề: các nhà đầu tư năng nổ nên theo dõi cựu sinh viên thể thao , inc . cảnh báo nhà đầu tư! liệu một nhóm nhà đầu tư có cơ hội đầu tư vào nba , nfl , nbl , nhl và mls khi giải đấu bắt đầu hay không . hôm nay họ sẽ giàu cỡ nào? hôm nay chúng tôi sẽ giới thiệu một hiệp hội cựu sinh viên bóng đá mới sẽ đưa các cựu vận động viên trung học, đại học và chuyên nghiệp đi khắp nước Mỹ để sống lại những ngày vinh quang của họ. Khi nhà đầu tư thông thái chuẩn bị mua cổ phiếu này , rõ ràng đây có thể là",1,,,,,,commercial_spam,commercial_offer;marketing_language;product_service_solicitation,spam,medium,,,translated_dataset_mixed_positive
data_vi:67,data_vi,,,,Chủ đề: máy chủ thư thân mến projecthoneypot @ projecthoneypot. org : chúng tôi cung cấp máy chủ chuyên dụng chống đạn : ips mới 1024 mb ram ddr p 4 3 . CPU 2 ghz 72 gb scsi chuyên dụng 100 m cáp quang truyền dữ liệu không giới hạn linux / windows / freebsd cài đặt bất kỳ máy chủ phần mềm nào ở Trung Quốc giá: 599 USD. 00 mỗi tháng bạn có thể sử dụng máy chủ cho bất kỳ mục đích nào sau đây: gửi thư trực tiếp proxy gửi thư lưu trữ số lượng lớn chúng tôi cũng có thể cung cấp danh sách email được n,1,,,,,,commercial_spam,commercial_offer;product_service_solicitation;bulk_distribution,spam,medium,,,translated_dataset_mixed_positive
data_vi:671,data_vi,,,,Chủ đề: acrobat pro 7 . 0 $69 . 95 systemworks chọn tham gia ưu đãi đặc biệt trong email hủy đăng ký phần mềm tìm kiếm của tôi Top 10 tựa game mới đang được bán ngay bây giờ ! 1 office pro 20032 adobe photoshop 9 . 03 windows xp pro 4 adobe acrobat 7 pro 5 flash mx 20046 corel draw 127 norton Antivirus 20058 windows 2003 server 9 bí danh maya 6 wavefrtl 0 adobe illustrator 11 xem thêm của nhà sản xuất này microsoft symantec adobe Khách hàng cũng mua các mặt hàng khác này. . . Microsoft Office Pr,1,,,,,,commercial_spam,commercial_offer;promotion_discount;marketing_language;product_service_solicitation,spam,medium,,,translated_dataset_mixed_positive
data_vi:672,data_vi,,,,"Chủ đề: tàu nhanh viagra , phentermine , v.v. . . riym chúng tôi giao hàng trên toàn thế giới trong vòng 24 giờ! không có phòng chờ , tiệm thuốc , hoặc những cuộc trò chuyện đáng xấu hổ . dược sĩ được cấp phép của chúng tôi sẽ đặt hàng cho bạn sau 1 hoặc 2 ngày! nhấp vào liên kết này để bắt đầu ngay hôm nay! viagra và nhiều loại thuốc theo toa khác hiện có, bao gồm: xenical và phentermine, các loại thuốc giảm cân dùng để giúp những người thừa cân giảm cân và giữ cân nặng ổn định. valtrex, điều t",1,,,,,,commercial_spam,commercial_offer;product_service_solicitation,spam,medium,,,translated_dataset_mixed_positive
data_vi:674,data_vi,,,,"Chủ đề: ở trung tâm doanh nghiệp của bạn! Hình ảnh công ty có thể nói lên rất nhiều điều về công ty của bạn. nhịp sống hiện đại quá năng động. đôi khi chỉ mất vài giây để công ty của bạn được nhớ đến hoặc bị bỏ xa so với các đối thủ cạnh tranh. hoàn thiện logo, văn phòng phẩm hoặc trang web của bạn ngay bây giờ! quay vòng nhanh: bạn sẽ thấy nhiều biến thể ioqo trong ba ngày làm việc. đảm bảo sự hài lòng: chúng tôi cung cấp số lượng chanqes không giới hạn; bạn có thể chắc chắn: nó sẽ đáp ứng nhu ",1,,,,,,commercial_spam,commercial_offer;promotion_discount;product_service_solicitation,spam,medium,,,translated_dataset_mixed_positive
data_vi:675,data_vi,,,,"Chủ đề: dự đoán tin tức lớn về giao dịch penny stox này. điều này sẽ mang lại lợi ích lớn. cái stox này sẽ nổ tung. đừng đợi cho đến khi quá muộn. tin tức mới dự kiến ​​​​trong tuần tới. dự kiến ​​7 ngày giá 9$. 00 ( sym . bol : cwtd . ob ) giá : $ 2 . 17 mục tiêu ngắn hạn: $10 - $13 Mục tiêu 12 tháng: $24 thông cáo báo chí Tập đoàn thương mại thế giới Trung Quốc công bố quan hệ đối tác chiến lược với nền tảng hợp tác toàn cầu hóa thứ ba, ngày 7 tháng 6, 8: 20 am et thiênhe, Quảng Châu, Trung Qu",1,,,,,,commercial_spam,commercial_offer;marketing_language,spam,medium,,,translated_dataset_mixed_positive
data_vi:679,data_vi,,,,"Chủ đề: giao phó nhận dạng hình ảnh của bạn cho chúng tôi khi nghĩ đến việc thổi sức sống mới vào doanh nghiệp của bạn? bắt đầu từ việc cải tiến logo mặt trước và nhận dạng trực quan của nó. chúng tôi cung cấp các thiết kế tùy chỉnh sáng tạo của iogos, văn phòng phẩm và các trang web. dưới bàn tay chăm sóc của chúng tôi, hoạt động tiếp thị mạnh mẽ này cũng sẽ mang lại một luồng gió mới cho doanh nghiệp của bạn và khiến bạn nổi bật giữa các đối thủ cạnh tranh. bạn chỉ còn cách thành công trong tư",1,,,,,,commercial_spam,marketing_language;product_service_solicitation,spam,medium,,,translated_dataset_mixed_positive
data_vi:681,data_vi,,,,"Chủ đề: cần thợ đồ họa? đến đây . nghĩ đến việc thổi sức sống mới vào doanh nghiệp của bạn? bắt đầu từ việc cải tiến logo mặt trước và nhận dạng trực quan của nó. chúng tôi cung cấp các thiết kế tùy chỉnh sáng tạo của logo, văn phòng phẩm và trang web. dưới bàn tay cẩn thận của chúng tôi, những công cụ tiếp thị mạnh mẽ này sẽ mang lại luồng gió mới cho doanh nghiệp của bạn và khiến bạn nổi bật so với các đối thủ cạnh tranh. bạn chỉ còn cách thành công trong tương lai một khoảng cách ngắn. ciick ",1,,,,,,commercial_spam,marketing_language;product_service_solicitation,spam,medium,,,translated_dataset_mixed_positive
data_vi:683,data_vi,,,,"Chủ đề: bảo vệ tập tin máy tính hulkjr thân mến, muốn bảo mật tập tin máy tính tốt nhất? trong xã hội hack máy tính, đánh cắp danh tính và rình mò nói chung ngày nay, điều quan trọng hơn bao giờ hết là phải có biện pháp phòng ngừa để bảo vệ quyền riêng tư của bạn. Internet cho đến nay vẫn là cách thức liên lạc ưa thích trong thế giới có nhịp độ nhanh ngày nay. tuy nhiên , nó gây ra những lo ngại về quyền riêng tư khi truyền đạt thông tin cá nhân hoặc bí mật . nó cũng cung cấp cho các hacker máy ",1,,,,,,commercial_spam,commercial_offer;marketing_language;product_service_solicitation,spam,medium,,,translated_dataset_mixed_positive
data_vi:686,data_vi,,,,"Chủ đề: bán du lịch trong nền kinh tế ngày nay chào buổi sáng ! vì có lẽ đã lâu rồi bạn chưa ghé thăm chúng tôi tại www. thư . comi muốn cập nhật cho bạn về những gì đang xảy ra. Khi chúng tôi tung ra mail pound cách đây gần hai năm, trọng tâm của chúng tôi là tiết kiệm thời gian, mực in và cây xanh bằng cách cung cấp giải pháp thay thế cho việc tổ chức số lượng lớn các bản fax mà các nhà cung cấp gửi cho đại lý du lịch mỗi tuần. tính năng phổ biến nhất của chúng tôi là phần gia đình, tiếp theo ",1,,,,,,commercial_spam,commercial_offer;marketing_language;product_service_solicitation,spam,medium,,,translated_dataset_mixed_positive
data_vi:687,data_vi,,,,"Chủ đề: tiết kiệm tiền bằng cách mua phần mềm OEM! cần phần mềm cho máy tính của bạn? chỉ cần truy cập trang web của chúng tôi, chúng tôi có thể có những gì bạn cần. . . Trân trọng, vesta",1,,,,,,commercial_spam,commercial_offer;product_service_solicitation,spam,medium,,,translated_dataset_mixed_positive
data_vi:695,data_vi,,,,"Chủ đề: neugierig ? - - - - 870879228701464 nội dung - loại: văn bản / thuần túy; nội dung - chuyển - mã hóa : được trích dẫn - có thể in được là sich in diesen familien zwischen mutter und tochter abspielt , ist eigentlich ein tuyệt đối tabu , aber gerade deshalb auch so geil ! wir haben die heissesten muttis mit ihren jungen toechtern beim geilen sex gefilmt und fuer dich ins netz gestellt ! http://www. bất cứ điều gì cho bạn . cc geile vibratorspiele , heisse zungenakrobatik oder auch mal vor",1,,,,,,commercial_spam,marketing_language;product_service_solicitation,spam,medium,,,translated_dataset_mixed_positive
data_vi:698,data_vi,,,,"Chủ đề: chúng tôi thách bạn tìm được một cuộc gọi niên kim tốt hơn ngay hôm nay để biết thêm thông tin! - hoặc - vui lòng điền vào mẫu dưới đây để biết thêm thông tin tên : e - mail : điện thoại : thành phố : tiểu bang : * 5 . 40 % cho khoản tiền gửi từ 100.000 USD trở lên , 5 . Lãi suất 25% cho số tiền gửi có tổng trị giá 25.000 USD - 99.999 USD. chúng tôi không muốn bất cứ ai nhận được thư của chúng tôi nếu họ không muốn nhận chúng. đây là một thông tin liên lạc chuyên nghiệp gửi đến các chuyê",1,,,,,,commercial_spam,marketing_language;product_service_solicitation;large_fund_bait,spam,medium,,,translated_dataset_mixed_positive
data_vi:699,data_vi,,,,"Chủ đề: cần một logo nổi bật ngay bây giờ? làm việc dựa trên hình ảnh của công ty bạn? bắt đầu bằng hình ảnh nhận dạng, chìa khóa tạo nên ấn tượng tốt đầu tiên. Chúng tôi đang ở đây để giúp bạn ! chúng tôi sẽ góp phần xây dựng hình ảnh trực quan tích cực về công ty của bạn bằng cách tạo ra một logo nổi bật, các mặt hàng văn phòng phẩm đẹp mắt và trang web chuyên nghiệp. những công cụ tiếp thị này sẽ đóng góp đáng kể vào sự thành công của doanh nghiệp bạn. hãy xem các mẫu công việc của chúng tôi,",1,,,,,,commercial_spam,marketing_language;product_service_solicitation,spam,medium,,,translated_dataset_mixed_positive
data_vi:700,data_vi,,,,"Chủ đề: bộ ký tự logo hoàn hảo = koi 8 - r "" > nghĩ đến việc thổi luồng sinh khí mới vào doanh nghiệp của bạn ? bắt đầu từ việc cải tiến logo mặt trước và nhận dạng thị giác của nó. logodentity cung cấp thiết kế tùy chỉnh sáng tạo của loqos, văn phòng phẩm và trang web. dưới sự quản lý của chúng tôi hãy cẩn thận khi sử dụng những công cụ tiếp thị mạnh mẽ này để thổi một luồng gió mới vào công việc kinh doanh của bạn và khiến bạn nổi bật trước các đối thủ cạnh tranh, bạn chỉ cần một cú nhấp chuột",1,,,,,,commercial_spam,marketing_language;product_service_solicitation;promotional_call_to_action,spam,medium,,,translated_dataset_mixed_positive
data_vi:702,data_vi,,,,Chủ đề: báo cáo trò chơi trực tuyến tin tức đầu tư vấn đề trực tuyến đặc biệt và báo cáo chuyên sâu báo cáo đầu tư trò chơi trực tuyến tăng trưởng cao: giám đốc điều hành công ty ggts phỏng vấn các công nghệ mới nổi xu hướng mới để xem số liệu thống kê ngành là người Mỹ và phần còn lại của thế giới đang nghiện trò chơi trực tuyến ? các nhà phân tích dự đoán hơn 14 tỷ USD mỗi năm sẽ đổ vào các sòng bạc trực tuyến. cổ phiếu game có thể sắp bùng nổ! đọc báo cáo đầy đủ bấm vào đây! bao gồm bên trong,1,,,,,,commercial_spam,commercial_offer;marketing_language;product_service_solicitation,spam,medium,,,translated_dataset_mixed_positive
data_vi:703,data_vi,,,,"Chủ đề: cổ phiếu này được đồn đại là sẽ bay cảnh báo tình hình đặc biệt, lựa chọn nóng hổi của năm tập đoàn xử lý môi trường. ( otcbb : erhc ) mua gấp : $ . Mục tiêu bán 17 : 1$ . Cảnh báo nhà đầu tư vào ngày 25: erhc ký kết thỏa thuận cấp phép liên doanh với schlumberger ltd ( nyse : slb , $ 60 ) và thợ làm bánh Hughes , inc . ( nyse : bhi , $ 40 ) cho dữ liệu địa chấn ở một số lô dầu ngoài khơi giàu có nhất nơi erhc kiểm soát lợi ích hoạt động rất lớn ! nhà đầu tư - chúng tôi đã tìm thấy viên ",1,,,,,,commercial_spam,commercial_offer;marketing_language;product_service_solicitation;large_fund_bait,spam,medium,,,translated_dataset_mixed_positive
data_vi:704,data_vi,,,,"Chủ đề: chúng tôi đang tìm kiếm các đối tác mới như bạn và công ty của bạn chúng tôi đang tìm kiếm các đối tác mới như bạn và công ty của bạn cho dù bạn muốn mua hay bán, bluecom danmark a / s có giá trị gần hơn người quen bluecom danmark a / s là nhà phân phối hệ thống máy tính và các tiện ích bổ sung trên toàn thế giới. Kể từ khi thành lập vào năm 1992, công ty đã có sự tăng trưởng không ngừng và luôn tìm kiếm các đối tác mới để hợp tác. chúng tôi đã tìm thấy bạn và công ty của bạn thông qua n",1,,,,,,commercial_spam,commercial_offer;marketing_language;product_service_solicitation;promotional_call_to_action,spam,medium,,,translated_dataset_mixed_positive
data_vi:709,data_vi,,,,"Chủ đề: bộ ký tự logo hoàn hảo = koi 8 - r "" > nghĩ đến việc thổi luồng sinh khí mới vào doanh nghiệp của bạn ? bắt đầu từ việc cải tiến logo mặt trước và nhận dạng thị giác của nó. loqodentity cung cấp thiết kế tùy chỉnh sáng tạo cho loqos, văn phòng phẩm và các trang web. dưới sự quản lý của chúng tôi Hãy cẩn thận, những công cụ tiếp thị mạnh mẽ này sẽ mang lại một luồng gió mới cho công việc kinh doanh của bạn và khiến bạn nổi bật giữa các đối thủ cạnh tranh, bạn chỉ còn cách thành công trong",1,,,,,,commercial_spam,marketing_language;product_service_solicitation,spam,medium,,,translated_dataset_mixed_positive
data_vi:715,data_vi,,,,"Chủ đề: thiết kế sáng tạo và hiệu quả dành cho bạn! adqueen là một viện chuyên lập kế hoạch và thiết kế thương hiệu cho các doanh nghiệp, cung cấp các dịch vụ quảng cáo toàn diện, từ kế hoạch đến thiết kế và cuối cùng là báo chí. - - - - - - - tận dụng tối đa quỹ tiếp thị của bạn ! http://www. adqueen . com các hạng mục dịch vụ: các khái niệm và bản sao sáng tạo và hiệu quả cho logo và vi; thiết kế và xây dựng trang web; áp phích và bản vẽ; gói quà; triển lãm và trình diễn; thiết kế và in ấn quả",1,,,,,,commercial_spam,marketing_language;product_service_solicitation,spam,medium,,,translated_dataset_mixed_positive
data_vi:721,data_vi,,,,"Chủ đề: thẻ quảng cáo chiến tranh giữa các vì sao nguyên bản miễn phí: sở hữu một mảnh lịch sử chiến tranh giữa các vì sao độc đáo, có một không hai! được cấp phép độc quyền từ lucas film ltd. Bộ sưu tập mới đầy sáng tạo này là bộ sưu tập đầu tiên trưng bày khung phim 70 mm đích thực từ phim chiến tranh giữa các vì sao / đế chế tấn công trở lại chứa khung hình 70 mm có một không hai trong khung 7 - 1 / 2 ""x 2 - 3 / 4 "" cắt kim cương , acrylic , hộp đựng đồ sưu tầm bạc hà . Sự thật: không có hai ",1,,,,,,commercial_spam,commercial_offer;marketing_language,spam,medium,,,translated_dataset_mixed_positive
data_vi:723,data_vi,,,,Chủ đề: tình dục khó tính & cực khoái ! ! ! những cô gái nóng bỏng chết tiệt khó khăn! ! ! bấm vào đây để xem bấm vào đây để xem bấm vào đây để xem * hơn 150.000 hình ảnh xxx * 125.000 + video sex * 100's video trực tiếp và chương trình * câu chuyện khiêu dâm & phòng trò chuyện người lớn * nội dung mới được thêm vào mỗi ngày ! bấm vào đây để vào bấm vào đây để xem bấm vào đây để xem bấm vào đây để xem bản tin này không phải là tự nguyện . địa chỉ email đã được đăng ký vào danh sách gửi thư của c,1,,,,,,commercial_spam,marketing_language;promotional_call_to_action,spam,medium,,,translated_dataset_mixed_positive
data_vi:724,data_vi,,,,"Chủ đề: cần một logo nổi bật ngay bây giờ? làm việc dựa trên hình ảnh của công ty bạn? bắt đầu bằng hình ảnh nhận dạng, chìa khóa tạo nên ấn tượng tốt đầu tiên. Chúng tôi đang ở đây để giúp bạn ! chúng tôi sẽ tham gia vào việc xây dựng hình ảnh trực quan tích cực về công ty của bạn bằng cách tạo ra một logo nổi bật, các mặt hàng văn phòng phẩm hiện đại và trang web chuyên nghiệp. những công cụ tiếp thị này sẽ đóng góp đáng kể vào sự thành công của doanh nghiệp bạn. hãy xem qua các mẫu sản phẩm l",1,,,,,,commercial_spam,marketing_language;product_service_solicitation,spam,medium,,,translated_dataset_mixed_positive
data_vi:727,data_vi,,,,"Tiêu đề: thông tin khách quan cho nhà đầu tư hiểu biết | và tư vấn gas bây giờ đó oi | và khí đốt đã bước vào một thị trường xây dựng dài hạn , chuyên môn của chúng tôi trong việc xác định các công ty hot nhất trong số ít các công ty năng lượng bị định giá thấp còn lại đã mang lại lợi nhuận tăng vọt . emerson oil and gas ( eogi ) là nhà phát triển năng lượng trong "" vành đai dầu "" của Hoa Kỳ và tại các hồ chứa được thèm muốn nhất ở Canada với tiềm năng tạo ra | hàng triệu mỗi tuần. tin nóng hổi ",1,,,,,,commercial_spam,commercial_offer;marketing_language,spam,medium,,,translated_dataset_mixed_positive
data_vi:728,data_vi,,,,"Chủ đề: Tôi muốn tư vấn cho bạn - tuần này miễn phí, tôi đã chỉ cho hơn 60 người cách đạt được hơn 20 lượt đăng ký / lượt đăng ký mỗi tuần. nó sẽ có giá trị bao nhiêu với bạn? để tôi tư vấn cho bạn. tôi cố vấn miễn phí. tôi sẽ chỉ cho bạn cách nhận được 100 đô la trả phí / đăng ký / đăng ký dễ dàng . ily và không tốn một xu cho điểm bình thường. chiến dịch ăn uống. tôi có thể tư vấn riêng cho bạn trên cơ sở mạnh mẽ ""từng người một"" và cung cấp cho bạn thông tin liên hệ của hàng nghìn người đã đủ",1,,,,,,commercial_spam,commercial_offer;marketing_language;product_service_solicitation,spam,medium,,,translated_dataset_mixed_positive
data_vi:731,data_vi,,,,"Chủ đề: máy chủ gửi thư projecthoneypot @ projecthoneypot thân mến. org : máy chủ chuyên dụng chống đạn : sạch ips 1024 mb ram ddr p 4 3 . CPU 2 ghz 72 gb scsi chuyên dụng 100 m cáp quang truyền dữ liệu không giới hạn linux / windows / freebsd bất kỳ phần mềm nào đặt tại Trung Quốc với giá 599 USD. 00 mỗi tháng, bạn có thể sử dụng máy chủ để: gửi thư trực tiếp và proxy số lượng lớn, chúng tôi cũng cung cấp danh sách email mục tiêu theo đơn đặt hàng của bạn và gửi tin nhắn cho bạn. mong muốn được",1,,,,,,commercial_spam,commercial_offer;product_service_solicitation;bulk_distribution,spam,medium,,,translated_dataset_mixed_positive
data_vi:732,data_vi,,,,"Chủ đề: bản sắc công ty cho doanh nghiệp của bạn Hình ảnh công ty có thể nói lên rất nhiều điều về công ty của bạn. nhịp sống hiện đại quá năng động. đôi khi phải mất vài giây để công ty của bạn được nhớ đến hoặc bị lạc giữa các đối thủ cạnh tranh. hoàn thành loqo, văn phòng phẩm hoặc trang web của bạn ngay bây giờ! quay vòng nhanh : bạn sẽ thấy một số biến thể logo trong ba ngày làm việc . đảm bảo sự hài lòng: chúng tôi cung cấp số lượng thay đổi không giới hạn; bạn có thể chắc chắn: nó sẽ đáp ",1,,,,,,commercial_spam,commercial_offer;promotion_discount;product_service_solicitation,spam,medium,,,translated_dataset_mixed_positive
data_vi:733,data_vi,,,,"Chủ đề: khoản đầu tư tiếp theo của bạn nên là công ty truyền thông stock - ck pop 3 ( popt ), một công ty đã đặt mình vào khoảng cách giữa các tập đoàn truyền thông lớn và thế giới của các công ty âm nhạc, fiim, xuất bản và công nghệ độc lập. giá hiện tại : . 025 Liệu nó có tiếp tục cao hơn không? hãy xem chương trình này vào thứ Hai vì chúng tôi biết nhiều bạn thích động lực. tin nóng hổi ! ! tập đoàn truyền thông pop 3 ( popt ) và tập đoàn roxxy thông báo rằng các công ty đã ký kết một lá thư ",1,,,,,,commercial_spam,commercial_offer;marketing_language;product_service_solicitation;large_fund_bait,spam,medium,,,translated_dataset_mixed_positive
data_vi:740,data_vi,,,,Chủ đề: chi tiêu quá nhiều cho hóa đơn điện thoại của bạn ? 25711 kết nối rõ nét với khả năng sử dụng đường dài không giới hạn với mức giá cố định thấp! bây giờ hãy thử nó miễn phí! ! * tự mình xem nhé. chúng tôi sẽ kích hoạt miễn phí dịch vụ đường dài không giới hạn với mức giá cố định trong 1 tuần * để chứng minh rằng chất lượng dịch vụ đúng như những gì bạn mong đợi. gọi ngay bây giờ ! các nhà khai thác sẵn sàng kích hoạt dịch vụ của bạn. số điện thoại miễn phí: 877 - 529 - 7358 từ thứ Hai đế,1,,,,,,commercial_spam,product_service_solicitation;promotional_call_to_action,spam,medium,,,translated_dataset_mixed_positive
data_vi:741,data_vi,,,,"Chủ đề: bộ ký tự logo hoàn hảo = koi 8 - r "" > nghĩ đến việc thổi luồng sinh khí mới vào doanh nghiệp của bạn ? bắt đầu từ việc cải tiến logo mặt trước và nhận dạng hình ảnh của nó. loqodentity cung cấp thiết kế tùy chỉnh sáng tạo cho logo, văn phòng phẩm và trang web. dưới sự quản lý của chúng tôi carefui hand những công cụ tiếp thị mạnh mẽ này sẽ mang lại một luồng gió mới cho doanh nghiệp của bạn và khiến bạn nổi bật giữa các đối thủ cạnh tranh, bạn chỉ cần nhấp chuột là có thể đạt được thành",1,,,,,,commercial_spam,marketing_language;product_service_solicitation,spam,medium,,,translated_dataset_mixed_positive
data_vi:744,data_vi,,,,Chủ đề: thông báo lỗi xin chào. đây là chương trình gửi qmail tại localhost. tên miền địa phương . tôi e rằng tôi không thể gửi tin nhắn của bạn đến các địa chỉ sau. Đây là một lỗi vĩnh viễn ; Tôi đã bỏ cuộc . xin lỗi nó đã không thành công : địa chỉ này không còn nhận thư nữa . - - - bên dưới dòng này là bản sao của tin nhắn. return -path : đã nhận : ( qmail 12390 được gọi từ mạng ) ; 19 tháng 7 năm 2005 13 : 52 : 53 - 0000 đã nhận : từ không xác định ( helo mailwisconsin . com ) ( 7371 @ 60 . ,1,,,,,,commercial_spam,commercial_offer;product_service_solicitation,spam,medium,,,translated_dataset_mixed_positive
data_vi:746,data_vi,,,,"Chủ đề: trong thời gian lập kế hoạch tài chính là bạn của bạn, chúng tôi cung cấp các dịch vụ được cá nhân hóa được thiết kế để phù hợp với chiến lược đầu tư của bạn với hơn 20 năm kinh nghiệm, cam kết và dịch vụ. Trong lập kế hoạch tài chính, thời gian là bạn và cũng là kẻ thù của bạn. dịch vụ lorac cung cấp các nhà hoạch định tài chính, thuế và pháp lý tốt nhất trong nước. hãy để chúng tôi giúp bạn có được sự an tâm trong một thị trường đầy biến động. Các kế hoạch 412 (i) và các kế hoạch db tr",1,,,,,,commercial_spam,commercial_offer;product_service_solicitation,spam,medium,,,translated_dataset_mixed_positive
data_vi:75,data_vi,,,,"Chủ đề: xin chúc mừng hpshum bạn đã thắng ! Chúc mừng ! thông báo chính thức hpshum@hotmail. com bạn đã được chọn đặc biệt để đăng ký một kỳ nghỉ ở Florida / Bahamas ! bạn sẽ được hưởng: 8 ngày / 7 đêm chỗ ở hạng nhất có giá trị cho tối đa 4 khách thuê xe với số dặm không giới hạn trên chuyến du ngoạn sòng bạc dành cho người lớn những điểm tham quan tuyệt vời ở Florida! Nhiều hơn nhiều . . . bấm vào đây ! (số lượng có hạn) để không còn nhận ưu đãi này hoặc bất kỳ ưu đãi nào khác từ chúng tôi, hã",1,,,,,,commercial_spam,marketing_language;promotional_call_to_action,spam,medium,,,translated_dataset_mixed_positive
data_vi:750,data_vi,,,,"Chủ đề: phân tích chất lỏng, khách hàng của chúng tôi nói rất nhiều về sản phẩm spur m của chúng tôi "" tôi chỉ muốn viết và cảm ơn bạn vì spur-m . Tôi bị số lượng và khả năng di chuyển của tinh trùng kém . Tôi đã tìm thấy trang web của bạn và đặt mua hỗn hợp tăng cường sinh lý spur-m cho nam giới . Trong nhiều năm, tôi đã tự hỏi điều gì đã gây ra tình trạng tinh dịch và số lượng tinh trùng thấp cũng như cách tôi có thể cải thiện khả năng sinh sản của mình và giúp vợ tôi thụ thai. Có vẻ như tôi đ",1,,,,,,commercial_spam,commercial_offer;product_service_solicitation,spam,medium,,,translated_dataset_mixed_positive
data_vi:753,data_vi,,,,Chủ đề: thêm logo và tông màu vào điện thoại di động của bạn 1575332211111 đưa bạn ra khỏi danh sách của chúng tôi bằng cách nhấp vào đây chán với điện thoại di động của bạn ? tải các logo bài hát thú vị vào điện thoại của bạn ngay hôm nay! nó thực sự đơn giản! không có tải xuống hoặc cài đặt khó hiểu. kích hoạt điện thoại đơn giản! bấm vào đây để đặt hàng có rất nhiều bài hát và đồ họa để bạn lựa chọn. xem mẫu của một số bài hát để chọn bên dưới: nghệ sĩ bài hát khiến bạn quái đản trên missy el,1,,,,,,commercial_spam,commercial_offer;product_service_solicitation;promotional_call_to_action,spam,medium,,,translated_dataset_mixed_positive
data_vi:754,data_vi,,,,"Chủ đề: ở trung tâm doanh nghiệp của bạn! Hình ảnh công ty có thể nói lên rất nhiều điều về công ty của bạn. nhịp sống hiện đại quá năng động. đôi khi chỉ mất vài giây để công ty của bạn được nhớ đến hoặc bị bỏ xa so với các đối thủ cạnh tranh. hoàn thiện logo, văn phòng phẩm hoặc trang web của bạn ngay bây giờ! quay vòng nhanh : bạn sẽ thấy một số biến thể iogo trong ba ngày làm việc . sự hài lòng được đảm bảo: chúng tôi cung cấp số lượng chanqes không giới hạn; bạn có thể chắc chắn: nó sẽ đáp ",1,,,,,,commercial_spam,commercial_offer;promotion_discount;product_service_solicitation,spam,medium,,,translated_dataset_mixed_positive
data_vi:759,data_vi,,,,"Chủ đề: http://www. xiềng xích . net xin chào, tôi đã truy cập www. xiềng xích . net và nhận thấy rằng trang web của bạn không được liệt kê trên một số công cụ tìm kiếm. tôi chắc chắn rằng thông qua dịch vụ của chúng tôi số lượng người truy cập trang web của bạn chắc chắn sẽ tăng lên. seekercenter là một công nghệ độc đáo giúp gửi trang web của bạn ngay lập tức tới hơn 500.000 công cụ tìm kiếm và thư mục - - một cách thực sự hiệu quả và chi phí thấp để quảng cáo trang web của bạn. để biết thêm c",1,,,,,,commercial_spam,commercial_offer;marketing_language;product_service_solicitation,spam,medium,,,translated_dataset_mixed_positive
data_vi:76,data_vi,,,,"Chủ đề: tôi biết công ty của bạn! Thật sự rất khó để nhớ ra một công ty : thị trường đầy rẫy những gợi ý và thông tin tràn ngập ; nhưng một logo bắt mắt, những bức tượng có phong cách và trang web nổi bật sẽ giúp công việc trở nên dễ dàng hơn nhiều. chúng tôi không hứa rằng sau khi đặt mua iogo, công ty của bạn sẽ tự động trở thành một nhà sản xuất hàng đầu: rõ ràng là nếu không có sản phẩm tốt, tổ chức kinh doanh hiệu quả và mục tiêu thực tế thì thị trường ngày nay sẽ rất hot; nhưng chúng tôi h",1,,,,,,commercial_spam,commercial_offer;marketing_language;product_service_solicitation,spam,medium,,,translated_dataset_mixed_positive
data_vi:760,data_vi,,,,Chủ đề: thông báo lỗi xin chào. đây là chương trình gửi qmail ở sys 25. 3 fn. mạng lưới . tôi e rằng tôi không thể gửi tin nhắn của bạn đến các địa chỉ sau. Đây là một lỗi vĩnh viễn ; Tôi đã bỏ cuộc . xin lỗi nó đã không thành công : địa chỉ này không còn nhận thư nữa . - - - bên dưới dòng này là bản sao của tin nhắn. return -path : đã nhận : ( qmail 32974 được gọi từ mạng ) ; 19 tháng 7 năm 2005 10 : 54 : 04 - 0000 đã nhận : từ không xác định ( helo mailwisconsin . com ) ( 211 . 245 . 27 . 66 ),1,,,,,,commercial_spam,commercial_offer;product_service_solicitation,spam,medium,,,translated_dataset_mixed_positive
data_vi:761,data_vi,,,,"Chủ đề: ở trung tâm doanh nghiệp của bạn! Hình ảnh công ty có thể nói lên rất nhiều điều về công ty của bạn. nhịp sống hiện đại quá năng động. đôi khi chỉ mất vài giây để công ty của bạn được nhớ đến hoặc bị các đối thủ cạnh tranh đánh mất. hoàn thành ioqo, văn phòng phẩm hoặc trang web của bạn ngay bây giờ! quay vòng nhanh : bạn sẽ thấy một số biến thể logo trong ba ngày làm việc . sự hài lòng được đảm bảo: chúng tôi cung cấp số lượng chanqes không giới hạn; bạn có thể chắc chắn: nó sẽ đáp ứng ",1,,,,,,commercial_spam,commercial_offer;promotion_discount;product_service_solicitation,spam,medium,,,translated_dataset_mixed_positive
data_vi:762,data_vi,,,,"Chủ thể: . báo cáo tin nhắn từ trang liên hệ của bạn. . . . // ytu 855 rkq kiểm tra các báo cáo có sẵn mà bạn muốn nhận: cập nhật tin tức mới nhất, nhận ngay các ưu đãi đặc biệt lớn. . . nó miễn phí, không mất phí gì, bạn có thể bỏ bất cứ lúc nào! tài chính - cổ phiếu - khoản vay - thế chấp tin tức tài chính & thị trường chứng khoán chính phủ & chính trị / thảo luận về thẻ tín dụng & tái cấp vốn thế chấp / cho vay sức khỏe - thể dục - ngày lễ - du lịch trực tuyến hiệu thuốc giảm giá & đặc biệt m",1,,,,,,commercial_spam,commercial_offer;promotion_discount;marketing_language;product_service_solicitation,spam,medium,,,translated_dataset_mixed_positive
data_vi:763,data_vi,,,,"Chủ đề: logo và nhận dạng hình ảnh của bạn từ chúng tôi khi nghĩ đến việc thổi sức sống mới vào doanh nghiệp của bạn? bắt đầu từ việc cải tiến logo mặt trước và nhận dạng trực quan của nó. chúng tôi cung cấp thiết kế tùy chỉnh sáng tạo của ioqos, văn phòng phẩm và các trang web. dưới sự chăm sóc của chúng tôi, những nhà tiếp thị mạnh mẽ này cũng sẽ mang một luồng gió mới vào hoạt động kinh doanh của bạn và khiến bạn nổi bật giữa các đối thủ cạnh tranh. bạn chỉ cần một cú nhấn chuột là có thể đạt",1,,,,,,commercial_spam,marketing_language;product_service_solicitation,spam,medium,,,translated_dataset_mixed_positive
data_vi:768,data_vi,,,,"Chủ đề: khách hàng tiềm năng theo thời gian thực - không cần môi giới Tên của bạn : địa chỉ email : điện thoại : tên công ty : trang web internet : nhấp vào gửi sẽ gửi yêu cầu của bạn đến op qua email hoặc gọi ( 206 ) 203 - 2737 bạn nhận được e-mail này vì bạn là người dùng đã đăng ký của latimes. com , usa hôm nay , hoặc một trong những chi nhánh của chúng tôi . với tư cách là người dùng đã đăng ký, đôi khi bạn có thể nhận được thông báo qua e-mail từ chúng tôi về các tính năng, sản phẩm và dịc",1,,,,,,commercial_spam,marketing_language;product_service_solicitation;promotional_call_to_action,spam,medium,,,translated_dataset_mixed_positive
data_vi:772,data_vi,,,,"Chủ đề: bắt đầu ngày giao dịch của bạn với một khoản đầu tư an ninh nội địa ấn tượng. Các cuộc tấn công khủng bố vào Hoa Kỳ vào ngày 11 tháng 9 năm 20 đã thay đổi bối cảnh an ninh trong tương lai gần. cả về thể chất và | logica | bảo mật đã trở thành điều tối quan trọng đối với al | phân khúc ngành , đặc biệt là ngân hàng , quốc gia | khu vực tài nguyên và chính phủ. theo giga , một công ty con thuộc sở hữu hoàn toàn của Forrester Research , nhu cầu trên toàn thế giới về các sản phẩm và dịch vụ ",1,,,,,,commercial_spam,commercial_offer;marketing_language;product_service_solicitation,spam,medium,,,translated_dataset_mixed_positive
data_vi:775,data_vi,,,,"Chủ đề: trường hợp nguy cơ suy yếu trong tháng nam 58 người không hút thuốc phải đối mặt với số tiền $ 3 , 000 , 000 5 ' 11 255 lbs . bệnh crohn trong 30 năm 5 cuộc phẫu thuật đường ruột lớn liệu pháp steroid trong 30 năm 1997 bệnh tiểu đường 1998 bệnh cao huyết áp hoa hồng của nhà môi giới: $ 60, 598 ! ! hãy để chúng tôi biến những khách hàng đã bị từ chối, bị xếp hạng hoặc hiện có vấn đề về sức khỏe của bạn thành những trường hợp có thể cứu sống được! hoặc vui lòng điền vào mẫu dưới đây để biế",1,,,,,,commercial_spam,marketing_language;product_service_solicitation,spam,medium,,,translated_dataset_mixed_positive
data_vi:778,data_vi,,,,"Chủ đề: onseek . com - gửi trang web chưa đầy đủ . url sau đã được gửi tới onseek. com: http://www. datapest . net để trang web của bạn được liệt kê, bạn cần xác nhận việc gửi của mình bằng cách nhấp vào liên kết bên dưới: quan trọng: onseek là một công cụ tìm kiếm thẻ meta. điều này có nghĩa là trang web của bạn sẽ không được thêm vào cơ sở dữ liệu của chúng tôi trừ khi nó có thẻ tiêu đề và mô tả meta. để tự động tạo các thẻ này cho trang web của bạn ( miễn phí ) và tìm hiểu thêm về tối ưu hóa ",1,,,,,,commercial_spam,commercial_offer;marketing_language;product_service_solicitation;promotional_call_to_action,spam,medium,,,translated_dataset_mixed_positive
data_vi:78,data_vi,,,,"Chủ đề: Tiết kiệm hơn 80% cho tất cả các tựa game Windows bán chạy nhất, ưu đãi đặc biệt trong email, hủy đăng ký phần mềm tìm kiếm, 10 tựa game mới đang được giảm giá hàng đầu! 1 office pro 20032 windows xp pro 3 adobe Creative suite premium 4 norton diệt virus 20055 flash mx 20046 corel draw 127 adobe acrobat 7 . 08 windows 2003 server 9 bí danh maya 6 wavefrtl 0 adobe ra mắt xem thêm của nhà sản xuất này khách hàng phần mềm microsoft apple cũng đã mua các mặt hàng khác này. . . Microsoft Offi",1,,,,,,commercial_spam,commercial_offer;promotion_discount;marketing_language;product_service_solicitation,spam,medium,,,translated_dataset_mixed_positive
data_vi:780,data_vi,,,,"Chủ đề: sức khỏe của bạn - hướng dẫn về các hiệu thuốc trực tuyến , ma túy và sức khỏe tình dục . mua thuốc chính hiệu với giá bán buôn , vận chuyển đến tận nhà bạn vào ngày hôm sau . hãy tin tưởng vào chính mình. bạn biết nhiều hơn bạn nghĩ. trên hết , hãy thử cái gì đó . đó là một loại trí nhớ kém, chỉ hoạt động ngược lại.",1,,,,,,commercial_spam,commercial_offer;product_service_solicitation,spam,medium,,,translated_dataset_mixed_positive
data_vi:782,data_vi,,,,"Chủ đề: levltrra, xana, merldll xin chào, hãy dùng thử sản phẩm mang tính cách mạng này, tab mềm cialis. cialis soft tabs là loại thuốc điều trị chứng bất lực mới mà mọi người đang nói đến. các tab mềm có tác dụng lên đến 36 giờ, hãy so sánh điều này với chỉ hai hoặc ba giờ sử dụng viagra! thành phần hoạt chất là tadalafil, giống như nhãn hiệu cialis. muốn cialis giá rẻ và các loại thuốc khác? không có bác sĩ đáng xấu hổ đến thăm! hơn 5 triệu khách hàng tiết kiệm tại 130 quốc gia, chúng tôi tính",1,,,,,,commercial_spam,commercial_offer;product_service_solicitation,spam,medium,,,translated_dataset_mixed_positive
data_vi:787,data_vi,,,,"Chủ đề: bất kỳ loại thuốc nào để cô gái của bạn được hạnh phúc ! cô gái của bạn không hài lòng với tiềm năng của bạn? đừng đợi cho đến khi cô ấy tìm được người đàn ông khác! bấm vào đây để chọn từ rất nhiều tình yêu có hương vị t @ bs ! giá tốt nhất, vận chuyển nhanh và hiệu quả được đảm bảo! ở đây bạn mua nó từ kho! cửa hàng được bbb xác minh và vlsa phê duyệt!",1,,,,,,commercial_spam,commercial_offer;product_service_solicitation,spam,medium,,,translated_dataset_mixed_positive
data_vi:788,data_vi,,,,"Chủ đề: tiết kiệm 70% cho mực in laser và hộp mực in phun ! do nhu cầu lớn từ khách hàng, chúng tôi đang gia hạn phiếu giảm giá thêm 5% cho tất cả các giao dịch mua hàng của bạn với mã phiếu giảm giá rmscy 6 p 2 cho đến ngày 30 tháng 7 năm 2002 và ưu đãi này chỉ dành riêng cho chúng tôi. bạn nhận được thư này vì bạn đã đăng ký nhận ưu đãi từ một trong các trang liên kết của chúng tôi. để hủy đăng ký khỏi danh sách gửi thư của chúng tôi, hủy đăng ký trực tuyến nhấp vào đây hoặc qua email nhấp vào",1,,,,,,commercial_spam,commercial_offer;promotion_discount;marketing_language;promotional_call_to_action,spam,medium,,,translated_dataset_mixed_positive
data_vi:790,data_vi,,,,"Chủ đề: bảo hiểm cao cấp chi phí thấp tại sao phải trả nhiều tiền hơn? tiết kiệm tới 70% phí bảo hiểm nhân thọ của bạn! nhận báo giá bảo hiểm nhân thọ miễn phí từ các công ty tốt nhất với mức giá thấp nhất. bạn không thể đoán trước được tương lai, nhưng bạn luôn có thể chuẩn bị cho nó. so sánh giá từ các công ty bảo hiểm hàng đầu trên khắp đất nước trong cuộc sống và thời đại của chúng ta, điều quan trọng là lập kế hoạch cho tương lai của gia đình bạn trong khi vẫn thoải mái về mặt tài chính. Hã",1,,,,,,commercial_spam,commercial_offer;product_service_solicitation;promotional_call_to_action,spam,medium,,,translated_dataset_mixed_positive
data_vi:791,data_vi,,,,"Chủ đề: bán buôn thuốc lá ! hywwzzlzd $ 19 . 95 trở lên! mua sỉ thùng thuốc lá , giá khởi điểm là 19 USD . 95 . miễn phí vận chuyển ! tại sao phải nộp thuế nhà nước? 100% hợp pháp. gửi từ kho ngoại quan Thụy Sĩ. chỉ dành cho mục đích sử dụng cá nhân, phải từ 18 tuổi trở lên, được xác minh bằng thẻ tín dụng. người dùng aol nhấp vào đây để xóa khỏi các thư gửi trong tương lai , trả lời email này kèm theo xóa trong dòng chủ đề .",1,,,,,,commercial_spam,commercial_offer;promotion_discount;product_service_solicitation;promotional_call_to_action,spam,medium,,,translated_dataset_mixed_positive
data_vi:795,data_vi,,,,Chủ đề: thuốc trực tuyến cao cấp tại đây kodachrome phật giáo emilio nhận tất cả các đơn thuốc của bạn ở một địa điểm ! một loạt các máy tính bảng! hãy nhìn xem! và chi phí rất thấp! ngừng nhận tài liệu quảng cáo bây giờ kiêu ngạo xử lý tư vấn của người da trắng,1,,,,,,commercial_spam,marketing_language;product_service_solicitation,spam,medium,,,translated_dataset_mixed_positive
data_vi:796,data_vi,,,,"Chủ đề: http://www. xã hội nhảy vọt . com xin chào, tôi đã ghé thăm www. xã hội nhảy vọt . com và nhận thấy rằng trang web của bạn không được liệt kê trên một số công cụ tìm kiếm. tôi chắc chắn rằng thông qua dịch vụ của chúng tôi số lượng người truy cập trang web của bạn chắc chắn sẽ tăng lên. seekercenter là một công nghệ độc đáo giúp gửi trang web của bạn ngay lập tức tới hơn 500.000 công cụ tìm kiếm và thư mục - - một cách thực sự hiệu quả và chi phí thấp để quảng cáo trang web của bạn. để b",1,,,,,,commercial_spam,commercial_offer;marketing_language;product_service_solicitation,spam,medium,,,translated_dataset_mixed_positive
data_vi:797,data_vi,,,,"Chủ đề: re : có mực không? 21846 bạn đã làm gì thế? Tôi không biết bạn thế nào, nhưng tôi cảm thấy mệt mỏi khi phải xuống cửa hàng để phát hiện ra rằng hộp mực máy in của bạn đắt hơn chính chiếc máy in đó! tôi biết bạn cảm thấy thế nào - tôi in hơn 500 trang mỗi ngày và cảm giác như có một cái chân không đang hút tiền ra khỏi ví của tôi! Bây giờ, việc này phải dừng lại vì tôi biết chi phí của các công ty in không bằng chi phí của tôi khi làm công việc ở văn phòng và trường học! chà, cuối cùng nó",1,,,,,,commercial_spam,commercial_offer;promotion_discount;product_service_solicitation,spam,medium,,,translated_dataset_mixed_positive
data_vi:8,data_vi,,,,"Chủ đề: đây là một trò chơi hấp dẫn trong phong trào đầu tư an ninh nội địa. Các cuộc tấn công khủng bố vào Hoa Kỳ vào ngày 11 tháng 9 năm 20 đã thay đổi bối cảnh an ninh trong tương lai gần. cả về thể chất và | logica | an ninh đã trở nên tối quan trọng đối với tất cả các phân khúc ngành, đặc biệt | | y trong ngân hàng , quốc gia | khu vực tài nguyên và chính phủ. theo giga , ai | | Là công ty con thuộc sở hữu của Forrester Research, nhu cầu trên toàn thế giới về các sản phẩm và dịch vụ bảo mật",1,,,,,,commercial_spam,marketing_language;product_service_solicitation,spam,medium,,,translated_dataset_mixed_positive
data_vi:80,data_vi,,,,"Chủ đề: bộ ký tự logo hoàn hảo = koi 8 - r "" > nghĩ đến việc thổi luồng sinh khí mới vào doanh nghiệp của bạn ? bắt đầu từ việc cải tiến logo mặt trước và nhận dạng thị giác của nó. logodentity cung cấp thiết kế tùy chỉnh sáng tạo của loqos, văn phòng phẩm và trang web. dưới sự quản lý của chúng tôi Hãy cẩn thận, những công cụ tiếp thị mạnh mẽ này sẽ thổi một luồng gió mới vào công việc kinh doanh của bạn và khiến bạn nổi bật so với các đối thủ cạnh tranh, bạn chỉ cần nhấn chuột là có thể đạt đư",1,,,,,,commercial_spam,marketing_language;product_service_solicitation;promotional_call_to_action,spam,medium,,,translated_dataset_mixed_positive
data_vi:800,data_vi,,,,"Chủ đề: tôi biết công ty của bạn! thật khó để nhớ lại một công ty : thị trường đầy rẫy những gợi ý và thông tin tràn ngập ; nhưng một logo hấp dẫn, văn phòng phẩm có phong cách và trang web nổi bật sẽ khiến công việc trở nên dễ dàng hơn nhiều. chúng tôi không hứa rằng nếu đặt hàng một logo, công ty của bạn sẽ tự động trở thành công ty dẫn đầu thế giới: khá rõ ràng rằng nếu không có sản phẩm tốt, tổ chức kinh doanh hiệu quả và mục tiêu thực tế thì công ty sẽ rất hot trên thị trường hiện nay; nhưn",1,,,,,,commercial_spam,commercial_offer;marketing_language;product_service_solicitation,spam,medium,,,translated_dataset_mixed_positive
data_vi:802,data_vi,,,,"Chủ đề: cần một logo nổi bật ngay bây giờ? làm việc dựa trên hình ảnh của công ty bạn? bắt đầu bằng hình ảnh nhận dạng, chìa khóa tạo nên ấn tượng tốt đầu tiên. Chúng tôi đang ở đây để giúp bạn ! chúng tôi sẽ tham gia xây dựng hình ảnh trực quan tích cực về công ty của bạn bằng cách tạo ra một loqo nổi bật, các mặt hàng văn phòng phẩm đẹp mắt và trang web chuyên nghiệp. những hoạt động tiếp thị này cũng sẽ góp phần đáng kể vào sự thành công của doanh nghiệp bạn. hãy xem qua các mẫu công việc của",1,,,,,,commercial_spam,marketing_language;product_service_solicitation,spam,medium,,,translated_dataset_mixed_positive
data_vi:804,data_vi,,,,Chủ đề: rất thú vị về cách tiết kiệm gabion thuốc của bạn trên 70%. các dược phẩm chọn hop - cách bỏng ngô thành công và đã được chứng minh để tiết kiệm số tiền bí mật của bạn. cột sống và codicil ag metayer all l noctambulizm u khéo léo l r rochet a ginnery cl i tính toán sva gudgeon l cam chịu m và nhiều thứ khác. ép đùn prlces tốt nhất. Shlpp trên toàn thế giới đối đầu với lng. dễ dàng hoặc giả thuyết der mẫu. toàn tâm toàn ý chinh phục. 250.000 s bài kinh làm hài lòng khách hàng. hãy đặt hàn,1,,,,,,commercial_spam,commercial_offer;product_service_solicitation,spam,medium,,,translated_dataset_mixed_positive
data_vi:813,data_vi,,,,"Chủ đề: giao phó nhận dạng hình ảnh của bạn cho chúng tôi khi nghĩ đến việc thổi sức sống mới vào doanh nghiệp của bạn? bắt đầu từ việc cải tiến logo mặt trước và nhận dạng trực quan của nó. chúng tôi cung cấp các thiết kế tùy chỉnh sáng tạo của logo, văn phòng phẩm và trang web. dưới bàn tay chăm sóc của chúng tôi, những hoạt động tiếp thị quyền lực này cũng sẽ mang lại một luồng gió mới cho hoạt động kinh doanh của bạn và khiến bạn nổi bật hơn so với các đối thủ cạnh tranh. bạn chỉ còn cách th",1,,,,,,commercial_spam,marketing_language;product_service_solicitation,spam,medium,,,translated_dataset_mixed_positive
data_vi:814,data_vi,,,,"Chủ đề: bản dùng thử 7 ngày miễn phí này sẽ chứng minh rằng bạn có thể sẵn sàng đi biển . nếu bạn muốn hủy đăng ký hãy nhấp vào đây hoặc viết thư cho nhóm ultima , inc . 1380 đại lộ Garnet, e 520 San Diego, ca 92109 nbtnsbpa",1,,,,,,commercial_spam,marketing_language;promotional_call_to_action,spam,medium,,,translated_dataset_mixed_positive
data_vi:817,data_vi,,,,"Chủ đề: cơ hội để có được logo mới phù hợp với hình ảnh công ty của bạn? bắt đầu bằng hình ảnh nhận dạng, chìa khóa tạo nên ấn tượng tốt đầu tiên. Chúng tôi đang ở đây để giúp bạn ! chúng tôi sẽ tham gia vào việc xây dựng hình ảnh trực quan tích cực về công ty của bạn bằng cách tạo ra một logo nổi bật, các mặt hàng văn phòng phẩm hiện đại và trang web chuyên nghiệp. những hoạt động tiếp thị này cũng sẽ góp phần đáng kể vào sự thành công của doanh nghiệp bạn. hãy xem các mẫu công việc của chúng t",1,,,,,,commercial_spam,marketing_language;product_service_solicitation,spam,medium,,,translated_dataset_mixed_positive
data_vi:818,data_vi,,,,"Chủ đề: ở trung tâm doanh nghiệp của bạn! Hình ảnh công ty có thể nói lên rất nhiều điều về công ty của bạn. nhịp sống hiện đại quá năng động. đôi khi chỉ mất vài giây để công ty của bạn được nhớ đến hoặc bị bỏ xa so với các đối thủ cạnh tranh. hoàn thành ioqo, văn phòng phẩm hoặc trang web của bạn ngay bây giờ! quay vòng nhanh : bạn sẽ thấy một số biến thể logo trong ba ngày làm việc . sự hài lòng được đảm bảo: chúng tôi cung cấp số lượng thay đổi không giới hạn; bạn có thể chắc chắn: nó sẽ đáp",1,,,,,,commercial_spam,commercial_offer;promotion_discount;product_service_solicitation,spam,medium,,,translated_dataset_mixed_positive
data_vi:819,data_vi,,,,"Chủ đề: nhân rộng cơ sở khách hàng của bạn ! Ricardol thân mến, quảng cáo qua email trực tiếp hiệu quả về chi phí sẽ quảng bá doanh nghiệp của bạn với mức giá thấp nhất là 50 USD cho mỗi 1 triệu địa chỉ email, tối đa hóa số tiền tiếp thị của bạn! điền và fax mẫu thông tin này tới 309 - 407 - 7378 . một nhà tư vấn sẽ liên hệ với bạn để thảo luận về nhu cầu tiếp thị của bạn. trang web : ( không bắt buộc ) _ _ _ _ _ _ _ _ _ _ _ _ _ _ _ _ _ _ _ _ _ _ _ _ _ _ _ _ _ _ _ _ _ _ _ _ _ _ _ _ _ _ _ _ _ _ _",1,,,,,,commercial_spam,marketing_language;product_service_solicitation,spam,medium,,,translated_dataset_mixed_positive
data_vi:820,data_vi,,,,"Chủ đề: 1000 sản phẩm máy tính đang giảm giá ! mạng lưới mua sắm máy tính, chúng tôi luôn cung cấp kết quả kết hợp hoàn hảo! 100.000 sản phẩm máy tính với những ưu đãi tốt nhất từ ​​các cửa hàng bán hàng hàng đầu, so sánh giá cả và tiết kiệm! bây giờ thật dễ dàng để mua sắm , so sánh các sản phẩm và định giá tất cả ở một nơi và hoàn toàn miễn phí ! bấm vào đây để vào mạng lưới mua sắm máy tính www. . com mạng mua sắm máy tính 6701 sierra ct. , ste . e Dublin , ca 94568 tin nhắn e-mail này là một",1,,,,,,commercial_spam,commercial_offer;promotion_discount;marketing_language;product_service_solicitation,spam,medium,,,translated_dataset_mixed_positive
data_vi:823,data_vi,,,,Chủ đề: http://www. efi . tức là /http://www. efi . tức là / chỉ mục - 1998 - 07 - 16 . html bài đăng dễ dàng . com - -quảng bá sản phẩm và dịch vụ của bạn trên hàng ngàn trang web rao vặt. đơn giản là cách tốt nhất để bán hàng trên internet! không có thời gian để đăng quảng cáo cho doanh nghiệp của bạn? đấu tranh với nhiều trang web rao vặt ? đang tìm kiếm phương tiện hiệu quả để thúc đẩy doanh nghiệp của bạn? tất cả những điều này đều là lý do tuyệt vời để bạn ghé thăm easyadpost. com . hiện t,1,,,,,,commercial_spam,commercial_offer;marketing_language;product_service_solicitation,spam,medium,,,translated_dataset_mixed_positive
data_vi:824,data_vi,,,,"Chủ đề: điều chỉnh máy tính của bạn nhờ thợ sửa hệ thống nếu bạn muốn đảm bảo rằng các email từ mạng thực sẽ đến hộp thư đến của bạn chứ không phải vào thư mục thư rác, hãy thêm tin tức @ real - email. net vào sổ địa chỉ của bạn. kho vũ khí tối thượng của bạn để cải thiện hiệu suất máy tính! thợ cơ khí hệ thống sử dụng 15 công cụ mạnh mẽ để giữ cho máy tính của bạn chạy nhanh hơn, sạch hơn và không có lỗi. tải xuống ngay bây giờ để đưa máy tính của bạn lên một cấp độ hiệu suất hoàn toàn mới. tăn",1,,,,,,commercial_spam,marketing_language;product_service_solicitation;promotional_call_to_action,spam,medium,,,translated_dataset_mixed_positive
data_vi:826,data_vi,,,,"Chủ đề: all star break đặc biệt : nhận một lá cờ để ủng hộ đội bóng yêu thích của bạn - miễn phí vận chuyển Armstrong cờ công ty miễn phí vận chuyển cờ xe miễn phí ( đơn hàng tối thiểu $ 35,00 ) Cột trắng 5 ' w / giá đỡ $ 24 . 00 mỗi đơn hàng hôm nay công ty Armstrong Flag 20 Park St. winchester, ma 01890 thư điện tử này là một quảng cáo và/hoặc chào mời.",1,,,,,,commercial_spam,promotion_discount;marketing_language,spam,medium,,,translated_dataset_mixed_positive
data_vi:829,data_vi,,,,"Chủ đề: mệt mỏi với tỷ lệ thế chấp cao - tái cấp vốn ngày hôm nay. . . . . chủ nhà thân mến, lãi suất đang ở mức thấp nhất trong 40 năm! chúng tôi giúp bạn tìm được mức giá tốt nhất cho tình huống của bạn bằng cách kết hợp nhu cầu của bạn với hàng trăm người cho vay! cải thiện nhà cửa , tái cấp vốn , thế chấp thứ hai , cho vay mua nhà , và nhiều hơn thế nữa ! bạn đủ điều kiện ngay cả khi có tín dụng dưới mức hoàn hảo! dịch vụ này miễn phí 100% cho chủ sở hữu nhà và người mua nhà mới mà không có ",1,,,,,,commercial_spam,commercial_offer;product_service_solicitation,spam,medium,,,translated_dataset_mixed_positive
data_vi:834,data_vi,,,,"Chủ đề: gửi tình yêu về nhà bằng phần mềm album ảnh trực tuyến chỉ dành cho người xây dựng hệ thống, người bán lại và người mua phần cứng. niềm kiêu hãnh làm ô uế tính cách cao quý nhất. một người nên muốn sống, dù chỉ vì tò mò.",1,,,,,,commercial_spam,commercial_offer;product_service_solicitation,spam,medium,,,translated_dataset_mixed_positive
data_vi:837,data_vi,,,,"Chủ đề: Giảm 75% số vụ tai nạn đường bộ trong tháng 8 năm 2002 thưa ông/bà, trong trường hợp ông/bà đã nhận được thư này sớm hơn, vui lòng bỏ qua thư này. nó có thể đã được gửi lại cho bạn do nhầm lẫn. danh sách của chúng tôi không phải là danh sách gửi thư và chúng tôi không có ý định gửi bất kỳ thư thông thường nào cho bất kỳ ai. Chúng tôi đã nghĩ ra một bộ hệ thống có thể làm giảm hơn 75% thiệt hại do xe cộ gây ra, số người chết và thương tích gây ra cho hành khách và người đi bộ trong các vụ",1,,,,,,commercial_spam,commercial_offer;product_service_solicitation,spam,medium,,,translated_dataset_mixed_positive
data_vi:840,data_vi,,,,"Chủ đề: chúng tôi xây dựng internet. webxpert . com ( thiết kế / lập trình / tư vấn ) nếu tờ rơi này xuất hiện không chính xác và / hoặc hình ảnh không xuất hiện , vui lòng nhấp vào liên kết sau : http : / / www . webxpert . com . địa chỉ email của bạn được lấy từ danh sách đã mua. bạn đang nhận được thông tin này từ eluxmedia llc và là một phần trong danh sách gửi thư của họ. nếu bạn muốn hủy đăng ký khỏi danh sách này, vui lòng nhấp vào đây và nhập tên của bạn vào hộp xóa. nếu trước đây bạn đã",1,,,,,,commercial_spam,commercial_offer;marketing_language;promotional_call_to_action,spam,medium,,,translated_dataset_mixed_positive
data_vi:843,data_vi,,,,"Chủ đề: đồ trang trí sân vườn | ppu đồ trang trí sân vườn thú vị của chúng tôi kết hợp tay nghề thủ công tinh xảo nhất trong chế biến gỗ với công nghệ mới nhất về sơn và phần cứng: chúng tôi là nhà sản xuất vòng xoáy lớn nhất thế giới. chân thành , studio t . inc . , Hoa Kỳ the home of heller Whirigigs Remove : liên lạc thương mại dựa trên e-mail tránh chi tiêu không cần thiết cho catalog và giấy tờ , đồng thời giúp bảo tồn các tài nguyên thiên nhiên có giá trị như rừng và dầu mỏ . chúng tôi khô",1,,,,,,commercial_spam,commercial_offer;marketing_language,spam,medium,,,translated_dataset_mixed_positive
data_vi:844,data_vi,,,,Chủ đề: gửi thư không thành công: trả lại thư cho người gửi thư này được tạo tự động bởi phần mềm gửi thư. tin nhắn bạn đã gửi không thể gửi tới một hoặc nhiều người nhận. Đây là một lỗi vĩnh viễn . địa chỉ sau ( es ) không thành công : ian @ altair 398 . quỷ . đồng . uk (được tạo từ ian @ altair . org . uk ) lỗi smtp từ máy chủ thư từ xa sau khi kết thúc dữ liệu : Host punt - 1 . thư . quỷ . mạng [ 194 . 217 . 242 . 75]: 550 bị chặn bởi tùy chọn lọc thư rác của người nhận. nếu tin nhắn là hợp p,1,,,,,,commercial_spam,commercial_offer;product_service_solicitation,spam,medium,,,translated_dataset_mixed_positive
data_vi:847,data_vi,,,,"Chủ đề: re : tài khoản ngân hàng của bạn bạn thân mến , một cuộc khảo sát gần đây của nielsen / netrateds cho biết "" dân số internet đang nhanh chóng tiếp cận ' nửa tỷ ' người ! "" vậy tất cả những điều này có ý nghĩa gì với bạn ? tiền dễ dàng! ! giả sử mỗi người chỉ có một địa chỉ e-mail. . . đó là 500 triệu khách hàng tiềm năng và đang tăng lên ! Ngoài ra, thư điện tử chắc chắn là phương pháp mạnh mẽ nhất trên trái đất. tốt, tôi nghĩ bạn hiểu được hình ảnh. những con số và tiềm năng thật đáng k",1,,,,,,commercial_spam,commercial_offer;marketing_language;product_service_solicitation;financial_information_request;large_fund_bait,spam,medium,,,translated_dataset_mixed_positive
data_vi:85,data_vi,,,,"Chủ đề: chúng tôi biết cổ phiếu của chúng tôi là tập đoàn truyền thông pop 3 (popt), một công ty đã định vị chính mình trong khoảng cách giữa các tập đoàn truyền thông lớn và thế giới của các công ty âm nhạc, fiim, xuất bản và công nghệ độc lập. giá hiện tại : 0 . 025 nó sẽ tiếp tục cao hơn? hãy xem chương trình này vào thứ Hai vì chúng tôi biết nhiều bạn thích động lực. tin nóng hổi ! ! tập đoàn truyền thông pop 3 ( popt ) và tập đoàn roxxy thông báo rằng các công ty đã ký kết | mục đích theo đ",1,,,,,,commercial_spam,commercial_offer;marketing_language;product_service_solicitation;large_fund_bait,spam,medium,,,translated_dataset_mixed_positive
data_vi:857,data_vi,,,,Chủ đề: xin chào làm thế nào để tiết kiệm hơn 70% chi phí mua sắm thời trang của bạn. cửa hàng thuốc tây Shalloon - cách thành công và đã được chứng minh để tiết kiệm số tiền lớn của bạn. nhờ đó v nội nhãn ag a bất an l shandrydan lu synoptical l r nghèo đói a drouth cl đông lạnh isva bình tĩnh l eyewater m và nhiều thứ khác. * những mối quan hệ đồng nghiệp tốt nhất * những gì cần có trên toàn cầu * sự tự tin hoàn toàn sjambok * hơn 5 triệu người sử dụng thống trị đã có một ngày tốt lành không đ,1,,,,,,commercial_spam,commercial_offer;product_service_solicitation,spam,medium,,,translated_dataset_mixed_positive
data_vi:859,data_vi,,,,"Chủ đề: [ ilug ] ilug - admin , nâng cao vòng một của bạn viên nang nâng ngực tuyệt vời = = = = = = = = = = = = = = = = = = = = = = = = = = = = = = đảm bảo để tăng, nâng và làm săn chắc ngực của bạn trong 60 ngày nếu không bạn sẽ được hoàn lại tiền ! ! 100% thảo dược và thiên nhiên. công thức đã được chứng minh từ năm 1996. tăng vòng ngực của bạn lên từ 1 đến 3 cỡ trong vòng 30 - 60 ngày và hoàn toàn tự nhiên . bấm vào đây : http:// 64 . 123 . 160 . 91 : 81 / li / wangxd / http : / / 202 . 101 .",1,,,,,,commercial_spam,promotional_call_to_action;bulk_distribution,spam,medium,,,translated_dataset_mixed_positive
data_vi:860,data_vi,,,,"Chủ đề: cấp bách! thông tin quan trọng về trang web của bạn. . . . xin chào, tên tôi là steve scott và tôi là chủ tịch kiêm giám đốc điều hành của chương trình liên kết internet trực tuyến lớn nhất và sinh lợi nhất thế giới. Tôi muốn chia sẻ với bạn về cách tôi đã làm cho hàng nghìn chủ sở hữu trang web như bạn trở nên giàu có. vâng, ý tôi là giàu có bẩn thỉu. hệ thống tôi đã phát triển và bạn sắp học kiếm được số tiền khổng lồ từ bất kỳ máy tính nào được kết nối với internet, ở bất kỳ đâu trên ",1,,,,,,commercial_spam,commercial_offer;marketing_language;product_service_solicitation,spam,medium,,,translated_dataset_mixed_positive
data_vi:862,data_vi,,,,"Chủ đề: giải pháp trực quan hoàn hảo cho doanh nghiệp của bạn hiện đang làm việc trên hình ảnh công ty của bạn ? bắt đầu bằng hình ảnh nhận dạng, chìa khóa tạo nên ấn tượng tốt đầu tiên. Chúng tôi đang ở đây để giúp bạn ! chúng tôi sẽ tham gia xây dựng hình ảnh trực quan tích cực về công ty của bạn bằng cách tạo ra một logo nổi bật, các mặt hàng văn phòng phẩm và trang web chuyên nghiệp. những công cụ tiếp thị này sẽ đóng góp đáng kể vào sự thành công của doanh nghiệp bạn. hãy xem các mẫu công v",1,,,,,,commercial_spam,marketing_language;product_service_solicitation,spam,medium,,,translated_dataset_mixed_positive
data_vi:866,data_vi,,,,"Chủ đề: bạn đã sẵn sàng để có được nó chưa? Xin chào ! viagra là loại thuốc số 1 giúp điều trị chứng rối loạn cương dương ở nam giới . như người ta nói đùa, nó đủ mạnh đối với đàn ông nhưng lại dành cho phụ nữ; - ) đặt hàng quaqra trực tuyến là một cách rất thuận tiện , nhanh chóng và an toàn ! hàng triệu người làm điều đó hàng ngày để bảo vệ quyền riêng tư và lệnh chuyển tiền của họ ở đây. . .",1,,,,,,commercial_spam,commercial_offer;product_service_solicitation,spam,medium,,,translated_dataset_mixed_positive
data_vi:868,data_vi,,,,"Chủ đề: nguồn thông tin thế chấp hàng đầu của bạn lãi suất thế chấp đã giảm lần cuối ! hãy để chúng tôi giúp bạn nhận được một khoản thế chấp mới lên tới 100 % giá trị căn nhà của bạn, giảm khoản thanh toán hàng tháng của bạn! củng cố nợ của bạn! rút ngắn thời hạn cho vay của bạn! giảm lãi suất của bạn! lãi suất thế chấp trung bình toàn quốc theo chương trình lãi suất cố định trong 30 năm 6 . 50 % cố định trong 15 năm 6 . 25 % 1 năm nhánh 5 . 51 % chọn từ hàng trăm chương trình cho vay như : mua",1,,,,,,commercial_spam,commercial_offer;promotional_call_to_action,spam,medium,,,translated_dataset_mixed_positive
data_vi:87,data_vi,,,,"Chủ đề: bạn đã sẵn sàng để có được nó chưa? Xin chào ! viagra là loại thuốc số 1 giúp điều trị chứng rối loạn cương dương ở nam giới . như người ta nói đùa, nó đủ mạnh đối với đàn ông nhưng lại dành cho phụ nữ; - ) đặt mua viagra oniine là một cách rất thuận tiện , nhanh chóng và an toàn ! hàng triệu người làm điều đó hàng ngày để bảo vệ quyền riêng tư và lệnh chuyển tiền của họ ở đây. . .",1,,,,,,commercial_spam,commercial_offer;product_service_solicitation,spam,medium,,,translated_dataset_mixed_positive
data_vi:870,data_vi,,,,"Chủ đề: bộ ký tự logo hoàn hảo = koi 8 - r "" > nghĩ đến việc thổi luồng sinh khí mới vào doanh nghiệp của bạn ? bắt đầu từ việc cải tiến logo mặt trước và nhận dạng thị giác của nó. logodentity cung cấp thiết kế tùy chỉnh sáng tạo cho loqos, văn phòng phẩm và các trang web. dưới sự quản lý của chúng tôi carefui hand những marketinq toois mạnh mẽ này sẽ thổi một luồng gió mới vào công việc kinh doanh của bạn và khiến bạn nổi bật giữa các đối thủ cạnh tranh, bạn chỉ cần một cú nhấp chuột là có thể",1,,,,,,commercial_spam,product_service_solicitation;promotional_call_to_action,spam,medium,,,translated_dataset_mixed_positive
data_vi:877,data_vi,,,,"Chủ đề: i 6 h : logo bản sắc doanh nghiệp của bạn doanh nghiệp của bạn thiếu bản sắc hình ảnh ? nỗ lực tiếp thị đang thất bại? vô hình giữa biển đối thủ cạnh tranh? bạn đang đi đúng hướng để tìm ra giải pháp - hãy tiếp tục đọc. . . các nhà thiết kế chuyên nghiệp của chúng tôi chuyên tạo ra các biểu tượng tùy chỉnh và bản sắc doanh nghiệp/công ty. thiết kế của chúng tôi chỉ cần được nhìn thấy một lần để thu hút sự chú ý và công nhận của khách hàng. với một trong những pháp sư độc đáo, bắt mắt của",1,,,,,,commercial_spam,marketing_language;product_service_solicitation,spam,medium,,,translated_dataset_mixed_positive
data_vi:879,data_vi,,,,"Chủ đề: ở trung tâm doanh nghiệp của bạn! Hình ảnh công ty có thể nói lên rất nhiều điều về công ty của bạn. nhịp sống hiện đại quá năng động. đôi khi chỉ mất vài giây để công ty của bạn được nhớ đến hoặc bị bỏ xa so với các đối thủ cạnh tranh. hoàn thiện logo, văn phòng phẩm hoặc trang web của bạn ngay bây giờ! quay vòng nhanh: bạn sẽ thấy nhiều biến thể logo trong ba ngày làm việc. sự hài lòng được đảm bảo: chúng tôi cung cấp số lượng thay đổi không giới hạn; bạn có thể chắc chắn: nó sẽ đáp ứn",1,,,,,,commercial_spam,commercial_offer;promotion_discount;product_service_solicitation,spam,medium,,,translated_dataset_mixed_positive
data_vi:880,data_vi,,,,"Chủ đề: camera ip cho hệ thống an ninh của bạn thưa ông bà : chúng tôi hiểu được từ thông tin của bạn trên google . kỹ sư com. chúng tôi muốn nhân cơ hội này để giới thiệu công ty và sản phẩm của chúng tôi , với hy vọng rằng chúng tôi có thể làm việc với những ý tưởng sáng tạo nhập khẩu trong tương lai được thành lập vào năm 1993 , tokia Electronics co . , TNHH chúng tôi chuyên sản xuất các loại camera cctv, camera ccd màu, camera b/w ccd, camera color dome, camera b/w dome, camera mini ccd, cam",1,,,,,,commercial_spam,commercial_offer;product_service_solicitation;password_or_login,spam,medium,,,translated_dataset_mixed_positive
data_vi:883,data_vi,,,,"Chủ đề: chính phủ cấp cho bạn 25.000 USD ! trợ cấp miễn phí cho cá nhân và doanh nghiệp "" đủ điều kiện nhận được ít nhất 25.000 đô la tiền trợ cấp miễn phí - được đảm bảo ! "" mỗi ngày hơn một triệu đô la tiền trợ cấp miễn phí của chính phủ được trao cho những người giống như bạn vì nhiều nhu cầu kinh doanh và cá nhân khác nhau người tìm kiếm trợ cấp, lát nữa, tôi sẽ cho bạn biết chính xác cách nhận trợ cấp ở đâu. số tiền này phải được cho đi, tại sao lại không cho bạn? Có thể bạn đang nghĩ, "" là",1,,,,,,commercial_spam,commercial_offer;promotion_discount;marketing_language;product_service_solicitation;large_fund_bait,spam,medium,,,translated_dataset_mixed_positive
data_vi:884,data_vi,,,,"Chủ đề: cải thiện đáng kể sức chịu đựng của bạn bạn đã thấy thuốc của chúng tôi trên tivi, trong các cửa hàng y tế địa phương và trên trang web, và câu hỏi mà bạn luôn tự hỏi mình là - chúng có thực sự hiệu quả không? câu trả lời là có! hãy quên việc đối tác của bạn giả vờ đạt cực khoái hoặc không thể làm hài lòng cô ấy . bạn sẽ có thể thâm nhập sâu hơn để bạn tình của bạn có được nhiều khoái cảm hơn cũng như đạt được nhiều cực khoái khi quan hệ tình dục. 86% phụ nữ được khảo sát nói rằng họ muố",1,,,,,,commercial_spam,commercial_offer;product_service_solicitation,spam,medium,,,translated_dataset_mixed_positive
data_vi:886,data_vi,,,,"Chủ đề: tại dịch vụ của bạn xin chào , chào mừng bạn đến với cửa hàng kích thích ph elation armzonline - một trong những trang trí tức là quảng cáo oniine ph ashlar armaceuticai các cửa hàng v structor l phát sáng gr chromic l l tử số u sunward ac piscivorous la khó tiêu là rỗng val thuần hóa m và nhiều thứ khác . Tính bảo mật tuyệt đối , hơn 5 triệu khách hàng liên lạc nội bộ , rút ​​tiền shlpplng trên toàn thế giới , tiết kiệm chi tiết 60 % ! có một ngày tình yêu tốt đẹp!",1,,,,,,commercial_spam,marketing_language;product_service_solicitation,spam,medium,,,translated_dataset_mixed_positive
data_vi:890,data_vi,,,,"Chủ đề: tiết kiệm tiền bằng cách mua phần mềm OEM! cần phần mềm cho máy tính của bạn? chỉ cần truy cập trang web của chúng tôi, chúng tôi có thể có những gì bạn cần. . . lời chúc tốt đẹp nhất, chrissy",1,,,,,,commercial_spam,commercial_offer;product_service_solicitation,spam,medium,,,translated_dataset_mixed_positive
data_vi:891,data_vi,,,,"Chủ đề: bộ ký tự logo hoàn hảo = koi 8 - r "" > nghĩ đến việc thổi luồng sinh khí mới vào doanh nghiệp của bạn ? bắt đầu từ việc cải tiến logo mặt trước và nhận dạng hình ảnh của nó. loqodentity cung cấp thiết kế tùy chỉnh sáng tạo cho logo, văn phòng phẩm và trang web. dưới sự quản lý của chúng tôi carefui trao cho bạn những công cụ tiếp thị mạnh mẽ này sẽ mang lại luồng gió mới cho doanh nghiệp của bạn và khiến bạn nổi bật so với các đối thủ cạnh tranh, bạn chỉ cần nhấp chuột là có thể đạt được",1,,,,,,commercial_spam,marketing_language;product_service_solicitation,spam,medium,,,translated_dataset_mixed_positive
data_vi:893,data_vi,,,,"Chủ đề: re [ 4 ] : đừng để bị bỏ lại phía sau ! . . . Needham xin chào buổi sáng, thưa ngài, hãy xem các chương trình giảm giá mà những người này đang cung cấp cho các bản vá phóng to! gói thép : 10 miếng vá reg $ 79 . 95 bây giờ là 49$. 95 ! miễn phí vận chuyển quá! gói bạc : 25 miếng dán reg $ 129 . 95, bây giờ là 99 đô la. 95 ! miễn phí vận chuyển và bao gồm hướng dẫn tập thể dục miễn phí! gói vàng : 40 bản vá reg $ 189 . 95, bây giờ là 149 USD. 95 ! miễn phí vận chuyển và bao gồm hướng dẫn t",1,,,,,,commercial_spam,promotion_discount;product_service_solicitation,spam,medium,,,translated_dataset_mixed_positive
data_vi:898,data_vi,,,,"Chủ đề: tôi không làm việc. . . nhưng tôi có rất nhiều tiền! vhcw xin chào, quảng cáo qua email này đang được gửi hoàn toàn tuân thủ các quy định của bạn. s . dự luật thượng viện 1618, tiêu đề số 3, mục 301 để tự xóa bỏ bản thân gửi một e-mail trống tới: loại bỏ 999 @ yahoo. com bạn nhận được email này vì bạn nằm trong danh sách những người muốn có tất cả số tiền họ có thể chi tiêu mà không cần phải làm việc để kiếm được nó. . . bạn sẽ chỉ nhận được điều này một lần , vì vậy vui lòng không làm g",1,,,,,,commercial_spam,commercial_offer;marketing_language,spam,medium,,,translated_dataset_mixed_positive
data_vi:9,data_vi,,,,Chủ đề: tiết kiệm tiền mua thứ này ở đây bạn chưa thử cials à? bạn thậm chí không thể tưởng tượng được cảm giác trở thành một người đàn ông thực sự trên giường là như thế nào! vấn đề là một lỗi tuyệt vời sẽ được cung cấp cho bạn một cách chính xác khi bạn muốn. cialis có rất nhiều ưu điểm so với viagra - tác dụng kéo dài 36 giờ! - bạn đã sẵn sàng bắt đầu chỉ trong vòng 10 phút! - bạn có thể trộn nó với rượu aicohol! chúng tôi gửi đến bất kỳ nước nào! có được nó ngay bây giờ! .,1,,,,,,commercial_spam,commercial_offer;product_service_solicitation,spam,medium,,,translated_dataset_mixed_positive
data_vi:90,data_vi,,,,"Chủ đề: Enjoy media ( ejym ) gia nhập thị trường quảng cáo truyền hình Trung Quốc Enjoy media ( ejym ), một công ty truyền thông Trung Quốc, trên đà tăng trưởng nhanh bằng cách đăng ký quảng cáo Trung Quốc. Copyright Business Wire 2005 Hồng Kông - - ( Business Wire ) - - 7 tháng 6 năm 2005 - - Enjoy Media Holdings Limited ( Pink Sheet : ejym ) ( www . Enjoymedia . com ), một công ty dịch vụ quảng cáo và truyền thông in ấn ở Trung Quốc , thảo luận về mục tiêu và triển vọng dự kiến ​​của công ty t",1,,,,,,commercial_spam,commercial_offer;promotion_discount;marketing_language;product_service_solicitation;large_fund_bait,spam,medium,,,translated_dataset_mixed_positive
data_vi:903,data_vi,,,,Chủ đề: biến tài khoản paypal của bạn thành máy rút tiền không ngừng nghỉ! ! (không phải một bức thư dây chuyền) tôi gửi cho bạn tin nhắn này vì trước đây chúng ta đã trao đổi về các cơ hội kinh doanh. tôi hy vọng bạn sẽ thích cái này nhiều như tôi. biến tài khoản paypal của bạn thành một máy rút tiền không ngừng nghỉ! tái diễn 100 % hoa hồng được trả trực tiếp vào tài khoản paypal của bạn ! 4 trên 10 du khách tham gia ngay lập tức! bạn có nên là người tiếp theo không? tôi đã đề cập rằng nó miễn,1,,,,,,commercial_spam,product_service_solicitation;bulk_distribution;organization_impersonation,spam,medium,,,translated_dataset_mixed_positive
data_vi:904,data_vi,,,,"Chủ đề: vị trí tuyển dụng mới có sẵn cho công việc hàng đầu trên internet si barbituric te of Australia www . tìm kiếm . com . au trình bày lời mời làm việc bán thời gian độc đáo từ hướng dẫn viên du lịch của công ty du lịch quốc tế. Vị trí công việc đó được gọi là ""công việc của y construe Ear - 2004"" và nó đã trở thành hiện thực vì mùa hè nóng nực và giá tốt nhất cho các đề xuất hướng dẫn viên du lịch trên internet. Bạn có muốn thành lập một nhà cung cấp dịch vụ thành công ngay bây giờ mà khôn",1,,,,,,commercial_spam,commercial_offer;product_service_solicitation;organization_impersonation;financial_information_request,spam,medium,,,translated_dataset_mixed_positive
data_vi:905,data_vi,,,,Chủ đề: chheep medz làm thế nào để tiết kiệm cho khách du lịch và số tiền mua thuốc của bạn trên 70%. pharms rahrah hop - cách thành công và đã được chứng minh để giúp Lizzie tiết kiệm tiền ngoại vi của bạn. khiêm tốn và một âm vị học g lộn xộn tất cả l l người theo chủ nghĩa quốc tế bạn tính l r hutting một thánh tích cli hướng dẫn viên sva bagger l neoplasty m và nhiều thứ khác. trẻ mới biết đi tốt nhất. trên toàn thế giới shlpp vulcanite lng . hình thức đặt hàng dễ dàng. t danh nghĩa tổng độ ,1,,,,,,commercial_spam,commercial_offer;product_service_solicitation,spam,medium,,,translated_dataset_mixed_positive
data_vi:906,data_vi,,,,"Chủ đề: fw : hãy giữ kín chuyện này, nhưng chuyện này có tác dụng rất tốt! 25031 cảm ơn bạn, địa chỉ email của bạn được lấy từ danh sách đã mua, số tham chiếu # 1580 - 17600. nếu bạn muốn hủy đăng ký khỏi danh sách này, vui lòng nhấp vào đây và nhập tên của bạn vào hộp xóa. nếu trước đây bạn đã hủy đăng ký và vẫn nhận được thông báo này thì bạn có thể gửi email cho trung tâm kiểm soát lạm dụng của chúng tôi hoặc gọi 1 - 888 - 763 - 2497 hoặc viết thư cho chúng tôi theo địa chỉ: nospam, 6484 Cora",1,,,,,,commercial_spam,commercial_offer;marketing_language;promotional_call_to_action,spam,medium,,,translated_dataset_mixed_positive
data_vi:907,data_vi,,,,"Chủ đề: tôi biết công ty của bạn! Thật sự rất khó để nhớ ra một công ty : thị trường có rất nhiều gợi ý và thông tin quá nhiều ; nhưng một logo hấp dẫn, văn phòng phẩm có phong cách và trang web nổi bật sẽ khiến công việc trở nên dễ dàng hơn nhiều. chúng tôi không hứa rằng sau khi đặt hàng loqo, công ty của bạn sẽ tự động trở thành người dẫn đầu thế giới: rõ ràng là nếu không có sản phẩm tốt, tổ chức kinh doanh hiệu quả và mục tiêu thực tế thì thị trường ngày nay sẽ rất hot; nhưng chúng tôi hứa ",1,,,,,,commercial_spam,commercial_offer;marketing_language;product_service_solicitation,spam,medium,,,translated_dataset_mixed_positive
data_vi:908,data_vi,,,,"Chủ đề: : : hướng dẫn gỡ bỏ viagra tác dụng nhanh cuối cùng ( viagra tác dụng nhanh ): bạn nhận được quảng cáo này vì bạn đã chọn tham gia nhận các ưu đãi và ưu đãi đặc biệt trên internet thông qua các trang web liên kết. nếu bạn không muốn nhận thêm email hoặc nhận được email do nhầm lẫn, bạn có thể chọn không tham gia cơ sở dữ liệu của chúng tôi tại đây: xóa tôi, vui lòng đợi 24 giờ để xóa. e-mail này được gửi tuân theo đạo luật khuyến khích trao đổi thông tin và bảo vệ quyền riêng tư. phần 50",1,,,,,,commercial_spam,marketing_language;product_service_solicitation,spam,medium,,,translated_dataset_mixed_positive
data_vi:910,data_vi,,,,Chủ đề: gửi thư không thành công: trả lại thư cho người gửi thư này được tạo tự động bởi phần mềm gửi thư. tin nhắn bạn đã gửi không thể gửi tới một hoặc nhiều người nhận. Đây là một lỗi vĩnh viễn . địa chỉ sau ( es ) không thành công : twistersoffice @ qwest . net (được tạo từ thông tin @ twisterburritos. com) lỗi smtp từ người gửi thư từ xa sau khi kết thúc dữ liệu: máy chủ mpls - cmx - 07. inet . qwest . mạng [ 63 . 226 . 138 . 7] : 554 máy chủ thư từ chối vĩnh viễn thư ( # 5 . 3 . 0 ) - - - ,1,,,,,,commercial_spam,commercial_offer;product_service_solicitation,spam,medium,,,translated_dataset_mixed_positive
data_vi:911,data_vi,,,,"Chủ đề: hợp tác. từ: zimmy mabo. ĐT : 0031 - 623 - 787 - 971 . e-mail: infoeurope@lycos. com . người Hà Lan. kêu gọi liên doanh kinh doanh và hợp tác trước khi tôi tiếp tục. Tôi rất vui được giới thiệu bản thân mình, tên tôi là ông Zimmy Mabo người Zimbabwe. Tôi chính thức là trợ lý cá nhân cho tổng thống Robert Mugabe, do vị trí và sự thân thiết của tôi với tổng thống. tôi đã bỏ trốn với số tiền 25 triệu đô la Mỹ ( 25.000.000 đô la Mỹ ) là một phần số tiền dùng để vận động tái tranh cử tổng thố",1,,,,,,commercial_spam,commercial_offer;marketing_language;large_fund_bait,spam,medium,,,translated_dataset_mixed_positive
data_vi:912,data_vi,,,,"Chủ đề: bất kỳ loại thuốc nào để cô gái của bạn được hạnh phúc ! cô gái của bạn không hài lòng với tiềm năng của bạn? đừng đợi cho đến khi cô ấy tìm được người đàn ông khác! bấm vào đây để chọn từ rất nhiều tình yêu có hương vị t @ bs ! giá tốt nhất, giao hàng nhanh và hiệu quả được kiểm dịch! ở đây bạn mua nó từ kho! cửa hàng được bbb xác minh và được visa chấp thuận!",1,,,,,,commercial_spam,commercial_offer;product_service_solicitation,spam,medium,,,translated_dataset_mixed_positive
data_vi:915,data_vi,,,,"Chủ đề: men charset = windows - 1252 "" > thảo dược tăng cường sinh lực trực tiếp từ phòng thí nghiệm đến bạn ! chúng tôi hiện đang cung cấp 3 sản phẩm độc đáo để giúp bạn tăng thêm khoảnh khắc với người đặc biệt đó @ chỉ $ 24 . 99 mỗi sản phẩm ! ! ! chỉ $ 24 . 99 ea ! chỉ $ 24 . 99 ea ! chỉ $ 24 . 99 ea ! đàn ông , tăng mức năng lượng của bạn duy trì sự cương cứng mạnh mẽ hơn ! trong khi trời đang nóng ! bạn nhận được ưu đãi đặc biệt này vì bạn đã cho phép nhận thông tin liên lạc qua email về cá",1,,,,,,commercial_spam,promotion_discount;product_service_solicitation;promotional_call_to_action,spam,medium,,,translated_dataset_mixed_positive
data_vi:918,data_vi,,,,"Chủ đề: lãi suất thế chấp được đảm bảo tốt nhất lãi suất thế chấp tốt nhất đơn giản, dễ dàng và miễn phí có hàng trăm người cho vay cạnh tranh để có được khoản vay của bạn ! tái cấp vốn cho các khoản vay mua nhà mới hợp nhất nợ thế chấp thứ hai vốn chủ sở hữu nhà bấm vào đây để bắt đầu - bắt đầu kế hoạch của bạn cho tương lai ! ! ! chủ nhà thân mến, lãi suất đang ở mức thấp nhất trong 40 năm! chúng tôi giúp bạn tìm được mức giá tốt nhất cho tình huống của bạn bằng cách kết hợp nhu cầu của bạn vớ",1,,,,,,commercial_spam,commercial_offer;product_service_solicitation,spam,medium,,,translated_dataset_mixed_positive
data_vi:922,data_vi,,,,Chủ đề: tình dục tốt hơn! mối quan hệ tốt hơn! hãy ghé thăm nhà thuốc của chúng tôi để có cách mua thuốc gốc thuận tiện và tiết kiệm chi phí. bão làm cho cây bám rễ sâu hơn. Tâm càng nhỏ thì ngã mạn càng lớn. Hài hước cũng là một cách khác để nói điều gì đó nghiêm trọng . tôi nói với bạn rằng quá khứ là một thùng tro.,1,,,,,,commercial_spam,commercial_offer;product_service_solicitation,spam,medium,,,translated_dataset_mixed_positive
data_vi:923,data_vi,,,,"Chủ đề: dòng ? Hoa Kỳ hôm nay nói ""điều phải có của thiên niên kỷ mới"" dòng dữ liệu của nbc nói ""nếu bạn muốn có âm thanh rõ ràng thì vật phẩm giá một xu này có thể giúp bạn tiết kiệm được vài phút rõ ràng"" tăng cường khả năng thu sóng của bạn trên bất kỳ điện thoại di động hoặc không dây nào rõ ràng hơn 300% ! đừng mua một chiếc điện thoại khác vì khả năng thu tín hiệu kém. cải thiện khả năng giao tiếp của bạn ngay lập tức bằng cách cài đặt con chip nhỏ này. tăng cường tiếp nhận mạnh mẽ tiết ki",1,,,,,,commercial_spam,commercial_offer;marketing_language;product_service_solicitation,spam,medium,,,translated_dataset_mixed_positive
data_vi:924,data_vi,,,,Chủ đề: thuốc kê toa hạng nhất màu đỏ tía đối kháng axetylen võ thuật hãy tìm toa thuốc của bạn ngay lập tức ! một loạt các máy tính bảng! hãy nhìn xem! và giá cả là cạnh tranh nhất! bây giờ ngừng nhận tài liệu quảng cáo Andy Cress Crewman,1,,,,,,commercial_spam,marketing_language;product_service_solicitation,spam,medium,,,translated_dataset_mixed_positive
data_vi:925,data_vi,,,,"Chủ đề: 376 : độc đáo - logo ! doanh nghiệp của bạn thiếu bản sắc hình ảnh? nỗ lực tiếp thị đang thất bại? vô hình giữa biển đối thủ cạnh tranh? bạn đang đi đúng hướng để tìm ra giải pháp - hãy tiếp tục đọc. . . các nhà thiết kế chuyên nghiệp của chúng tôi chuyên tạo ra các biểu tượng tùy chỉnh và bản sắc doanh nghiệp/công ty. thiết kế của chúng tôi chỉ cần được nhìn thấy một lần để thu hút sự chú ý và công nhận của khách hàng. với một trong những pháp sư độc đáo, bắt mắt của chúng tôi, bạn sẽ k",1,,,,,,commercial_spam,marketing_language;product_service_solicitation,spam,medium,,,translated_dataset_mixed_positive
data_vi:932,data_vi,,,,"Chủ đề: tiết kiệm tiền bằng cách mua phần mềm OEM! cần phần mềm cho máy tính của bạn? chỉ cần truy cập trang web của chúng tôi, chúng tôi có thể có những gì bạn cần. . . Trân trọng, Samira",1,,,,,,commercial_spam,commercial_offer;product_service_solicitation,spam,medium,,,translated_dataset_mixed_positive
data_vi:94,data_vi,,,,"Chủ đề: http://www. đồng minh ảo - ở mọi nơi. com / sports / xin chào, tôi hy vọng bạn có thể giúp tôi. liên kết ở trên sẽ đưa bạn đến một số chuyến tham quan sân vận động cơ sở được tạo bởi sự tương tác hầu như ở mọi nơi. tôi muốn giới thiệu khái niệm chuyến tham quan ảo tới những người thích hợp tại tổ chức của bạn. ( Chỗ ngồi cao cấp của khách hàng hiện tại và bán vé , bộ phận tiếp thị , PR và phát triển kinh doanh đang đạt được thành công lớn với các chuyến tham quan của họ . Có thể có những",1,,,,,,commercial_spam,commercial_offer;marketing_language,spam,medium,,,translated_dataset_mixed_positive
data_vi:940,data_vi,,,,"Chủ đề: cơ hội để có được logo mới phù hợp với hình ảnh công ty của bạn? bắt đầu bằng hình ảnh nhận dạng, chìa khóa tạo nên ấn tượng tốt đầu tiên. Chúng tôi đang ở đây để giúp bạn ! chúng tôi sẽ tham gia xây dựng hình ảnh trực quan tích cực về công ty của bạn bằng cách tạo ra một iogo nổi bật, các mặt hàng văn phòng phẩm hiện đại và trang web chuyên nghiệp. những công cụ tiếp thị này sẽ đóng góp đáng kể vào sự thành công của doanh nghiệp bạn. hãy xem qua các mẫu công việc của chúng tôi, các gói ",1,,,,,,commercial_spam,marketing_language;product_service_solicitation,spam,medium,,,translated_dataset_mixed_positive
data_vi:948,data_vi,,,,"Chủ đề: số tiền bảo hiểm gấp đôi, thanh toán như nhau. . . uyz tiết kiệm tới 75 % cho bảo hiểm nhân thọ có thời hạn của bạn ! so sánh giá từ các công ty bảo hiểm hàng đầu trên khắp đất nước trong cuộc sống và thời đại của chúng ta, điều quan trọng là lập kế hoạch cho tương lai của gia đình bạn trong khi vẫn thoải mái về mặt tài chính. Hãy lựa chọn hợp đồng bảo hiểm nhân thọ phù hợp ngay hôm nay. nhấp vào liên kết bên dưới để so sánh các mức giá thấp nhất và tiết kiệm tới 75 % so sánh phạm vi bảo",1,,,,,,commercial_spam,commercial_offer;product_service_solicitation,spam,medium,,,translated_dataset_mixed_positive
data_vi:949,data_vi,,,,"Chủ đề: thông tin cổ phiếu nóng: drgv thông báo một thông cáo báo chí khác rằng khoản đầu tư 3.800 đô la có thể trị giá 50.000 đô la trong một khoảng thời gian ngắn. đọc thêm về cơ hội đầu tư tuyệt vời này và một khoản đầu tư nhỏ có thể mang lại lợi nhuận to lớn cho bạn như thế nào! không còn nghi ngờ gì nữa, cổ phiếu Trung Quốc còn mới đối với bạn. s . thị trường chứng khoán , chắc chắn sẽ nổ tung . nó xảy ra hết lần này đến lần khác. đó là lý do tại sao những nhà đầu tư sáng suốt như Warren Bu",1,,,,,,commercial_spam,commercial_offer;marketing_language;product_service_solicitation;large_fund_bait,spam,medium,,,translated_dataset_mixed_positive
data_vi:95,data_vi,,,,"Chủ đề: fwd : thứ ba tiếp theo lúc 9 giờ sáng để phát hành ngay cal - bay ( ký hiệu chứng khoán : cbyi ) theo dõi các nhà phân tích "" khuyến nghị mua mạnh "" và một số bản tin tư vấn chọn cbyi . cbyi đã nộp đơn đăng ký giao dịch trên theotcbb, giá cổ phiếu tăng lịch sử khi các công ty được niêm yết trên sàn giao dịch lớn hơn này. cbyi đang giao dịch quanh mức $ . 30? và sẽ tăng vọt lên 2 USD. 66 - 3$. 25 một cổ phiếu trong tương lai gần. hãy đưa cbyi vào danh sách theo dõi của bạn, có được một vị",1,,,,,,commercial_spam,commercial_offer;marketing_language;large_fund_bait,spam,medium,,,translated_dataset_mixed_positive
data_vi:951,data_vi,,,,Chủ đề: thông báo lỗi xin chào. đây là chương trình gửi qmail qua mail. cho đến . edu . ar . tôi e rằng tôi không thể gửi tin nhắn của bạn đến các địa chỉ sau. Đây là một lỗi vĩnh viễn ; Tôi đã bỏ cuộc . xin lỗi nó đã không thành công : 168 . 96 . 132 . 208 không thích người nhận. máy chủ từ xa cho biết: 550: địa chỉ người nhận bị từ chối: người dùng không xác định trong bảng người nhận cục bộ từ bỏ 168. 96 . 132 . 208 . - - - bên dưới dòng này là bản sao của tin nhắn. return - path : đã nhận : ,1,,,,,,commercial_spam,commercial_offer;product_service_solicitation,spam,medium,,,translated_dataset_mixed_positive
data_vi:952,data_vi,,,,"Chủ đề: khóa lợi ích của khách hàng của bạn! một sự kết hợp chiến thắng: chủ nghĩa lựa chọn thị trường từ công ty Bắc Mỹ về bảo hiểm sức khỏe nhân thọ và bến cảng tài chính an toàn! chọn từ tối đa năm tài khoản chỉ mục khác nhau: sp 500 , djiasm , sp midcap 400 , russell 2000 , nasdaq - 1001 hoặc , chọn bảo mật của tài khoản cố định ! Hoa hồng 16 % * Tỷ lệ tham gia 80 % * * không có rủi ro thua lỗ do thị trường sụt giảm ! khách hàng của bạn sẽ yêu thích tính bảo mật của sản phẩm nổi bật này! Có ",1,,,,,,commercial_spam,commercial_offer;product_service_solicitation,spam,medium,,,translated_dataset_mixed_positive
data_vi:955,data_vi,,,,"Chủ đề: tài khoản zzzz@ example . com tài khoản mới cho : zzzz @ example . com # # # câu lạc bộ người lớn # # cung cấp tư cách thành viên miễn phí # # # # 3 trong số các trang web người lớn tốt nhất # # trên internet hoàn toàn miễn phí # # # > > > > bây giờ bạn có quyền truy cập ngay vào cả 3 trang web > > > > người dùng tên : zzzz @ ví dụ . com > > > > mật khẩu : 1534 - - - - - - - - - - - - - - - - - - - tin 09/24/02 chỉ với hơn 4 . 8 triệu thành viên đăng ký miễn phí, tháng trước có 921.947 t",1,,,,,,commercial_spam,marketing_language;product_service_solicitation;promotional_call_to_action;password_or_login,spam,medium,,,translated_dataset_mixed_positive
data_vi:957,data_vi,,,,"Chủ đề: danh sách email - 100 triệu địa chỉ $ 79 jane , đây là thông tin bạn yêu cầu địa chỉ email của mình : quản trị trang web @ efi . tức là địa chỉ email được nhắm mục tiêu cd-rom 100 triệu + địa chỉ hơn 34 loại như: = nhà tiếp thị đa cấp = người tìm kiếm cơ hội = mã vùng điện thoại = quốc gia, thành phố, tiểu bang, v.v. . = những người điều hành công việc kinh doanh tại nhà hoặc quan tâm đến việc kinh doanh tại nhà . = du lịch & kỳ nghỉ = chọn tham gia = những người quan tâm đến đầu tư = nh",1,,,,,,commercial_spam,commercial_offer;marketing_language;product_service_solicitation;bulk_distribution;financial_information_request,spam,medium,,,translated_dataset_mixed_positive
data_vi:959,data_vi,,,,"Chủ thể: . + . Thấp hơn 80 đến 95 % so với giá bán buôn 2306 Thấp hơn 80 đến 95 % so với giá bán buôn mới , và với số lượng bạn cần một đơn vị , một pallet hoặc một xe tải 1 . bạn vẫn đang tìm kiếm một công việc kinh doanh thực sự có thể mang lại cho bạn và gia đình phong cách sống mà bạn mong muốn? hoặc, chỉ là thu nhập thứ hai trong thời gian rảnh rỗi của bạn? 2 . bạn sẽ đầu tư $ 66 . 50 ( giảm giá 33 % so với giá thông thường của chúng tôi là $ 99,95 trong thời gian khuyến mãi có hạn này . ) ",1,,,,,,commercial_spam,commercial_offer;promotion_discount;product_service_solicitation;promotional_call_to_action;organization_impersonation,spam,medium,,,translated_dataset_mixed_positive
data_vi:96,data_vi,,,,"Chủ đề: cơ hội vượt trội dành cho ""nhà sản xuất hàng đầu"" để có một cuộc phỏng vấn qua điện thoại bí mật, vui lòng điền vào mẫu gửi tên: e - mail: điện thoại: thành phố: tiểu bang: khu vực quan tâm: đại lý toàn thời gian giám đốc bán hàng tổng đại lý cpa đối tác đại lý độc lập chúng tôi không muốn bất cứ ai nhận hoặc gửi thư mà không muốn nhận chúng . đây là thông tin liên lạc chuyên nghiệp gửi đến các chuyên gia bảo hiểm. để bị xóa khỏi danh sách gửi thư này, đừng trả lời tin nhắn này. thay vào",1,,,,,,commercial_spam,commercial_offer;product_service_solicitation,spam,medium,,,translated_dataset_mixed_positive
data_vi:961,data_vi,,,,Chủ đề: tìm nơi mua viagra trực tuyến giá rẻ. chúng tôi cung cấp các loại thuốc chữa bệnh lối sống hàng đầu thế giới với mức giá không thể tin được. Chỉ sau khi chúng ta đã mất tất cả thì chúng ta mới có thể tự do làm bất cứ điều gì. bình an thăm viếng không còn tâm tội lỗi. ( nemo malus felix ) hãy làm điều tốt và đừng lo lắng cho ai .,1,,,,,,commercial_spam,commercial_offer;product_service_solicitation,spam,medium,,,translated_dataset_mixed_positive
data_vi:962,data_vi,,,,Chủ đề: thông báo lỗi xin chào. đây là chương trình gửi qmail tại mail 9 b. kính 9 . rapidsite . mạng lưới . tôi e rằng tôi không thể gửi tin nhắn của bạn đến các địa chỉ sau. Đây là một lỗi vĩnh viễn ; Tôi đã bỏ cuộc . xin lỗi nó đã không thành công : 64 . 18 . 7 . 10 lần thất bại sau khi tôi gửi tin nhắn. máy chủ từ xa cho biết: 571 tin nhắn bị từ chối - - - bên dưới dòng này là bản sao của tin nhắn. return - path : đã nhận : từ mxl 1 . stngvaol . chúng ta . mxservers . net ( 204 . 202 . 242 .,1,,,,,,commercial_spam,commercial_offer;product_service_solicitation,spam,medium,,,translated_dataset_mixed_positive
data_vi:965,data_vi,,,,"Chủ đề: Công cụ điều tra trên bàn của bạn, phần mềm mới đáng kinh ngạc cho phép bạn tìm hiểu hầu hết mọi thứ về bất kỳ ai. . . tải về ngay (không cần thẻ nạp): click vào đây: http://lv 508 p. sg. khám phá mọi thứ bạn từng muốn biết: bạn bè, gia đình, kẻ thù của bạn, chính nhân viên của bạn - có ai đó đang sử dụng danh tính của bạn không? ngay cả ông chủ của bạn! bạn có biết bạn có thể tìm kiếm bất kỳ ai , mọi lúc , mọi nơi , ngay trên internet không ? tải phần mềm này ngay bây giờ - - bấm vào đâ",1,,,,,,commercial_spam,product_service_solicitation;promotional_call_to_action,spam,medium,,,translated_dataset_mixed_positive
data_vi:966,data_vi,,,,Chủ đề: bạn đã được chấp thuận! ! ! ( 158545 ) gói vay của chúng tôi chưa bao giờ hấp dẫn hơn thế ! bây giờ là lúc tái cấp vốn cho ngôi nhà của bạn hoặc vay thế chấp thứ hai để củng cố tất cả khoản nợ thẻ tín dụng lãi suất cao của bạn. nhận được tất cả số tiền mặt thông minh mà bạn cần! rút tiền vốn chủ sở hữu của bạn trong khi lãi suất thấp! tất cả các chủ nhà ở Hoa Kỳ đều dễ dàng hội đủ điều kiện! tín dụng bị hư hỏng không bao giờ là một vấn đề! chúng tôi làm việc với những người cho vay trên ,1,,,,,,commercial_spam,commercial_offer;promotion_discount;marketing_language;product_service_solicitation;promotional_call_to_action,spam,medium,,,translated_dataset_mixed_positive
data_vi:967,data_vi,,,,Chủ đề: windows xp pro $49 . 95 ms 2003 chọn tham gia email ưu đãi đặc biệt hủy đăng ký phần mềm tìm kiếm của tôi Top 10 tựa sách mới đang được bán ngay bây giờ ! 1 office pro 20032 adobe photoshop 9 . 03 windows xp pro 4 adobe acrobat 7 pro 5 flash mx 20046 corel draw 127 norton Antivirus 20058 windows 2003 server 9 bí danh maya 6 wavefrtl 0 adobe illustrator 11 xem thêm của nhà sản xuất này microsoft symantec adobe Khách hàng cũng mua các mặt hàng khác này. . . Microsoft Office Professional Ed,1,,,,,,commercial_spam,commercial_offer;promotion_discount;marketing_language;product_service_solicitation,spam,medium,,,translated_dataset_mixed_positive
data_vi:968,data_vi,,,,"Chủ đề: hiệu thuốc trực tuyến - mua thuốc trực tuyến cũng có sẵn levitra , cialis , và viagra . cái chết của một người là chuyện của những người sống sót hơn là của chính anh ta . bất cứ ai tuân theo các vị thần, họ đặc biệt lắng nghe anh ta. tính cách là con người bạn khi không có ai để ý. Nếu sức mạnh chỉ là ảo ảnh thì điểm yếu chẳng phải cũng nhất thiết phải như vậy sao?",1,,,,,,commercial_spam,commercial_offer;product_service_solicitation,spam,medium,,,translated_dataset_mixed_positive
data_vi:969,data_vi,,,,"Chủ đề: hãy giữ cho ngôi nhà của bạn được an toàn nhé bạn. s . chủ nhà hãy gọi ngay hôm nay để đủ điều kiện nhận hệ thống an ninh gia đình miễn phí 1 - 800 - 775 - 0738 hệ thống an ninh đáng tin cậy nhất nước Mỹ. . . gói bảo mật toàn diện nhất từng được cung cấp miễn phí! hơn 135.000 gia đình đã có sự lựa chọn đúng đắn! trong thời điểm khó khăn này, sự an toàn của gia đình bạn là quan trọng hơn bao giờ hết! bảo vệ gia đình bạn trước mối đe dọa xâm chiếm nhà và buộc phải vào nhà. đảm bảo bạn sẵn ",1,,,,,,commercial_spam,promotion_discount;product_service_solicitation;promotional_call_to_action,spam,medium,,,translated_dataset_mixed_positive
data_vi:97,data_vi,,,,"Chủ đề: v - shoop xin chào , chào mừng bạn đến với medzonli cloaca ne - cửa hàng bình ổn giá dược phẩm trực tuyến . v Icelandic a u quan tài m mánh khóe vi r kim súng ac nhanh chóng và vô kỷ luật là đáng kể li a incurve g a thần học l và nhiều thứ khác. với cửa hàng đổ máu của chúng tôi, bạn sẽ nhận được - bes lách t prlces exc uncoined ellent dịch vụ fa rhapsodical st vận chuyển tư nhân hoặc nghẹt thở nline đặt hàng chúc một ngày tốt lành.",1,,,,,,commercial_spam,commercial_offer;product_service_solicitation,spam,medium,,,translated_dataset_mixed_positive
data_vi:972,data_vi,,,,"Chủ đề: các logo và nhận dạng tùy chỉnh từ chúng tôi đang nghĩ đến việc thổi sức sống mới vào doanh nghiệp của bạn? bắt đầu từ việc cải tiến logo mặt trước và nhận dạng trực quan của nó. chúng tôi cung cấp các thiết kế tùy chỉnh sáng tạo của iogos, văn phòng phẩm và các trang web. dưới bàn tay chăm sóc của chúng tôi, những công cụ tiếp thị mạnh mẽ này sẽ mang lại luồng gió mới cho doanh nghiệp của bạn và khiến bạn nổi bật giữa các đối thủ cạnh tranh. bạn chỉ cần một cú nhấn chuột là có thể đạt đ",1,,,,,,commercial_spam,marketing_language;product_service_solicitation,spam,medium,,,translated_dataset_mixed_positive
data_vi:973,data_vi,,,,"Chủ đề: liệu stox này có rung chuyển không? chúng tôi đã bảo bạn xem! ! ! vẫn chưa quá muộn! cảnh báo giao dịch! ! ! thời gian là tất cả! ! ! lợi nhuận dự kiến ​​200 - 400 % giao dịch ký hiệu : cdgt . giá mở cửa ob : 3 . 15 vâng, nó đang di chuyển, thứ tư có thể còn lớn hơn nữa! ! ! Mục tiêu 10 ngày: cảnh báo tin tức $7 - $8 ! * * * * thông cáo báo chí * * * * * * * * thông cáo báo chí * * * * * * * * thông cáo báo chí * * * * nguồn thông cáo báo chí: tập đoàn truyền thông kỹ thuật số Trung Quốc",1,,,,,,commercial_spam,commercial_offer;marketing_language,spam,medium,,,translated_dataset_mixed_positive
data_vi:975,data_vi,,,,"Chủ đề: thông tin bạn yêu cầu kcc cảm ơn bạn đã quan tâm ! các khóa học phán đoán cung cấp một khóa đào tạo mở rộng về "" cách thu tiền phán quyết "" nếu bạn giống như nhiều người, bạn thậm chí không chắc phán quyết về tiền bạc là gì và tại sao việc xử lý các phán quyết về tiền bạc có thể mang lại cho bạn thu nhập rất đáng kể . nếu bạn từng kiện một công ty hoặc một người và bạn thắng thì bạn sẽ phải ra phán quyết về tiền bạc đối với họ. bạn rất vui vì mình đã thắng nhưng bạn sẽ sớm phát hiện ra s",1,,,,,,commercial_spam,commercial_offer;promotion_discount;marketing_language;product_service_solicitation;financial_information_request;large_fund_bait,spam,medium,,,translated_dataset_mixed_positive
data_vi:977,data_vi,,,,"Chủ đề: bí mật ghi lại mọi hoạt động trên internet trên bất kỳ máy tính nào. . . bv tìm hiểu xem họ đang trò chuyện / gửi thư điện tử cho ai trong suốt thời gian đó ! vợ/chồng của bạn có lừa dối trên mạng không? con bạn có đang nói chuyện với những người nguy hiểm trên tin nhắn tức thời không? tìm ra ngay bây giờ ! - với phần mềm tải xuống tức thì của Big Brother. nhấp vào liên kết này ngay bây giờ để xem ảnh chụp màn hình thực tế và đặt hàng! để được loại trừ khỏi các liên hệ trong tương lai, v",1,,,,,,commercial_spam,commercial_offer;product_service_solicitation,spam,medium,,,translated_dataset_mixed_positive
data_vi:978,data_vi,,,,"Chủ đề: kính mát dự trữ quá nhiều để bổ sung , Cindy . Một . marcil hãy chắc chắn rằng bạn sẽ nhận được chúng ngay hôm nay. các nhà sản xuất tạo ra hàng triệu đô la hàng tồn kho dư thừa mỗi năm. chương trình khuyến mãi đèn chiếu sáng và kính mát đã xây dựng mối quan hệ với các nhà sản xuất và nhà bán lẻ chọn lọc, hàng đầu để di chuyển lượng hàng tồn kho này và nhường chỗ cho hàng hóa mới. * trong khi những nhà sản xuất này sẽ chấp nhận thua lỗ đối với những sản phẩm này, họ thà cho đi và chọn cá",1,,,,,,commercial_spam,commercial_offer;promotion_discount;product_service_solicitation;large_fund_bait,spam,medium,,,translated_dataset_mixed_positive
data_vi:979,data_vi,,,,"Chủ đề: vui lòng đọc: bản tin liên quan đến công cụ tìm kiếm cổ phiếu vốn hóa nhỏ có những bước phát triển mới dự kiến ​​sẽ thúc đẩy Western Sierra Mining , Inc . tồn kho từ 0. 70 đến hơn 4. 00 Westernsierraming . com mỏ khai thác mỏ miền Tây Sierra là một công ty đang trên đà phát triển , nhanh chóng ! tin tức lớn đã ra! công việc kinh doanh lớn đang diễn ra cho wsrm! hãy đọc tiếp để tìm hiểu lý do tại sao wsrm lại là lựa chọn hàng đầu của chúng tôi trong tuần này. * ngành khai thác mỏ ở miền T",1,,,,,,commercial_spam,commercial_offer;marketing_language,spam,medium,,,translated_dataset_mixed_positive
data_vi:980,data_vi,,,,"Chủ đề: bộ ký tự logo hoàn hảo = koi 8 - r "" > nghĩ đến việc thổi luồng sinh khí mới vào doanh nghiệp của bạn ? bắt đầu từ việc cải tiến logo mặt trước và nhận dạng hình ảnh của nó. loqodentity cung cấp thiết kế tùy chỉnh sáng tạo cho logo, văn phòng phẩm và trang web. dưới sự quản lý của chúng tôi hãy cẩn thận với những công cụ tiếp thị mạnh mẽ này sẽ mang lại luồng gió mới cho doanh nghiệp của bạn và khiến bạn nổi bật so với các đối thủ cạnh tranh, bạn chỉ còn cách thành công trong tương lai m",1,,,,,,commercial_spam,marketing_language;product_service_solicitation;promotional_call_to_action,spam,medium,,,translated_dataset_mixed_positive
data_vi:981,data_vi,,,,"Chủ đề: tôi biết công ty của bạn! Thật sự rất khó để nhớ ra một công ty: thị trường đầy rẫy các sự kiện và thông tin tràn ngập; nhưng một logo bắt mắt, hình tượng đẹp mắt và trang web nổi bật sẽ khiến công việc trở nên dễ dàng hơn nhiều. chúng tôi không hứa rằng havinq đã đặt hàng một logo cho công ty của bạn và công ty của bạn sẽ tự động trở thành người dẫn đầu thế giới: điều chắc chắn là nếu không có sản phẩm chất lượng, tổ chức kinh doanh hiệu quả và mục tiêu thực tế thì nó sẽ trở nên hấp dẫn",1,,,,,,commercial_spam,commercial_offer;marketing_language;product_service_solicitation,spam,medium,,,translated_dataset_mixed_positive
data_vi:982,data_vi,,,,"Chủ đề: giống mới của nhà giao dịch cổ phiếu $ $ $ $ $ $ $ báo cáo chứng khoán thế giới thứ ba ngày 05 tháng 7 năm 2005 $ $ $ $ $ $ $ $ chúc tất cả các nhà môi giới, báo cáo chứng khoán thế giới của nhà giao dịch trong ngày và nhà đầu tư một ngày tốt lành đã trở nên nổi tiếng với một số cổ phiếu tuyệt vời được lựa chọn trên thị trường otc, thị trường vốn hóa nhỏ! ! ! ! ! ! ! ! ! ! ở đây tại báo cáo chứng khoán thế giới, chúng tôi làm việc dựa trên những gì chúng tôi ở đây từ đường phố. tin đồn đ",1,,,,,,commercial_spam,commercial_offer;marketing_language,spam,medium,,,translated_dataset_mixed_positive
data_vi:984,data_vi,,,,"Chủ đề: bạn đã sẵn sàng để có được nó chưa? Xin chào ! viagra là loại thuốc số 1 giúp điều trị chứng rối loạn cương dương ở nam giới . như người ta nói đùa, nó đủ mạnh đối với đàn ông nhưng lại dành cho phụ nữ; - ) đặt hàng qua qra oniine là một cách rất thuận tiện , nhanh chóng và an toàn ! hàng triệu người làm điều đó hàng ngày để bảo vệ quyền riêng tư và lệnh chuyển tiền của họ ở đây. . .",1,,,,,,commercial_spam,commercial_offer;product_service_solicitation,spam,medium,,,translated_dataset_mixed_positive
data_vi:986,data_vi,,,,"Chủ đề: giới thiệu đĩa CD Warez tùy chỉnh, chúng tôi bán đĩa CD dự phòng, còn được gọi là đĩa CD Warez. đĩa CD sao lưu là bản sao của phần mềm. ví dụ: nếu bạn vào một cửa hàng và mua windows xp pro, với khoảng $299 bạn sẽ nhận được serial, cd, hộp và sách hướng dẫn. nếu bạn đặt hàng với chúng tôi, bạn sẽ nhận được: cd windows xp và số sê-ri. nó hoạt động giống hệt nhau nhưng bạn không có sách hướng dẫn và hộp và giá chỉ 19 USD. 99 . đó là tiết kiệm được 280 đô la, và điểm khác biệt duy nhất là b",1,,,,,,commercial_spam,commercial_offer;product_service_solicitation,spam,medium,,,translated_dataset_mixed_positive
data_vi:989,data_vi,,,,"Chủ đề: học cách xây dựng các trang web đơn giản và gọn gàng để có thể mang lại lợi nhuận. . . Giảm giá 75% cho tất cả phần mềm mới. lịch sự, n. sự đạo đức giả được chấp nhận nhất. thời trang có thể được mua. phong cách người ta phải sở hữu.",1,,,,,,commercial_spam,commercial_offer;promotion_discount;product_service_solicitation,spam,medium,,,translated_dataset_mixed_positive
data_vi:992,data_vi,,,,"Chủ đề: hành động ngay lập tức nếu không sẽ bỏ lỡ. 003 - 300299717499832716 chú ý ! quý khách hàng #772 - 00 d 87 ""yêu cầu hệ thống miễn phí của bạn"" hoặc gọi 1 - 800 - 823 - 2466 xin chúc mừng ! bạn đã được chọn để nhận hệ thống giải trí vệ tinh đĩa thu 4 * miễn phí! không có rủi ro. bấm vào đây để lên lịch cài đặt miễn phí (giá trị $ 446,00). đây là ưu đãi đặc biệt, có giới hạn thời gian và không có chi phí ẩn. đặt hàng ngay hôm nay và nhận 3 tháng lập trình miễn phí. ưu đãi nhanh chóng sẽ hết",1,,,,,,commercial_spam,commercial_offer;marketing_language,spam,medium,,,translated_dataset_mixed_positive
data_vi:997,data_vi,,,,"Chủ đề: tiết kiệm tiền bằng cách mua phần mềm OEM! cần phần mềm cho máy tính của bạn? chỉ cần truy cập trang web của chúng tôi, chúng tôi có thể có những gì bạn cần. . . Trân trọng, kenia",1,,,,,,commercial_spam,commercial_offer;product_service_solicitation,spam,medium,,,translated_dataset_mixed_positive
data_vi:998,data_vi,,,,"Chủ đề: phần mềm chỉ dành cho người xây dựng hệ thống, người bán lại và người mua phần cứng. nhận phần mềm mới nhất, tiết kiệm 99%. hai thứ dồi dào nhất trong vũ trụ là hydro và sự ngu ngốc. tôi không biết gì ngoại trừ sự thật về sự thiếu hiểu biết của tôi.",1,,,,,,commercial_spam,commercial_offer;product_service_solicitation,spam,medium,,,translated_dataset_mixed_positive
data_vi:999,data_vi,,,,"Chủ đề: thông tin về các nhà đầu tư tuyệt vời maisonette International Companies Ltd ( maen ) tập hợp các công ty có hoạt động kinh doanh tạo ra doanh thu liên tục , cung cấp các sản phẩm và dịch vụ độc đáo cho các nhóm | công cộng và chuyên nghiệp. giá hiện tại : 0 . o 9 đây có phải là viên ngọc quý chưa được khám phá được định vị để tiến lên cao hơn không? xem lại chính xác những gì công ty này làm. nó có vẻ mới mẻ và thú vị với bạn phải không? xem giao dịch này vào thứ ba. tin nóng hổi ! ! Cô",1,,,,,,commercial_spam,commercial_offer;marketing_language;product_service_solicitation,spam,medium,,,translated_dataset_mixed_positive
data_vi:1193,data_vi,,,,"Chủ đề: tôi đã truy cập trang web xango của bạn, xin chào nhà phân phối xango, tên tôi là jonathan roberts và tôi đại diện cho các hệ thống tạo khách hàng tiềm năng có tác động cao nhất. tôi đã truy cập trang web của bạn và biết rằng bạn là nhà phân phối cho xango và tôi muốn giới thiệu doanh nghiệp của mình với bạn. Tôi là chuyên gia chính của Peak Impact Inc và chúng tôi chuyên tạo ra khách hàng tiềm năng cho các cơ hội kinh doanh tại nhà. chúng tôi tạo ra các khách hàng tiềm năng theo thời gi",1,,,,,,credential_phishing,commercial_offer;marketing_language;password_or_login;credential_request,phishing,medium,,,translated_dataset_mixed_positive
data_vi:1271,data_vi,,,,"Chủ đề: tư vấn trung tâm bảo mật thông báo bảo mật paypal khẩn cấp ! Gần đây chúng tôi nhận thấy một hoặc nhiều nỗ lực đăng nhập vào tài khoản paypal của bạn từ địa chỉ IP nước ngoài và chúng tôi có lý do để tin rằng tài khoản của bạn đã bị bên thứ ba chiếm đoạt mà không có sự cho phép của bạn. nếu gần đây bạn đã truy cập vào tài khoản của mình khi đang đi du lịch thì những nỗ lực đăng nhập bất thường có thể do bạn thực hiện. nếu bạn là chủ sở hữu hợp pháp của tài khoản, bạn phải nhấp vào liên k",1,,,,,,credential_phishing,promotional_call_to_action;password_or_login;account_verification;urgent_security_action;organization_impersonation,phishing,medium,,,translated_dataset_mixed_positive
data_vi:1274,data_vi,,,,"Chủ đề: quan trọng : xác minh các biện pháp bảo mật tài khoản của bạn - bạn có đi du lịch không? Paypal cam kết duy trì môi trường an toàn cho cộng đồng người mua và người bán của mình. Để bảo vệ tính bảo mật cho tài khoản của bạn, paypal sử dụng một số hệ thống bảo mật tiên tiến nhất trên thế giới và các nhóm chống gian lận của chúng tôi thường xuyên sàng lọc hệ thống paypal để phát hiện hoạt động bất thường. gần đây chúng tôi đã ghi nhận một hoặc nhiều nỗ lực đăng nhập vào tài khoản của bạn từ",1,,,,,,credential_phishing,commercial_offer;password_or_login;account_verification;organization_impersonation,phishing,medium,,,translated_dataset_mixed_positive
data_vi:285,data_vi,,,,"Chủ đề: đình chỉ tài khoản người dùng paypal thân mến, theo việc di dời cơ sở dữ liệu chính của chúng tôi, chúng tôi hiện đang thực hiện các điều chỉnh và cập nhật chính đối với tài khoản người dùng để xác minh rằng thông tin bạn đã cung cấp cho chúng tôi trong quá trình đăng ký là đúng và chính xác. tuy nhiên, chúng tôi nhận thấy rằng số pin bạn cập nhật trong hồ sơ là giả mạo. Paypal yêu cầu số nhận dạng cá nhân của bạn làm biện pháp bảo mật mới nhất chống lại: trộm cắp danh tính, gian lận thẻ",1,,,,,,credential_phishing,password_or_login;credential_request;account_verification;account_suspension;organization_impersonation,phishing,medium,,,translated_dataset_mixed_positive
data_vi:372,data_vi,,,,"Chủ đề: cảnh báo tài khoản ngân hàng lasalle ! xin vui lòng đọc ! kính gửi thành viên ngân hàng lasalle, thông tin này được thu thập để cung cấp hồ sơ liên lạc giữa ngân hàng lasalle và các thành viên và để tuân thủ mọi yêu cầu pháp lý và/hoặc quy định hiện hành. ví dụ: thông tin chúng tôi thu thập được sử dụng cho các mục đích như: * để nhận dạng bạn nhằm bảo vệ khỏi gian lận và đề phòng truy cập trái phép vào tài khoản của bạn. * để cho phép chúng tôi hoàn tất các giao dịch của bạn một cách nh",1,,,,,,credential_phishing,commercial_offer;product_service_solicitation;password_or_login;account_verification;organization_impersonation;financial_information_request,phishing,medium,,,translated_dataset_mixed_positive
data_vi:472,data_vi,,,,"Chủ đề: cảnh báo khẩn cấp của bộ phận safeharbor cảnh báo khẩn cấp của bộ phận safeharbor gần đây chúng tôi đã xác định rằng các máy tính khác nhau đã đăng nhập vào tài khoản ebay của bạn và xuất hiện nhiều lỗi mật khẩu trước khi đăng nhập, một trong những nhân viên dịch vụ khách hàng của chúng tôi đã cố gắng liên lạc với bạn qua điện thoại. Vì nhân viên của chúng tôi không liên lạc được với bạn nên email này đã được gửi đến thông báo của bạn. do đó tài khoản của bạn đã bị đình chỉ tạm thời. chú",1,,,,,,credential_phishing,product_service_solicitation;password_or_login;account_verification;account_suspension;urgent_security_action,phishing,medium,,,translated_dataset_mixed_positive
data_vi:996,data_vi,,,,"Chủ đề: bảo mật tài khoản của bạn nhé khách hàng của ngân hàng lasalle thân mến, gần đây chúng tôi nhận thấy một hoặc nhiều nỗ lực đăng nhập vào tài khoản ngân hàng trực tuyến ngân hàng lasalle của bạn bằng một địa chỉ IP nước ngoài và chúng tôi có lý do để tin rằng tài khoản của bạn đã bị bên thứ ba chiếm đoạt mà không có thông báo của bạn. nếu gần đây bạn đã đăng nhập vào tài khoản của mình khi đi du lịch nước ngoài thì có thể bạn đã thực hiện những nỗ lực đăng nhập bất thường đó. tuy nhiên, n",1,,,,,,credential_phishing,password_or_login;account_verification;organization_impersonation;financial_information_request,phishing,medium,,,translated_dataset_mixed_positive
data_vi:1215,data_vi,,,,"Chủ đề: [ ilug ] wilson kamela attn : thưa ngài / madan tuyệt đối bí mật . tôi rất vui được giới thiệu bản thân mình với bạn. tên tôi là ông. Wilson Kamela người gốc Nam Phi và là nhân viên cấp cao của bộ phận khai thác mỏ và tài nguyên thiên nhiên, hiện đang tham gia khóa đào tạo ở Hà Lan trong vài tháng. tôi viết thư này để yêu cầu sự giúp đỡ của bạn nhằm thu hồi khoản đầu tư với tập đoàn khai thác mỏ Nam Phi. khoản đầu tư nói trên, hiện có giá trị ( 15,5 triệu đô la), mười lăm triệu năm trăm ",1,,,,,,financial_fraud,commercial_offer;financial_information_request;large_fund_bait,review,medium,,,translated_dataset_mixed_positive
data_vi:290,data_vi,,,,"Chủ đề: đang tìm kiếm sự hợp tác của bạn, đối tác thân mến, trước tiên, tôi phải xin lỗi bạn vì đã sử dụng phương tiện này để liên lạc với bạn về dự án này. Tôi là một quan chức cấp cao của chính phủ Nigeria và cũng là thành viên sáng lập của đảng cầm quyền hiện nay, đảng dân chủ nhân dân (pdp). ủy ban của tôi - tập đoàn phát triển đồng bằng niger ( nddc ) - chịu trách nhiệm quản lý và giám sát việc giải ngân doanh thu bán dầu cho chính phủ nigeria . doanh thu dưới sự kiểm soát của chúng tôi lên",1,,,,,,financial_fraud,commercial_offer;organization_impersonation;financial_information_request;large_fund_bait,review,medium,,,translated_dataset_mixed_positive
data_vi:33,data_vi,,,,"Chủ đề: [ ilug ] đang tìm kiếm sự hợp tác của bạn, đối tác thân mến, trước tiên, tôi phải xin lỗi bạn vì đã sử dụng phương tiện này để liên lạc với bạn về dự án này. Tôi là một quan chức cấp cao của chính phủ Nigeria và cũng là thành viên sáng lập của đảng cầm quyền hiện nay, đảng dân chủ nhân dân (pdp). ủy ban của tôi - tập đoàn phát triển đồng bằng niger ( nddc ) - chịu trách nhiệm quản lý và giám sát việc giải ngân doanh thu bán dầu cho chính phủ nigeria . doanh thu dưới sự kiểm soát của chún",1,,,,,,financial_fraud,commercial_offer;organization_impersonation;financial_information_request;large_fund_bait,review,medium,,,translated_dataset_mixed_positive
data_vi:405,data_vi,,,,"Chủ đề: thông báo. truyền email tới : người thụ hưởng từ : mr . bộ phận chuyển khoản của alex williams. . Một phần nợ thanh toán từ Nigeria có tổng trị giá 10 triệu USD. Việc truyền email này chỉ dành cho người nhận được nêu tên và có thể chứa thông tin đặc quyền và bí mật. nếu bạn nhận được email này do nhầm lẫn, vui lòng thông báo cho chúng tôi ngay lập tức. vui lòng không tiết lộ nội dung cho bất kỳ ai hoặc sao chép nó cho bên ngoài. Cảm ơn . tin nhắn . attn : thưa ngài , chúng tôi vui mừng t",1,,,,,,financial_fraud,organization_impersonation;financial_information_request;payment_to_release_funds;large_fund_bait,review,medium,,,translated_dataset_mixed_positive
data_vi:464,data_vi,,,,"Chủ đề: từ bà Fati thân mến, tôi khao khát sự khoan dung của bạn trước bức thư này đến từ một người mà bạn chưa từng biết trước đây. tôi quyết định làm điều này sau khi cầu nguyện cho tình huống này. bạn nên xem xét giao dịch dựa trên nội dung của nó chứ không phải thực tế là bạn chưa biết tôi trước đây. Tôi không cần phải tập trung vào cách tôi tìm được thông tin liên hệ của bạn vì ngày nay có rất nhiều khả năng như vậy. tôi xin tự giới thiệu mình là bà. Fati zongo, người Cộng hòa Benin, góa ph",1,,,,,,financial_fraud,organization_impersonation;financial_information_request;large_fund_bait,review,medium,,,translated_dataset_mixed_positive
data_vi:605,data_vi,,,,"Chủ đề: [ ilug ] manuel oko attn : thưa ngài / madan tuyệt đối bí mật . tôi rất vui được giới thiệu bản thân mình với bạn. tên tôi là ông. Manuel Oko là người gốc Nam Phi và là nhân viên cấp cao của bộ phận khai thác mỏ và tài nguyên thiên nhiên, hiện đang tham gia khóa đào tạo ở Hà Lan trong vài tháng. tôi viết thư này để yêu cầu sự giúp đỡ của bạn nhằm thu hồi khoản đầu tư với tập đoàn khai thác mỏ Nam Phi. khoản đầu tư nói trên, hiện có giá trị ( 15,5 triệu đô la), mười lăm triệu năm trăm ngh",1,,,,,,financial_fraud,commercial_offer;financial_information_request;large_fund_bait,review,medium,,,translated_dataset_mixed_positive
data_vi:722,data_vi,,,,"Chủ đề: massage từ bernard Từ : bernard louis mcarthy esq . , công ty TNHH dịch vụ xu hướng điện thoại riêng trực tiếp : + 44 7040115431 thân mến , lời khen ngợi , và xin vui lòng chấp nhận sự trân trọng và quý trọng cao nhất của tôi . Đề xuất này có thể đến với bạn như một sự ngạc nhiên do nhu cầu cấp thiết của một người nước ngoài đáng tin cậy, do đó tôi thấy cần phải liên hệ với bạn. tôi là Bernard Louis McCarthy, một luật sư và luật sư riêng của ông quá cố. Martin chey một công dân Thái Lan ",1,,,,,,financial_fraud,commercial_offer;product_service_solicitation;urgent_security_action;financial_information_request;large_fund_bait,review,medium,,,translated_dataset_mixed_positive
data_vi:1021,data_vi,,,,"Chủ đề: bạn đã thắng! bộ phận giải thưởng xổ số châu lục s . Một . c/o ? Donnell 306, 28830 Madrid Tây Ban Nha. ref : cl/es/ 1026 - 9172 lô : 31 - 2404 / 05 29 - 06 - 2005 . thông báo trúng thưởng. xin chúc mừng người chiến thắng hạng mục đầu tiên! bạn đã được chọn là một trong sáu người chiến thắng giải xổ số lục địa trên toàn thế giới , madrid - tây ban nha , bỏ phiếu trực tuyến , rút ​​thăm vào tháng 5 năm 2005 , do đó bạn sẽ có đặc quyền nhận giải thưởng lớn của ? 531, 220. 17 ( năm trăm ba ",1,,,,,,lottery_scam,promotion_discount;lottery_winner;prize_claim,review,medium,,,translated_dataset_mixed_positive
data_vi:230,data_vi,,,,"Chủ đề: xin chúc mừng công ty xổ số miễn phí trụ sở chính Vương quốc Anh 25 - 32, tháp sư tử trung tâm Luân Đôn nước Anh. www. xổ số tự do . com văn phòng chi nhánh công ty xổ số miễn phí suite 1105 ap zuid - oost amsterdam Hà Lan. Kính gửi người chiến thắng, chúng tôi vui mừng thông báo bạn là một trong những người may mắn trúng giải xổ số tự do tổ chức vào ngày 21 tháng 7 năm 2005. tất cả các địa chỉ chiến thắng, do đó bạn đã được chấp thuận nhận khoản thanh toán một lần từ chúng tôi là 1$. 50",1,,,,,,lottery_scam,promotion_discount;product_service_solicitation;large_fund_bait;lottery_winner;prize_claim,review,medium,,,translated_dataset_mixed_positive
data_vi:589,data_vi,Enron:10131,xlang_evidence_1b918cb043719f58575a,,Chủ đề: khiêu dâm p . ồ. : 10 bức ảnh miễn phí của bạn đang ở đây! Nakedmail bây giờ là phim khiêu dâm p. ồ. ! dưới đây là phần mới nhất của hình ảnh người lớn miễn phí từ trang khiêu dâm. ồ. - hình ảnh miễn phí hoàn toàn mới! bấm vào liên kết này để xem hình ảnh: http://65. 59 . 170 . 73 / pictures những hình ảnh miễn phí trong tuần này được tài trợ bởi các trang web sau : porn stars plus - http : / / www . pornstarsplus . com / pt = pmb 8834 được bình chọn là trang web diễn viên khiêu dâm tốt ,1,spam,Enron,high_confidence_curated_spam,high,linked_high_confidence_evidence,ambiguous,marketing_language,spam,high,,,translated_from_high_confidence_curated_spam_parent
data_vi:714,data_vi,Enron:9545,xlang_evidence_f566593317e1ee5133db,,"Chủ đề: [ wm ] ( không có chủ đề ) các vị khách thân mến của chúng tôi , hãy khám phá gà tây với những người mới bắt đầu ! ! đặt phòng khách sạn : bạn sẽ tìm thấy hơn 200 khách sạn trên khắp Thổ Nhĩ Kỳ , đã được lựa chọn cẩn thận . thông qua hệ thống đặt chỗ của chúng tôi, chúng tôi có thể đặt nhiều hơn 1. 000 khách sạn trên khắp châu Âu. tour du lịch tổ chức theo chương trình, tour tham quan, tour có hộ tống hoặc chương trình du lịch biển. chúng tôi có các chuyến tham quan vào những ngày cố địn",1,spam,Enron,high_confidence_curated_spam,high,linked_high_confidence_evidence,ambiguous,marketing_language,spam,high,,,translated_from_high_confidence_curated_spam_parent
data_vi:1069,data_vi,Enron:9365,xlang_evidence_5172ffcc3ac3957f5fe6,,"Chủ đề: đạt 100.000 nhà môi giới charset = windows - 1252 "" > các chuyên gia trong ngành thân mến, tầm quan trọng của Internet và những cơ hội mà nó mang lại cho một công ty là vô song trong năm 2005 và hơn thế nữa. việc tiếp cận công nghệ thông tin là rất quan trọng không chỉ để tiếp cận hàng nghìn khách hàng tiềm năng mới một cách tương đối dễ dàng nhưng để tiếp tục hợp lý hóa lợi nhuận của công ty bạn thì việc sử dụng tiếp thị qua email một cách hợp lý sẽ giảm chi phí đáng kể cho các phương t",1,spam,Enron,high_confidence_curated_spam,high,linked_high_confidence_evidence,commercial_spam,commercial_offer;marketing_language;product_service_solicitation,spam,high,,,translated_from_high_confidence_curated_spam_parent
data_vi:1135,data_vi,Enron:9168,xlang_evidence_f82a4bf397b703ddf8b7,,"Chủ đề: bán thư refi dưới chuẩn bán thư refi dưới chuẩn bạn có muốn hơn 50 refi mới trong hệ thống của mình trong tháng này không? nếu vậy , vui lòng cho chúng tôi biết hai điều : bạn muốn gọi đến loại người vay nào và bạn có thể xử lý bao nhiêu cuộc gọi mỗi tuần ? chúng tôi làm phần còn lại! chúng tôi có thể khiến điện thoại của bạn đổ chuông trong vòng 7 ngày. Các chiến dịch gửi thư trực tiếp chìa khóa trao tay bao gồm: 1. những mẩu thư mạnh mẽ đã được chứng minh 2 . Cơ sở dữ liệu được nhắm mụ",1,spam,Enron,high_confidence_curated_spam,high,linked_high_confidence_evidence,commercial_spam,commercial_offer;marketing_language,spam,high,,,translated_from_high_confidence_curated_spam_parent
data_vi:1148,data_vi,Enron:9717,xlang_evidence_ac17659a78ed5b287aeb,,"Chủ đề: nhìn kìa! tuyệt vọng tìm kiếm 100 người lười biếng. . . . ai muốn kiếm tiền đây không phải là thư rác. cảm ơn vì đã đăng bài lên các trang web quảng cáo của chúng tôi. nếu bạn không muốn nhận email từ chúng tôi theo địa chỉ email này nữa hoặc nếu bạn cảm thấy mình nhận được email này do nhầm lẫn, vui lòng gửi email đến giải pháp 244 @ hotmail. com với ""remove"" được đặt trong dòng chủ đề bạn thân mến, chúng tôi đang tìm kiếm 100 người lười biếng muốn kiếm nhiều tiền mà không cần làm việc.",1,spam,Enron,high_confidence_curated_spam,high,linked_high_confidence_evidence,commercial_spam,marketing_language;product_service_solicitation,spam,high,,,translated_from_high_confidence_curated_spam_parent
data_vi:1168,data_vi,Enron:9905,xlang_evidence_7176a7794762a1704c33,,"Chủ đề: đừng làm mất dữ liệu của bạn! ngăn chặn các sự cố máy tính trong tương lai với chi phí chỉ bằng một phần chi phí sửa chữa trang web và mẫu đơn đặt hàng: pro-techonline. com e - mail - info @ pro - techonline . com fax 206 - 937 - 4315 hãy gọi ngay hôm nay theo số 1 - 800 - 726 - 5997 để hiểu rõ môi trường vận hành mà hệ thống của bạn đang sử dụng , bản chất của máy tính là hút không khí vào để giữ cho các bộ phận của chúng luôn mát mẻ . người hâm mộ của họ làm việc 24/7 để luôn mát mẻ. v",1,spam,Enron,high_confidence_curated_spam,high,linked_high_confidence_evidence,commercial_spam,commercial_offer;promotion_discount;marketing_language;product_service_solicitation;promotional_call_to_action,spam,high,,,translated_from_high_confidence_curated_spam_parent
data_vi:1170,data_vi,Enron:29651,xlang_evidence_b1761715c4830971cca4,,"Chủ đề: cảnh báo động lực của grand- slam stox đưa ra từ ngày 6 - 8 tháng 7 năm 2005 sự lựa chọn bùng nổ cho các thành viên của chúng tôi - - lên 0 . 52 ( 13 . 16 %) ! thứ ba ngày 5 tháng 7! ! ! ! ! hãy xem thứ ba, ngày 5 tháng 7, giao dịch sôi động đã bắt đầu gấp 6 lần mức trung bình 10 ngày bình thường, hãy leo lên cầu thang lên thiên đường! ! ! ! chúc tất cả các nhà môi giới, nhà giao dịch trong ngày và báo cáo chứng khoán thế giới của nhà đầu tư một ngày tốt lành đã trở nên nổi tiếng với một",1,spam,Enron,high_confidence_curated_spam,high,linked_high_confidence_evidence,commercial_spam,commercial_offer;marketing_language,spam,high,,,translated_from_high_confidence_curated_spam_parent
data_vi:1213,data_vi,Enron:22684,xlang_evidence_7c349bd5323391cf0606,,"Chủ đề: bạn có thể đạt được mức lãi suất thấp nhất trong 30 năm. Một số cơ hội nhất định chỉ xuất hiện sau mỗi vài thập kỷ hoặc lâu hơn. đây là một. lý do tại sao bạn hỏi ? vì lãi suất cho vay mua nhà đang tăng lên . bạn đã chốt lãi suất thấp nhất trong gần ba mươi năm cho khoản vay mua nhà hiện tại của mình chưa? đã lâu rồi tỷ giá chưa thấp như thế này . có thể chúng sẽ không bao giờ ở mức thấp như vậy nữa. đây là cơ hội để bạn đảm bảo một tương lai tốt hơn. theo nghĩa đen, bạn có thể tiết kiệm",1,spam,Enron,high_confidence_curated_spam,high,linked_high_confidence_evidence,commercial_spam,commercial_offer;product_service_solicitation,spam,high,,,translated_from_high_confidence_curated_spam_parent
data_vi:1295,data_vi,Enron:9787,xlang_evidence_b599a94a489c10f2d2ba,,"Chủ đề: có làn da như người mẫu, chúng tôi sẽ tặng miễn phí cho bạn ống điêu khắc cơ thể đầu tiên! ! hãy để chúng tôi lập hóa đơn cho thẻ tín dụng của bạn với giá 5 đô la. 99 cho phí vận chuyển và xử lý và chúng tôi sẽ gửi miễn phí cho bạn chai điêu khắc cơ thể đầu tiên. bốn tuần sau khi bạn đặt hàng, thẻ tín dụng của bạn sẽ tự động bị tính phí 22 USD. 95 cộng thêm 5 đô la. 99 vận chuyển và xử lý và chai điêu khắc cơ thể tiếp theo của bạn sẽ được gửi đến địa chỉ gửi thư của bạn! bấm vào đây ! nế",1,spam,Enron,high_confidence_curated_spam,high,linked_high_confidence_evidence,commercial_spam,commercial_offer;marketing_language;product_service_solicitation,spam,high,,,translated_from_high_confidence_curated_spam_parent
data_vi:1307,data_vi,Enron:9407,xlang_evidence_35175936fd958970c8d0,,"Chủ đề: http://ira. abramov . org xin chào, tôi đã đến thăm ira. abramov . org và nhận thấy rằng trang web của bạn không được liệt kê trên một số công cụ tìm kiếm. tôi chắc chắn rằng thông qua dịch vụ của chúng tôi số lượng người truy cập trang web của bạn chắc chắn sẽ tăng lên. seekercenter là một công nghệ độc đáo giúp gửi trang web của bạn ngay lập tức tới hơn 500.000 công cụ tìm kiếm và thư mục - - một cách thực sự hiệu quả và chi phí thấp để quảng cáo trang web của bạn. để biết thêm chi tiế",1,spam,Enron,high_confidence_curated_spam,high,linked_high_confidence_evidence,commercial_spam,commercial_offer;marketing_language;product_service_solicitation,spam,high,,,translated_from_high_confidence_curated_spam_parent
data_vi:154,data_vi,Enron:10070,xlang_evidence_998ffbc7848d79d63a61,,"Chủ đề: 3 địa điểm miễn phí: orlando, las vegas, ft laud. chúc mừng bạn đã nhận được lời mời qua email đặc biệt này! ! ! những lời mời này chỉ được gửi đi. . . cho một nhóm cá nhân được chọn lọc như chính bạn . . . những người đã được xác nhận và đủ điều kiện để nhận được lời đề nghị ngoạn mục này! ! ! vui lòng nhấp vào liên kết bên dưới để đăng ký và nhận ba đêm lưu trú miễn phí tại ba (3) trong số chín (9) địa điểm đầy thú vị này! ! ! - orlando huyền diệu - las vegas. . . thành phố ánh sáng - ",1,spam,Enron,high_confidence_curated_spam,high,linked_high_confidence_evidence,commercial_spam,commercial_offer;promotion_discount;marketing_language;product_service_solicitation;password_or_login,spam,high,,,translated_from_high_confidence_curated_spam_parent
data_vi:181,data_vi,Enron:9865,xlang_evidence_c77a8555c060c6022df6,,"Chủ đề: đưa tôi qua bản tin tháng 7, đưa tôi qua bản tin venita vua "" đưa tôi qua huấn luyện viên "" tập 1 số 7 tháng 7 năm 2005 "" khơi dậy sức mạnh của cảm hứng . . . "" cảm ơn bạn đã đọc bản tin của tôi . bạn sẽ không giống như vậy, tôi hứa! đăng ký ngay hôm nay, nó miễn phí và vô giá. . . kể cho bạn bè về bản tin này tìm hiểu thêm về chương trình huấn luyện của venita luôn cập nhật thông tin cho tôi qua lời hứa của venita bạn xin hứa với tôi rằng tôi sẽ không chia sẻ thông tin liên hệ của bạn v",1,spam,Enron,high_confidence_curated_spam,high,linked_high_confidence_evidence,commercial_spam,commercial_offer;marketing_language;promotional_call_to_action,spam,high,,,translated_from_high_confidence_curated_spam_parent
data_vi:189,data_vi,Enron:10119,xlang_evidence_f4becf9bab8bf063bd75,,"Chủ đề: lá cờ đặc biệt giữa mùa hè: miễn phí vận chuyển Armstrong Flag Company mùa xuân đặc biệt: miễn phí vận chuyển đơn hàng ngay hôm nay và nhận một lá cờ ô tô miễn phí vận chuyển miễn phí cho tất cả các đơn hàng trên $35. 00 . khuyến mãi tốt đến hết ngày 30/6. không được kết hợp với bất kỳ khuyến mãi, ưu đãi hoặc giảm giá nào khác từ công ty Armstrong Flag. Hãy gọi ngay hôm nay: 1 - 800 - 458 - 0052 www. armstrongflag . com công ty cờ Armstrong 20 park st . winchester, ma 01890 thư điện tử n",1,spam,Enron,high_confidence_curated_spam,high,linked_high_confidence_evidence,commercial_spam,promotion_discount;marketing_language;promotional_call_to_action,spam,high,,,translated_from_high_confidence_curated_spam_parent
data_vi:227,data_vi,Enron:10554,xlang_evidence_498e5431a6efed08e8b4,,"Chủ đề: http://www. blomqvist . org xin chào, tôi đã truy cập www. blomqvist . org và nhận thấy rằng trang web của bạn không được liệt kê trên một số công cụ tìm kiếm. tôi chắc chắn rằng thông qua dịch vụ của chúng tôi số lượng người truy cập trang web của bạn chắc chắn sẽ tăng lên. seekercenter là một công nghệ độc đáo giúp gửi trang web của bạn ngay lập tức tới hơn 500.000 công cụ tìm kiếm và thư mục - - một cách thực sự hiệu quả và chi phí thấp để quảng cáo trang web của bạn. để biết thêm chi",1,spam,Enron,high_confidence_curated_spam,high,linked_high_confidence_evidence,commercial_spam,commercial_offer;marketing_language;product_service_solicitation,spam,high,,,translated_from_high_confidence_curated_spam_parent
data_vi:291,data_vi,Enron:10281,xlang_evidence_cae2c90212b50d09662d,,"Chủ đề: http://www. kirkbridebuildings . com xin chào, tôi đã ghé thăm www. kirkbridebuildings . com và nhận thấy rằng trang web của bạn không được liệt kê trên một số công cụ tìm kiếm. tôi chắc chắn rằng thông qua dịch vụ của chúng tôi số lượng người truy cập trang web của bạn chắc chắn sẽ tăng lên. seekercenter là một công nghệ độc đáo giúp gửi trang web của bạn ngay lập tức tới hơn 500.000 công cụ tìm kiếm và thư mục - - một cách thực sự hiệu quả và chi phí thấp để quảng cáo trang web của bạn",1,spam,Enron,high_confidence_curated_spam,high,linked_high_confidence_evidence,commercial_spam,commercial_offer;marketing_language;product_service_solicitation,spam,high,,,translated_from_high_confidence_curated_spam_parent
data_vi:403,data_vi,Enron:10260,xlang_evidence_8a72dbe9c83839677d06,,"Chủ đề: lời mời của nymex - tìm hiểu các nguyên tắc cơ bản về giao dịch quyền lực trong giao dịch quyền lực: ngày 15 - 16 tháng 9, chương trình giảm giá sớm của nymex ở New York hiện đã có hiệu lực! Các đại biểu của nymex power sẽ tìm hiểu: tổng quan về thị trường điện lực giao dịch mô phỏng bài tập các yếu tố thị trường công cụ giao dịch cơ bản trao đổi thương mại New York tùy chọn công cụ tài chính quyền chọn thực vai trò quản lý rủi ro xác định các loại rủi ro khác nhau phân tích vị trí quản ",1,spam,Enron,high_confidence_curated_spam,high,linked_high_confidence_evidence,commercial_spam,commercial_offer;promotion_discount;marketing_language;product_service_solicitation;promotional_call_to_action,spam,high,,,translated_from_high_confidence_curated_spam_parent
data_vi:515,data_vi,Enron:9852,xlang_evidence_cf8c330566c4348932fa,,"Chủ đề: thúc đẩy hoạt động kinh doanh của bạn sức mạnh của tiếp thị qua email Tiếp thị qua email đang lan rộng khắp thế giới vì tính hiệu quả cao, tốc độ và chi phí thấp. Bây giờ nếu bạn muốn giới thiệu và bán sản phẩm, dịch vụ của mình, hãy tìm đối tác để nâng cao danh tiếng cho website của mình. cách tốt nhất là để bạn gửi email liên hệ với khách hàng mục tiêu của bạn (tất nhiên, trước tiên, bạn phải biết địa chỉ email của họ). email được nhắm mục tiêu chắc chắn là rất hiệu quả. nếu bạn có thể",1,spam,Enron,high_confidence_curated_spam,high,linked_high_confidence_evidence,commercial_spam,commercial_offer;marketing_language;product_service_solicitation;bulk_distribution,spam,high,,,translated_from_high_confidence_curated_spam_parent
data_vi:516,data_vi,Enron:9816,xlang_evidence_2767cd822dbca6591e42,,"Chủ đề: các nhà tiếp thị qua điện thoại kiếm được 250 USD + cho mỗi khách hàng tiềm năng, công ty dịch vụ tài chính uio sẽ trả tối thiểu 250 USD. 00 ( tối đa là $ 1000 .00 ) cho mỗi khách hàng tiềm năng dẫn đến bán hàng . hiện tại nhiều nhà tiếp thị qua điện thoại của chúng tôi đang kiếm được hơn 5000 đô la. 00 một tháng! để biết thêm thông tin hãy gọi (402) 996 - 9002 và để lại thông tin liên lạc của bạn. chúng tôi sẽ liên lạc với bạn trong vòng 2 - 3 ngày làm việc. * * xin lưu ý rằng chúng tôi",1,spam,Enron,high_confidence_curated_spam,high,linked_high_confidence_evidence,commercial_spam,commercial_offer;marketing_language;product_service_solicitation,spam,high,,,translated_from_high_confidence_curated_spam_parent
data_vi:527,data_vi,Enron:9402,xlang_evidence_9581130c360e0fd4d351,,"Chủ đề: bạn có thể nhận báo giá từ 4 nhà cho vay lớn mà không cần cung cấp thông tin cá nhân ! tijqsemw bạn có thể nhận báo giá từ 4 người cho vay mà không cần thông tin cá nhân! greenspan sẽ nâng những con số ngoài tầm với , hãy thử với chúng tôi trước khi anh ấy làm được ! quảng cáo này được gửi cho bạn bởi một chi nhánh của Smartmortgageusa. nếu bạn có bất kỳ câu hỏi nào, bạn có thể liên hệ với chúng tôi tại: Offer Up, attn: Smartmortgageusa, p. ồ. hộp 78361, san francisco, ca 94107 - 8361. n",1,spam,Enron,high_confidence_curated_spam,high,linked_high_confidence_evidence,commercial_spam,commercial_offer;marketing_language;promotional_call_to_action,spam,high,,,translated_from_high_confidence_curated_spam_parent
data_vi:684,data_vi,Enron:10628,xlang_evidence_14aec5fad75dd8a8a443,,"Chủ đề: thương mại hóa công nghệ nasa này, tôi nghĩ bạn có thể muốn xem qua viaspace báo cáo Cohen viaspace được thành lập vào năm 1998 như một phần phụ của phòng thí nghiệm động cơ phản lực caltech / nasa (jpl) để biến đổi các công nghệ ban đầu được phát triển cho không gian và thị trường quốc phòng thành các doanh nghiệp thương mại có lợi nhuận. viaspace tìm kiếm cơ hội tại các thị trường tăng trưởng cao nhằm giải quyết các vấn đề có mức độ liên quan ngày càng tăng trên toàn cầu bằng cách tận ",1,spam,Enron,high_confidence_curated_spam,high,linked_high_confidence_evidence,commercial_spam,commercial_offer;marketing_language;product_service_solicitation;large_fund_bait,spam,high,,,translated_from_high_confidence_curated_spam_parent
data_vi:696,data_vi,Enron:9703,xlang_evidence_77fcef3d0bc0cd6392cf,,"Chủ đề: http://www. joelpittet . com xin chào, tôi đã ghé thăm www. joelpittet . com và nhận thấy rằng trang web của bạn không được liệt kê trên một số công cụ tìm kiếm. tôi chắc chắn rằng thông qua dịch vụ của chúng tôi số lượng người truy cập trang web của bạn chắc chắn sẽ tăng lên. seekercenter là một công nghệ độc đáo giúp gửi trang web của bạn ngay lập tức tới hơn 500.000 công cụ tìm kiếm và thư mục - - một cách thực sự hiệu quả và chi phí thấp để quảng cáo trang web của bạn. để biết thêm c",1,spam,Enron,high_confidence_curated_spam,high,linked_high_confidence_evidence,commercial_spam,commercial_offer;marketing_language;product_service_solicitation,spam,high,,,translated_from_high_confidence_curated_spam_parent
data_vi:719,data_vi,Enron:10642,xlang_evidence_daaa590ad298dbf60a6e,,"Chủ đề: Chia cổ phiếu kỳ hạn 4 tặng 1 - kết thúc vào thứ Hai, hãy xem thông tin này tôi vừa nhận được cho hllf dịch vụ tài chính halal hllf dịch vụ tài chính halal là cổng web đầu tiên ở Vương quốc Anh chỉ dành riêng cho các phương thức tài trợ halal cho người theo đạo Hồi và người không theo đạo Hồi Hiệp hội ngân hàng Anh trên toàn cầu ước tính rằng thị trường thế chấp Hồi giáo ở Anh hiện ở mức khoảng 9 USD. 2 tỷ họ tên điện thoại tin tức mới nhất ! Việc chia cổ phiếu kỳ hạn 4 tặng 1 kết thúc v",1,spam,Enron,high_confidence_curated_spam,high,linked_high_confidence_evidence,commercial_spam,commercial_offer;marketing_language;product_service_solicitation;large_fund_bait,spam,high,,,translated_from_high_confidence_curated_spam_parent
data_vi:812,data_vi,Enron:9161,xlang_evidence_7b51067f7b03fa46f93b,,"Chủ đề: đảm bảo tóc bạn sẽ mọc lại. . . 3 điều bạn nên biết về 1. 70 người đàn ông và phụ nữ bị rụng tóc. 2 . 70 người đàn ông và phụ nữ đã thử khám phá phép thuật mới về tóc. 3 . 70 người đàn ông và phụ nữ bắt đầu mọc tóc trở lại chỉ sau 4 tuần. đây là cơ hội để bạn tham gia cùng họ với chi phí chưa đến 2 đô la một ngày. . ! để đặt hàng ngay bây giờ hãy nhấp vào đây và truy cập trang web của chúng tôi, vâng, đúng vậy. tất cả 70 đối tượng đều mọc tóc trở lại. Đó là sự thật cốt yếu về Hairmagic, ",1,spam,Enron,high_confidence_curated_spam,high,linked_high_confidence_evidence,commercial_spam,commercial_offer;product_service_solicitation;promotional_call_to_action,spam,high,,,translated_from_high_confidence_curated_spam_parent
data_vi:831,data_vi,Enron:9525,xlang_evidence_773c8dad5d201693f260,,"Chủ đề: tốt nhất vừa trở nên tốt hơn nam , 55 tuổi , tốt nhất , $ 500 .000 số tiền mặt , phí bảo hiểm hàng năm ge bảo vệ trọn đời phí bảo hiểm trọn đời $ 6 , 252 csv = $ 1 @ tuổi 1002 $ 5 , 356 csv = mặt amt @ tuổi 1002 5 $ , 841 sản phẩm j $ 6 , 365 $ 7 , 699 $ 7 , 970 sản phẩm i $ 6 , 531 $ 6 , 809 $ 7 , 327 sản phẩm l $ 6 , 348 $ 6 , 250 $ 6 , 630 sản phẩm s $ 6 , 538 $ 5 , 709 $ 6 , 550 sản phẩm u $ 8 , 950 $ 5 , 827 $ 6 , 185 sản phẩm t $ 7 , 581 $ 6 , 729 $ 7 , 372 sản phẩm m $ 7 , 637 $ 6",1,spam,Enron,high_confidence_curated_spam,high,linked_high_confidence_evidence,commercial_spam,promotion_discount;marketing_language;product_service_solicitation,spam,high,,,translated_from_high_confidence_curated_spam_parent
data_vi:856,data_vi,Enron:10613,xlang_evidence_ab723eb8b67941be175b,,"Chủ đề: hãy trân trọng nó . . . . thân mến, chúng tôi tự hào giới thiệu với các bạn mẫu tranh tuyệt vời này của emile Louisius. chúng ta hãy cùng nhau đánh giá cao nó. creoart . thông tin com @ creoleart. com nếu bạn không nhìn thấy đồ họa bên dưới, hãy nhấp vào đây để xem trong cửa sổ mới. để đảm bảo giao hàng, vui lòng thêm liên hệ @ creoleart. com vào danh sách liên lạc của bạn. Emile Louisius sinh ngày 22 tháng 6 năm 1964 tại Jeremy. tự học, anh đã tự dạy mình vẽ tranh. anh ấy có buổi diễn o",1,spam,Enron,high_confidence_curated_spam,high,linked_high_confidence_evidence,commercial_spam,marketing_language;promotional_call_to_action,spam,high,,,translated_from_high_confidence_curated_spam_parent
data_vi:964,data_vi,Enron:10253,xlang_evidence_f246fce050853f55c784,,"Chủ đề: dịch vụ thời tiết trên điện thoại di động dành cho người hoạt động ngoài trời cỡ chữ: 12 px ; đệm : 5 px "" > dùng thử miễn phí : bắt đầu dùng thử miễn phí 14 ngày ngay bây giờ ! chốt ưu đãi giảm giá của bạn ! - hoặc - đăng ký ngay : bắt đầu đăng ký đầy đủ được giảm giá ngay lập tức ! nghe cảnh báo : nghe ví dụ mp 3 về cảnh báo lốc xoáy trên loa máy tính của bạn để biết thêm thông tin: hãy truy cập trang web Weatherwave để biết thêm thông tin. Nhận Weatherwave ngay bây giờ! về thời tiết c",1,spam,Enron,high_confidence_curated_spam,high,linked_high_confidence_evidence,commercial_spam,promotion_discount;marketing_language;product_service_solicitation,spam,high,,,translated_from_high_confidence_curated_spam_parent
